# Blender 4.4.3
# www.blender.org
mtllib Rocket.mtl
o Cylinder
v 0.000000 -4.208544 -4.285483
v 0.000000 6.179393 -4.310462
v 0.836056 -4.208543 -4.203139
v 0.840929 6.179393 -4.227638
v 1.639982 -4.208544 -3.959270
v 1.649542 6.179393 -3.982348
v 2.380885 -4.208544 -3.563248
v 2.394763 6.179393 -3.584018
v 3.030293 -4.208544 -3.030294
v 3.047956 6.179393 -3.047957
v 3.563247 -4.208544 -2.380886
v 3.584017 6.179393 -2.394765
v 3.959268 -4.208544 -1.639983
v 3.982346 6.179393 -1.649543
v 4.203136 -4.208544 -0.836056
v 4.227635 6.179393 -0.840929
v 4.285481 -4.208544 0.000000
v 4.310461 6.179393 -0.000000
v 4.203137 -4.208544 0.836056
v 4.227636 6.179393 0.840930
v 3.959268 -4.208544 1.639983
v 3.982346 6.179393 1.649543
v 3.563247 -4.208544 2.380887
v 3.584017 6.179393 2.394765
v 3.030292 -4.208544 3.030294
v 3.047956 6.179393 3.047957
v 2.380885 -4.208544 3.563249
v 2.394763 6.179393 3.584018
v 1.639982 -4.208544 3.959270
v 1.649542 6.179393 3.982347
v 0.836056 -4.208545 4.203138
v 0.840929 6.179393 4.227637
v 0.000000 -4.208545 4.285483
v 0.000000 6.179393 4.310462
v -0.836056 -4.208545 4.203138
v -0.840929 6.179393 4.227638
v -1.639982 -4.208545 3.959270
v -1.649542 6.179393 3.982348
v -2.380886 -4.208545 3.563248
v -2.394763 6.179393 3.584018
v -3.030293 -4.208545 3.030294
v -3.047956 6.179393 3.047957
v -3.563247 -4.208545 2.380886
v -3.584017 6.179393 2.394765
v -3.959267 -4.208546 1.639983
v -3.982346 6.179393 1.649543
v -4.203136 -4.208546 0.836056
v -4.227635 6.179393 0.840929
v -4.285480 -4.208546 0.000000
v -4.310461 6.179393 -0.000000
v -4.203136 -4.208546 -0.836056
v -4.227636 6.179393 -0.840930
v -3.959268 -4.208546 -1.639983
v -3.982346 6.179393 -1.649543
v -3.563247 -4.208546 -2.380887
v -3.584017 6.179393 -2.394765
v -3.030293 -4.208546 -3.030294
v -3.047956 6.179393 -3.047957
v -2.380886 -4.208546 -3.563249
v -2.394763 6.179393 -3.584018
v -1.639982 -4.208546 -3.959270
v -1.649542 6.179393 -3.982348
v -0.836056 -4.208546 -4.203138
v -0.840929 6.179393 -4.227637
v 0.000000 -1.841136 -5.428543
v -0.000000 0.626372 -5.603157
v 0.000000 3.295376 -5.403598
v 1.054189 3.295376 -5.299770
v 1.093121 0.626372 -5.495494
v 1.059056 -1.841136 -5.324235
v 2.067867 3.295376 -4.992274
v 2.144234 0.626372 -5.176642
v 2.077413 -1.841136 -5.015320
v 3.002077 3.295376 -4.492928
v 3.112946 0.626372 -4.658855
v 3.015935 -1.841136 -4.513669
v 3.820919 3.295376 -3.820920
v 3.962029 0.626372 -3.962030
v 3.838558 -1.841136 -3.838560
v 4.492926 3.295376 -3.002078
v 4.658853 0.626372 -3.112947
v 4.513667 -1.841136 -3.015937
v 4.992271 3.295376 -2.067868
v 5.176640 0.626372 -2.144236
v 5.015317 -1.841136 -2.077414
v 5.299767 3.295376 -1.054190
v 5.495492 0.626372 -1.093122
v 5.324233 -1.841136 -1.059056
v 5.403595 3.295376 0.000000
v 5.603154 0.626372 -0.000000
v 5.428540 -1.841136 0.000000
v 5.299767 3.295376 1.054190
v 5.495492 0.626372 1.093122
v 5.324233 -1.841136 1.059056
v 4.992272 3.295376 2.067868
v 5.176640 0.626372 2.144235
v 5.015317 -1.841136 2.077414
v 4.492926 3.295376 3.002078
v 4.658853 0.626372 3.112947
v 4.513667 -1.841136 3.015937
v 3.820919 3.295376 3.820921
v 3.962029 0.626372 3.962031
v 3.838558 -1.841136 3.838560
v 3.002077 3.295376 4.492928
v 3.112946 0.626372 4.658855
v 3.015935 -1.841136 4.513669
v 2.067867 3.295376 4.992274
v 2.144235 0.626372 5.176642
v 2.077413 -1.841136 5.015320
v 1.054189 3.295376 5.299769
v 1.093121 0.626372 5.495494
v 1.059056 -1.841136 5.324235
v -0.000000 3.295376 5.403598
v 0.000000 0.626372 5.603157
v -0.000000 -1.841136 5.428543
v -1.054189 3.295376 5.299770
v -1.093121 0.626372 5.495494
v -1.059056 -1.841136 5.324235
v -2.067867 3.295376 4.992274
v -2.144234 0.626372 5.176642
v -2.077413 -1.841136 5.015320
v -3.002077 3.295376 4.492928
v -3.112946 0.626372 4.658855
v -3.015935 -1.841136 4.513669
v -3.820919 3.295376 3.820920
v -3.962029 0.626372 3.962030
v -3.838558 -1.841136 3.838560
v -4.492926 3.295376 3.002078
v -4.658853 0.626372 3.112947
v -4.513667 -1.841136 3.015937
v -4.992271 3.295376 2.067868
v -5.176640 0.626372 2.144236
v -5.015317 -1.841136 2.077414
v -5.299767 3.295376 1.054190
v -5.495492 0.626372 1.093122
v -5.324233 -1.841136 1.059056
v -5.403595 3.295376 -0.000000
v -5.603154 0.626372 0.000000
v -5.428540 -1.841136 -0.000000
v -5.299767 3.295376 -1.054190
v -5.495492 0.626372 -1.093122
v -5.324233 -1.841136 -1.059056
v -4.992272 3.295376 -2.067868
v -5.176640 0.626372 -2.144235
v -5.015317 -1.841136 -2.077414
v -4.492926 3.295376 -3.002078
v -4.658853 0.626372 -3.112947
v -4.513667 -1.841136 -3.015937
v -3.820919 3.295376 -3.820921
v -3.962029 0.626372 -3.962031
v -3.838558 -1.841136 -3.838560
v -3.002077 3.295376 -4.492928
v -3.112946 0.626372 -4.658855
v -3.015935 -1.841136 -4.513669
v -2.067867 3.295376 -4.992274
v -2.144235 0.626372 -5.176642
v -2.077413 -1.841136 -5.015320
v -1.054189 3.295376 -5.299769
v -1.093121 0.626372 -5.495494
v -1.059056 -1.841136 -5.324235
v 0.000000 9.448361 -1.300600
v 0.253734 9.448359 -1.275609
v 0.497718 9.448357 -1.201598
v 0.722574 9.448357 -1.081409
v 0.919663 9.448357 -0.919663
v 1.081409 9.448357 -0.722575
v 1.201597 9.448362 -0.497718
v 1.275609 9.448362 -0.253735
v 1.300599 9.448357 -0.000000
v 1.275609 9.448357 0.253734
v 1.201597 9.448358 0.497718
v 1.081409 9.448358 0.722574
v 0.919663 9.448358 0.919663
v 0.722574 9.448358 1.081409
v 0.497718 9.448358 1.201597
v 0.253734 9.448359 1.275609
v 0.000000 9.448359 1.300600
v -0.253734 9.448359 1.275609
v -0.497718 9.448359 1.201597
v -0.722574 9.448359 1.081409
v -0.919662 9.448359 0.919663
v -1.081409 9.448359 0.722574
v -1.201597 9.448359 0.497718
v -1.275608 9.448359 0.253734
v -1.300599 9.448359 -0.000000
v -1.275609 9.448360 -0.253735
v -1.201597 9.448360 -0.497718
v -1.081409 9.448360 -0.722575
v -0.919662 9.448360 -0.919663
v -0.722574 9.448360 -1.081409
v -0.497718 9.448360 -1.201598
v -0.253734 9.448361 -1.275609
v 1.024990 -3.301817 -5.152977
v 2.010591 -3.301816 -4.853998
v 2.918925 -3.301816 -4.368482
v 3.715087 -3.301816 -3.715089
v 4.368480 -3.301817 -2.918926
v 4.853995 -3.301817 -2.010592
v 5.152974 -3.301817 -1.024991
v 5.253926 -3.301817 0.000000
v 5.152975 -3.301817 1.024991
v 4.853995 -3.301816 2.010592
v 4.368480 -3.301816 2.918926
v 3.715087 -3.301816 3.715089
v 2.918925 -3.301817 4.368483
v 2.010591 -3.301817 4.853997
v 1.024990 -3.301817 5.152976
v -0.000000 -3.301817 5.253929
v -1.024990 -3.301817 5.152977
v -2.010591 -3.301816 4.853998
v -2.918925 -3.301816 4.368482
v -3.715087 -3.301816 3.715089
v -4.368480 -3.301817 2.918926
v -4.853995 -3.301817 2.010592
v -5.152974 -3.301817 1.024991
v -5.253926 -3.301817 -0.000000
v -5.152975 -3.301817 -1.024991
v -4.853995 -3.301816 -2.010592
v -4.368480 -3.301816 -2.918926
v -3.715087 -3.301816 -3.715089
v -2.918925 -3.301817 -4.368483
v -2.010591 -3.301817 -4.853997
v -1.024990 -3.301817 -5.152976
v 0.000000 -3.301817 -5.253929
v 0.372029 -4.274782 -3.777271
v 0.422497 6.179393 -4.289690
v -0.000000 4.600267 -5.154705
v 0.984978 -3.868056 -4.951820
v 1.101789 -4.274782 -3.632113
v 1.251256 6.179393 -4.124839
v 1.932104 -3.868056 -4.664512
v 1.789208 -4.274782 -3.347374
v 2.031929 6.179393 -3.801474
v 2.804980 -3.868056 -4.197950
v 2.407869 -4.274782 -2.933998
v 2.734516 6.179393 -3.332019
v 3.570062 -3.868056 -3.570063
v 2.933997 -4.274782 -2.407870
v 3.332018 6.179393 -2.734518
v 4.197949 -3.868056 -2.804981
v 3.347373 -4.274782 -1.789209
v 3.801472 6.179393 -2.031930
v 4.664510 -3.868056 -1.932105
v 3.632110 -4.274782 -1.101789
v 4.124837 6.179393 -1.251256
v 4.951818 -3.868056 -0.984978
v 3.777269 -4.274782 -0.372029
v 4.289688 6.179393 -0.422498
v 5.048830 -3.868056 -0.000000
v 3.777269 -4.274782 0.372029
v 4.289688 6.179393 0.422498
v 4.951818 -3.868056 0.984978
v 3.632110 -4.274782 1.101789
v 4.124837 6.179393 1.251256
v 4.664510 -3.868056 1.932104
v 3.347373 -4.274782 1.789209
v 3.801472 6.179393 2.031930
v 4.197948 -3.868056 2.804981
v 2.933997 -4.274782 2.407870
v 3.332018 6.179393 2.734518
v 3.570062 -3.868056 3.570063
v 2.407869 -4.274782 2.933998
v 2.734516 6.179393 3.332019
v 2.804979 -3.868056 4.197951
v 1.789208 -4.274782 3.347374
v 2.031929 6.179393 3.801473
v 1.932103 -3.868056 4.664512
v 1.101789 -4.274782 3.632112
v 1.251256 6.179393 4.124839
v 0.984978 -3.868056 4.951820
v 0.372029 -4.274782 3.777271
v 0.422497 6.179393 4.289689
v 0.000000 -3.868057 5.048832
v -0.372029 -4.274782 3.777271
v -0.422497 6.179393 4.289690
v -0.984978 -3.868057 4.951820
v -1.101789 -4.274782 3.632113
v -1.251256 6.179393 4.124839
v -1.932104 -3.868057 4.664512
v -1.789208 -4.274782 3.347374
v -2.031929 6.179393 3.801474
v -2.804980 -3.868057 4.197950
v -2.407868 -4.274782 2.933998
v -2.734516 6.179393 3.332019
v -3.570062 -3.868057 3.570063
v -2.933997 -4.274782 2.407870
v -3.332018 6.179393 2.734518
v -4.197949 -3.868057 2.804981
v -3.347373 -4.274782 1.789209
v -3.801472 6.179393 2.031930
v -4.664510 -3.868057 1.932105
v -3.632111 -4.274782 1.101789
v -4.124837 6.179393 1.251256
v -4.951818 -3.868057 0.984978
v -3.777269 -4.274782 0.372029
v -4.289688 6.179393 0.422498
v -5.048830 -3.868057 0.000000
v -3.777269 -4.274782 -0.372029
v -4.289688 6.179393 -0.422498
v -4.951818 -3.868057 -0.984978
v -3.632111 -4.274782 -1.101789
v -4.124837 6.179393 -1.251256
v -4.664510 -3.868057 -1.932104
v -3.347373 -4.274782 -1.789209
v -3.801472 6.179393 -2.031930
v -4.197948 -3.868057 -2.804981
v -2.933997 -4.274782 -2.407870
v -3.332018 6.179393 -2.734518
v -3.570062 -3.868057 -3.570063
v -2.407869 -4.274782 -2.933998
v -2.734516 6.179393 -3.332020
v -2.804980 -3.868057 -4.197951
v -1.789208 -4.274782 -3.347374
v -2.031929 6.179393 -3.801473
v -1.932104 -3.868057 -4.664512
v -1.101789 -4.274782 -3.632112
v -1.251256 6.179393 -4.124839
v -0.984978 -3.868057 -4.951820
v -0.372029 -4.274782 -3.777271
v -0.422497 6.179393 -4.289690
v -0.000000 -2.665866 -5.331882
v -0.000000 -0.701772 -5.543913
v 0.000000 1.979704 -5.540795
v 1.005633 4.600267 -5.055658
v 1.080955 1.979704 -5.434330
v 1.081563 -0.701772 -5.437389
v 1.972619 4.600267 -4.762326
v 2.120370 1.979704 -5.119027
v 2.121563 -0.701772 -5.121908
v 2.863799 4.600267 -4.285980
v 3.078299 1.979704 -4.607003
v 3.080032 -0.701772 -4.609595
v 3.644924 4.600267 -3.644926
v 3.917932 1.979704 -3.917933
v 3.920137 -0.701772 -3.920139
v 4.285978 4.600267 -2.863801
v 4.607000 1.979704 -3.078301
v 4.609593 -0.701772 -3.080033
v 4.762323 4.600267 -1.972620
v 5.119025 1.979704 -2.120371
v 5.121906 -0.701772 -2.121564
v 5.055656 4.600267 -1.005633
v 5.434329 1.979704 -1.080956
v 5.437387 -0.701772 -1.081564
v 5.154702 4.600267 -0.000000
v 5.540792 1.979704 0.000000
v 5.543911 -0.701772 -0.000000
v 5.055656 4.600267 1.005633
v 5.434328 1.979704 1.080956
v 5.437387 -0.701772 1.081564
v 4.762323 4.600267 1.972620
v 5.119025 1.979704 2.120371
v 5.121906 -0.701772 2.121564
v 4.285978 4.600267 2.863800
v 4.607000 1.979704 3.078301
v 4.609593 -0.701772 3.080033
v 3.644925 4.600267 3.644926
v 3.917932 1.979704 3.917934
v 3.920137 -0.701772 3.920139
v 2.863799 4.600267 4.285980
v 3.078300 1.979704 4.607002
v 3.080032 -0.701772 4.609595
v 1.972619 4.600267 4.762326
v 2.120370 1.979704 5.119027
v 2.121563 -0.701772 5.121908
v 1.005633 4.600267 5.055658
v 1.080955 1.979704 5.434331
v 1.081563 -0.701772 5.437389
v 0.000000 4.600267 5.154705
v -0.000000 1.979704 5.540795
v 0.000000 -0.701772 5.543913
v -1.005633 4.600267 5.055658
v -1.080955 1.979704 5.434330
v -1.081563 -0.701772 5.437389
v -1.972619 4.600267 4.762326
v -2.120370 1.979704 5.119027
v -2.121563 -0.701772 5.121908
v -2.863799 4.600267 4.285980
v -3.078299 1.979704 4.607003
v -3.080032 -0.701772 4.609595
v -3.644924 4.600267 3.644926
v -3.917932 1.979704 3.917933
v -3.920137 -0.701772 3.920139
v -4.285978 4.600267 2.863801
v -4.607000 1.979704 3.078301
v -4.609593 -0.701772 3.080033
v -4.762323 4.600267 1.972620
v -5.119025 1.979704 2.120371
v -5.121906 -0.701772 2.121564
v -5.055656 4.600267 1.005633
v -5.434329 1.979704 1.080956
v -5.437387 -0.701772 1.081564
v -5.154702 4.600267 0.000000
v -5.540792 1.979704 -0.000000
v -5.543911 -0.701772 0.000000
v -5.055656 4.600267 -1.005633
v -5.434328 1.979704 -1.080956
v -5.437387 -0.701772 -1.081564
v -4.762323 4.600267 -1.972620
v -5.119025 1.979704 -2.120371
v -5.121906 -0.701772 -2.121564
v -4.285978 4.600267 -2.863800
v -4.607000 1.979704 -3.078301
v -4.609593 -0.701772 -3.080033
v -3.644925 4.600267 -3.644926
v -3.917932 1.979704 -3.917934
v -3.920137 -0.701772 -3.920139
v -2.863799 4.600267 -4.285980
v -3.078300 1.979704 -4.607002
v -3.080032 -0.701772 -4.609595
v -1.972619 4.600267 -4.762326
v -2.120370 1.979704 -5.119027
v -2.121563 -0.701772 -5.121908
v -1.005633 4.600267 -5.055658
v -1.080955 1.979704 -5.434331
v -1.081563 -0.701772 -5.437389
v -0.532088 -1.841136 -5.402382
v -0.549203 0.626372 -5.576155
v -0.529643 3.295376 -5.377558
v -1.575816 -1.841136 -5.194772
v -1.626504 0.626372 -5.361866
v -1.568575 3.295376 -5.170901
v -2.558987 -1.841136 -4.787529
v -2.641299 0.626372 -4.941525
v -2.547228 3.295376 -4.765530
v -3.443816 -1.841136 -4.196304
v -3.554590 0.626372 -4.331283
v -3.427991 3.295376 -4.177022
v -4.196302 -1.841136 -3.443818
v -4.331280 0.626372 -3.554592
v -4.177019 3.295376 -3.427993
v -4.787527 -1.841136 -2.558988
v -4.941523 0.626372 -2.641300
v -4.765528 3.295376 -2.547229
v -5.194769 -1.841136 -1.575817
v -5.361864 0.626372 -1.626505
v -5.170899 3.295376 -1.568576
v -5.402380 -1.841136 -0.532088
v -5.576152 0.626372 -0.549203
v -5.377555 3.295376 -0.529643
v -5.402380 -1.841136 0.532088
v -5.576152 0.626372 0.549203
v -5.377555 3.295376 0.529643
v -5.194769 -1.841136 1.575817
v -5.361864 0.626372 1.626505
v -5.170898 3.295376 1.568576
v -4.787527 -1.841136 2.558988
v -4.941522 0.626372 2.641300
v -4.765528 3.295376 2.547229
v -4.196302 -1.841136 3.443818
v -4.331281 0.626372 3.554591
v -4.177020 3.295376 3.427992
v -3.443816 -1.841136 4.196304
v -3.554590 0.626372 4.331282
v -3.427991 3.295376 4.177022
v -2.558987 -1.841136 4.787529
v -2.641299 0.626372 4.941525
v -2.547228 3.295376 4.765530
v -1.575816 -1.841136 5.194772
v -1.626504 0.626372 5.361867
v -1.568575 3.295376 5.170902
v -0.532088 -1.841136 5.402382
v -0.549203 0.626372 5.576155
v -0.529643 3.295376 5.377558
v 0.532088 -1.841136 5.402382
v 0.549203 0.626372 5.576155
v 0.529643 3.295376 5.377558
v 1.575816 -1.841136 5.194772
v 1.626504 0.626372 5.361866
v 1.568575 3.295376 5.170901
v 2.558987 -1.841136 4.787529
v 2.641299 0.626372 4.941525
v 2.547228 3.295376 4.765530
v 3.443816 -1.841136 4.196304
v 3.554590 0.626372 4.331283
v 3.427991 3.295376 4.177022
v 4.196302 -1.841136 3.443818
v 4.331280 0.626372 3.554592
v 4.177019 3.295376 3.427993
v 4.787527 -1.841136 2.558988
v 4.941523 0.626372 2.641300
v 4.765528 3.295376 2.547229
v 5.194769 -1.841136 1.575817
v 5.361864 0.626372 1.626505
v 5.170899 3.295376 1.568576
v 5.402380 -1.841136 0.532088
v 5.576152 0.626372 0.549203
v 5.377555 3.295376 0.529643
v 5.402380 -1.841136 -0.532088
v 5.576152 0.626372 -0.549203
v 5.377555 3.295376 -0.529643
v 5.194769 -1.841136 -1.575817
v 5.361864 0.626372 -1.626505
v 5.170898 3.295376 -1.568576
v 4.787527 -1.841136 -2.558988
v 4.941522 0.626372 -2.641300
v 4.765528 3.295376 -2.547229
v 4.196302 -1.841136 -3.443818
v 4.331281 0.626372 -3.554591
v 4.177020 3.295376 -3.427992
v 3.443816 -1.841136 -4.196304
v 3.554590 0.626372 -4.331282
v 3.427991 3.295376 -4.177022
v 2.558987 -1.841136 -4.787529
v 2.641299 0.626372 -4.941525
v 2.547228 3.295376 -4.765530
v 1.575816 -1.841136 -5.194772
v 1.626504 0.626372 -5.361867
v 1.568575 3.295376 -5.170902
v 0.532088 -1.841136 -5.402382
v 0.549203 0.626372 -5.576155
v 0.529643 3.295376 -5.377558
v 0.099813 9.717523 -1.013422
v 0.295604 9.717523 -0.974477
v 0.480035 9.717523 -0.898083
v 0.646019 9.717523 -0.787176
v 0.787176 9.717523 -0.646019
v 0.898082 9.717523 -0.480035
v 0.974476 9.717523 -0.295604
v 1.013421 9.717523 -0.099813
v 1.013421 9.717523 0.099813
v 0.974476 9.717523 0.295604
v 0.898082 9.717523 0.480035
v 0.787176 9.717523 0.646019
v 0.646018 9.717523 0.787176
v 0.480035 9.717523 0.898083
v 0.295604 9.717523 0.974476
v 0.099813 9.717523 1.013422
v -0.099813 9.717523 1.013422
v -0.295604 9.717523 0.974476
v -0.480035 9.717523 0.898083
v -0.646018 9.717523 0.787176
v -0.787176 9.717523 0.646019
v -0.898082 9.717523 0.480035
v -0.974476 9.717523 0.295604
v -1.013421 9.717523 0.099813
v -1.013421 9.717523 -0.099813
v -0.974476 9.717523 -0.295604
v -0.898082 9.717523 -0.480035
v -0.787176 9.717523 -0.646019
v -0.646018 9.717523 -0.787176
v -0.480035 9.717523 -0.898083
v -0.295604 9.717523 -0.974477
v -0.099813 9.717523 -1.013422
v 2.432658 8.116645 -1.007641
v 2.582496 8.116645 -0.513691
v 0.513690 8.116645 2.582497
v 0.000000 8.116645 2.633092
v -2.633090 8.116645 -0.000000
v -2.582496 8.116645 -0.513691
v 1.007640 8.116645 -2.432659
v 1.462867 8.116645 -2.189335
v 2.189334 8.116645 1.462867
v 1.861876 8.116645 1.861877
v -1.861876 8.116645 1.861877
v -2.189334 8.116645 1.462867
v -1.462867 8.116645 -2.189335
v -1.007640 8.116645 -2.432659
v 2.633091 8.116645 -0.000000
v -0.513690 8.116645 2.582497
v -2.432658 8.116645 -1.007640
v 1.861876 8.116645 -1.861877
v 1.462867 8.116645 2.189335
v -2.432658 8.116645 1.007640
v -0.513690 8.116645 -2.582497
v 2.582496 8.116645 0.513691
v -1.007640 8.116645 2.432659
v -2.189334 8.116645 -1.462867
v 2.189334 8.116645 -1.462867
v 1.007640 8.116645 2.432659
v -2.582496 8.116645 0.513691
v 0.000000 8.116645 -2.633092
v 0.513690 8.116645 -2.582497
v 2.432658 8.116645 1.007640
v -1.462866 8.116645 2.189335
v -1.861876 8.116645 -1.861877
v 1.040198 -2.665866 -5.229432
v 2.040422 -2.665866 -4.926016
v 2.962233 -2.665866 -4.433297
v 3.770208 -2.665866 -3.770210
v 4.433295 -2.665866 -2.962235
v 4.926014 -2.665866 -2.040423
v 5.229428 -2.665866 -1.040199
v 5.331879 -2.665866 -0.000000
v 5.229429 -2.665866 1.040199
v 4.926014 -2.665866 2.040423
v 4.433295 -2.665866 2.962234
v 3.770208 -2.665866 3.770210
v 2.962233 -2.665866 4.433297
v 2.040422 -2.665866 4.926017
v 1.040198 -2.665866 5.229431
v 0.000000 -2.665866 5.331882
v -1.040198 -2.665866 5.229432
v -2.040422 -2.665866 4.926016
v -2.962233 -2.665866 4.433297
v -3.770208 -2.665866 3.770210
v -4.433295 -2.665866 2.962235
v -4.926014 -2.665866 2.040423
v -5.229428 -2.665866 1.040199
v -5.331879 -2.665866 0.000000
v -5.229429 -2.665866 -1.040199
v -4.926014 -2.665866 -2.040423
v -4.433295 -2.665866 -2.962234
v -3.770208 -2.665866 -3.770210
v -2.962233 -2.665866 -4.433297
v -2.040422 -2.665866 -4.926017
v -1.040198 -2.665866 -5.229431
v -0.000000 -3.868056 -5.048832
v 0.514973 -3.301816 -5.228609
v 1.525129 -3.301816 -5.027677
v 2.476674 -3.301816 -4.633533
v 3.333043 -3.301816 -4.061326
v 4.061324 -3.301816 -3.333045
v 4.633532 -3.301816 -2.476676
v 5.027675 -3.301816 -1.525129
v 5.228607 -3.301816 -0.514973
v 5.228607 -3.301816 0.514973
v 5.027675 -3.301816 1.525129
v 4.633532 -3.301816 2.476676
v 4.061324 -3.301816 3.333044
v 3.333043 -3.301816 4.061326
v 2.476674 -3.301816 4.633533
v 1.525128 -3.301816 5.027678
v 0.514973 -3.301816 5.228609
v -0.514973 -3.301816 5.228609
v -1.525129 -3.301816 5.027677
v -2.476674 -3.301816 4.633533
v -3.333043 -3.301816 4.061326
v -4.061324 -3.301816 3.333045
v -4.633532 -3.301816 2.476676
v -5.027675 -3.301816 1.525129
v -5.228607 -3.301816 0.514973
v -5.228607 -3.301816 -0.514973
v -5.027675 -3.301816 -1.525129
v -4.633532 -3.301816 -2.476676
v -4.061324 -3.301816 -3.333044
v -3.333043 -3.301816 -4.061326
v -2.476674 -3.301816 -4.633533
v -1.525128 -3.301816 -5.027678
v -0.514973 -3.301816 -5.228609
v 0.505247 4.600267 -5.129863
v 1.496325 4.600267 -4.932725
v 2.429900 4.600267 -4.546025
v 3.270095 4.600267 -3.984625
v 3.984623 4.600267 -3.270097
v 4.546023 4.600267 -2.429901
v 4.932723 4.600267 -1.496326
v 5.129861 4.600267 -0.505247
v 5.129861 4.600267 0.505247
v 4.932723 4.600267 1.496326
v 4.546023 4.600267 2.429901
v 3.984623 4.600267 3.270097
v 3.270096 4.600267 3.984625
v 2.429900 4.600267 4.546026
v 1.496325 4.600267 4.932725
v 0.505247 4.600267 5.129863
v -0.505247 4.600267 5.129863
v -1.496325 4.600267 4.932725
v -2.429900 4.600267 4.546025
v -3.270095 4.600267 3.984625
v -3.984623 4.600267 3.270097
v -4.546023 4.600267 2.429901
v -4.932723 4.600267 1.496326
v -5.129861 4.600267 0.505247
v -5.129861 4.600267 -0.505247
v -4.932723 4.600267 -1.496326
v -4.546023 4.600267 -2.429901
v -3.984623 4.600267 -3.270097
v -3.270096 4.600267 -3.984625
v -2.429900 4.600267 -4.546026
v 2.493060 8.143177 -0.756262
v -1.496325 4.600267 -4.932725
v -0.505247 4.600267 -5.129863
v 0.000000 -4.487185 0.000000
v -0.522613 -2.665866 -5.306187
v -0.543396 -0.701772 -5.517197
v -0.543091 1.979704 -5.514093
v -1.547757 -2.665866 -5.102273
v -1.609306 -0.701772 -5.305173
v -1.608401 1.979704 -5.302188
v -2.513421 -2.665866 -4.702281
v -2.613371 -0.701772 -4.889276
v -2.611902 1.979704 -4.886526
v -3.382495 -2.665866 -4.121584
v -3.517006 -0.701772 -4.285486
v -3.515028 1.979704 -4.283075
v -4.121583 -2.665866 -3.382497
v -4.285484 -0.701772 -3.517008
v -4.283074 1.979704 -3.515029
v -4.702279 -2.665866 -2.513422
v -4.889273 -0.701772 -2.613373
v -4.886523 1.979704 -2.611902
v -5.102271 -2.665866 -1.547758
v -5.305171 -0.701772 -1.609307
v -5.302187 1.979704 -1.608402
v -5.306184 -2.665866 -0.522614
v -5.517193 -0.701772 -0.543396
v -5.514090 1.979704 -0.543091
v -5.306184 -2.665866 0.522614
v -5.517194 -0.701772 0.543396
v -5.514091 1.979704 0.543091
v -5.102271 -2.665866 1.547758
v -5.305171 -0.701772 1.609307
v -5.302186 1.979704 1.608402
v -4.702280 -2.665866 2.513422
v -4.889273 -0.701772 2.613373
v -4.886524 1.979704 2.611903
v -4.121582 -2.665866 3.382497
v -4.285484 -0.701772 3.517008
v -4.283073 1.979704 3.515029
v -3.382495 -2.665866 4.121584
v -3.517006 -0.701772 4.285486
v -3.515028 1.979704 4.283076
v -2.513421 -2.665866 4.702281
v -2.613371 -0.701772 4.889276
v -2.611901 1.979704 4.886526
v -1.547757 -2.665866 5.102273
v -1.609306 -0.701772 5.305173
v -1.608401 1.979704 5.302189
v -0.522614 -2.665866 5.306187
v -0.543396 -0.701772 5.517196
v -0.543091 1.979704 5.514093
v 0.522613 -2.665866 5.306187
v 0.543396 -0.701772 5.517197
v 0.543091 1.979704 5.514093
v 1.547757 -2.665866 5.102273
v 1.609306 -0.701772 5.305173
v 1.608401 1.979704 5.302188
v 2.513421 -2.665866 4.702281
v 2.613371 -0.701772 4.889276
v 2.611902 1.979704 4.886526
v 3.382495 -2.665866 4.121584
v 3.517006 -0.701772 4.285486
v 3.515028 1.979704 4.283075
v 4.121583 -2.665866 3.382497
v 4.285484 -0.701772 3.517008
v 4.283074 1.979704 3.515029
v 4.702279 -2.665866 2.513422
v 4.889273 -0.701772 2.613373
v 4.886523 1.979704 2.611902
v 5.102271 -2.665866 1.547758
v 5.305171 -0.701772 1.609307
v 5.302187 1.979704 1.608402
v 5.306184 -2.665866 0.522614
v 5.517193 -0.701772 0.543396
v 5.514090 1.979704 0.543091
v 5.306184 -2.665866 -0.522614
v 5.517194 -0.701772 -0.543396
v 5.514091 1.979704 -0.543091
v 5.102271 -2.665866 -1.547758
v 5.305171 -0.701772 -1.609307
v 5.302186 1.979704 -1.608402
v 4.702280 -2.665866 -2.513422
v 4.889273 -0.701772 -2.613373
v 4.886524 1.979704 -2.611903
v 4.121582 -2.665866 -3.382497
v 4.285484 -0.701772 -3.517008
v 4.283073 1.979704 -3.515029
v 3.382495 -2.665866 -4.121584
v 3.517006 -0.701772 -4.285486
v 3.515028 1.979704 -4.283076
v 2.513421 -2.665866 -4.702281
v 2.613371 -0.701772 -4.889276
v 2.611901 1.979704 -4.886526
v 1.547757 -2.665866 -5.102273
v 1.609306 -0.701772 -5.305173
v 1.608401 1.979704 -5.302189
v 0.522614 -2.665866 -5.306187
v 0.543396 -0.701772 -5.517196
v 0.543091 1.979704 -5.514093
v 0.000000 10.580723 -0.000000
v 0.255358 8.143177 2.592697
v -2.592696 8.143177 -0.255358
v 1.228102 8.143177 -2.297618
v 2.013879 8.143177 1.652748
v -2.013879 8.143177 1.652748
v -1.228102 8.143177 -2.297618
v 2.592696 8.143177 -0.255358
v -0.255358 8.143177 2.592697
v -2.493060 8.143177 -0.756262
v 1.652747 8.143177 -2.013880
v 1.652747 8.143177 2.013880
v -2.297617 8.143177 1.228102
v -0.756261 8.143177 -2.493061
v 2.592696 8.143177 0.255358
v -0.756261 8.143177 2.493061
v -2.297617 8.143177 -1.228103
v 2.013879 8.143177 -1.652748
v 1.228102 8.143177 2.297618
v -2.493060 8.143177 0.756262
v 0.255358 8.143177 -2.592697
v -0.255358 8.143177 -2.592697
v 2.493060 8.143177 0.756262
v -1.228102 8.143177 2.297618
v -2.013879 8.143177 -1.652748
v 2.297617 8.143177 -1.228103
v 0.756261 8.143177 2.493061
v -2.592696 8.143177 0.255358
v 0.756261 8.143177 -2.493061
v 2.297617 8.143177 1.228102
v -1.652747 8.143177 2.013880
v -1.652747 8.143177 -2.013880
v 0.490965 -3.874586 -4.984854
v 1.454028 -3.874586 -4.793289
v 2.361212 -3.874586 -4.417520
v 3.177658 -3.874586 -3.871989
v 3.871987 -3.874586 -3.177659
v 4.417518 -3.874586 -2.361213
v 4.793286 -3.874586 -1.454028
v 4.984851 -3.874586 -0.490965
v 4.984851 -3.874586 0.490965
v 4.793286 -3.874586 1.454028
v 4.417518 -3.874586 2.361214
v 3.871987 -3.874586 3.177659
v 3.177658 -3.874586 3.871989
v 2.361212 -3.874586 4.417520
v 1.454027 -3.874586 4.793289
v 0.490965 -3.874586 4.984854
v -0.490965 -3.874586 4.984854
v -1.454028 -3.874586 4.793289
v -2.361212 -3.874586 4.417520
v -3.177658 -3.874586 3.871989
v -3.871987 -3.874586 3.177659
v -4.417518 -3.874586 2.361213
v -4.793286 -3.874586 1.454028
v -4.984851 -3.874586 0.490965
v -4.984851 -3.874586 -0.490965
v -4.793286 -3.874586 -1.454028
v -4.417518 -3.874586 -2.361214
v -3.871987 -3.874586 -3.177659
v -3.177658 -3.874586 -3.871989
v -2.361212 -3.874586 -4.417520
v -1.454027 -3.874586 -4.793289
v -0.490965 -3.874586 -4.984854
vn 0.0482 0.1871 -0.9811
vn 0.0433 0.4710 -0.8811
vn 0.1294 0.4710 -0.8726
vn 0.1441 0.1871 -0.9717
vn 0.2387 0.1871 -0.9529
vn 0.2144 0.4710 -0.8557
vn 0.2971 0.4710 -0.8306
vn 0.3309 0.1871 -0.9249
vn 0.4200 0.1871 -0.8880
vn 0.3772 0.4710 -0.7974
vn 0.4535 0.4710 -0.7566
vn 0.5050 0.1871 -0.8426
vn 0.5852 0.1871 -0.7890
vn 0.5255 0.4710 -0.7085
vn 0.5924 0.4710 -0.6536
vn 0.6597 0.1871 -0.7279
vn 0.7279 0.1871 -0.6597
vn 0.6536 0.4710 -0.5924
vn 0.7085 0.4710 -0.5255
vn 0.7890 0.1871 -0.5852
vn 0.8426 0.1871 -0.5050
vn 0.7566 0.4710 -0.4535
vn 0.7974 0.4710 -0.3772
vn 0.8880 0.1871 -0.4200
vn 0.9249 0.1871 -0.3309
vn 0.8306 0.4710 -0.2971
vn 0.8557 0.4710 -0.2144
vn 0.9529 0.1871 -0.2387
vn 0.9717 0.1871 -0.1441
vn 0.8726 0.4710 -0.1294
vn 0.8811 0.4710 -0.0433
vn 0.9811 0.1871 -0.0482
vn 0.9811 0.1871 0.0482
vn 0.8811 0.4710 0.0433
vn 0.8726 0.4710 0.1294
vn 0.9717 0.1871 0.1441
vn 0.9529 0.1871 0.2387
vn 0.8557 0.4710 0.2144
vn 0.8306 0.4710 0.2971
vn 0.9249 0.1871 0.3309
vn 0.8880 0.1871 0.4200
vn 0.7974 0.4710 0.3772
vn 0.7566 0.4710 0.4535
vn 0.8426 0.1871 0.5050
vn 0.7890 0.1871 0.5852
vn 0.7085 0.4710 0.5255
vn 0.6536 0.4710 0.5924
vn 0.7279 0.1871 0.6597
vn 0.6597 0.1871 0.7279
vn 0.5924 0.4710 0.6536
vn 0.5255 0.4710 0.7085
vn 0.5852 0.1871 0.7890
vn 0.5050 0.1871 0.8426
vn 0.4535 0.4710 0.7566
vn 0.3772 0.4710 0.7974
vn 0.4200 0.1871 0.8880
vn 0.3309 0.1871 0.9249
vn 0.2971 0.4710 0.8306
vn 0.2144 0.4710 0.8557
vn 0.2387 0.1871 0.9529
vn 0.1441 0.1871 0.9717
vn 0.1294 0.4710 0.8726
vn 0.0433 0.4710 0.8811
vn 0.0482 0.1871 0.9811
vn -0.0482 0.1871 0.9811
vn -0.0433 0.4710 0.8811
vn -0.1294 0.4710 0.8726
vn -0.1441 0.1871 0.9717
vn -0.2387 0.1871 0.9529
vn -0.2144 0.4710 0.8557
vn -0.2971 0.4710 0.8306
vn -0.3309 0.1871 0.9249
vn -0.4200 0.1871 0.8880
vn -0.3772 0.4710 0.7974
vn -0.4535 0.4710 0.7566
vn -0.5050 0.1871 0.8426
vn -0.5852 0.1871 0.7890
vn -0.5255 0.4710 0.7085
vn -0.5924 0.4710 0.6536
vn -0.6597 0.1871 0.7279
vn -0.7279 0.1871 0.6597
vn -0.6536 0.4710 0.5924
vn -0.7085 0.4710 0.5255
vn -0.7890 0.1871 0.5852
vn -0.8426 0.1871 0.5050
vn -0.7566 0.4710 0.4535
vn -0.7974 0.4710 0.3772
vn -0.8880 0.1871 0.4200
vn -0.9249 0.1871 0.3309
vn -0.8306 0.4710 0.2971
vn -0.8557 0.4710 0.2144
vn -0.9529 0.1871 0.2387
vn -0.9717 0.1871 0.1441
vn -0.8726 0.4710 0.1294
vn -0.8811 0.4710 0.0433
vn -0.9811 0.1871 0.0482
vn -0.9811 0.1871 -0.0482
vn -0.8811 0.4710 -0.0433
vn -0.8726 0.4710 -0.1294
vn -0.9717 0.1871 -0.1441
vn -0.9529 0.1871 -0.2387
vn -0.8557 0.4710 -0.2144
vn -0.8306 0.4710 -0.2971
vn -0.9249 0.1871 -0.3309
vn -0.8880 0.1871 -0.4200
vn -0.7974 0.4710 -0.3772
vn -0.7566 0.4710 -0.4535
vn -0.8426 0.1871 -0.5050
vn -0.7890 0.1871 -0.5852
vn -0.7085 0.4710 -0.5255
vn -0.6536 0.4710 -0.5924
vn -0.7279 0.1871 -0.6597
vn -0.6597 0.1871 -0.7279
vn -0.5924 0.4710 -0.6536
vn -0.5255 0.4710 -0.7085
vn -0.5852 0.1871 -0.7890
vn -0.5050 0.1871 -0.8426
vn -0.4535 0.4710 -0.7566
vn -0.3772 0.4710 -0.7974
vn -0.4200 0.1871 -0.8880
vn 0.7319 0.6547 -0.1889
vn 0.7135 0.6547 -0.2496
vn 0.6727 0.7081 -0.2144
vn 0.6785 0.7081 -0.1955
vn -0.3309 0.1871 -0.9249
vn -0.2971 0.4710 -0.8306
vn -0.2144 0.4710 -0.8557
vn -0.2387 0.1871 -0.9529
vn -0.1441 0.1871 -0.9717
vn -0.1294 0.4710 -0.8726
vn -0.0433 0.4710 -0.8811
vn -0.0482 0.1871 -0.9811
vn -0.0000 -0.9979 -0.0649
vn 0.0127 -0.9979 -0.0636
vn 0.0248 -0.9979 -0.0599
vn 0.0360 -0.9979 -0.0539
vn 0.0459 -0.9979 -0.0459
vn 0.0539 -0.9979 -0.0360
vn 0.0599 -0.9979 -0.0248
vn 0.0636 -0.9979 -0.0127
vn 0.0649 -0.9979 -0.0000
vn 0.0636 -0.9979 0.0127
vn 0.0599 -0.9979 0.0248
vn 0.0539 -0.9979 0.0360
vn 0.0459 -0.9979 0.0459
vn 0.0360 -0.9979 0.0539
vn 0.0248 -0.9979 0.0599
vn 0.0127 -0.9979 0.0636
vn -0.0000 -0.9979 0.0649
vn -0.0127 -0.9979 0.0636
vn -0.0248 -0.9979 0.0599
vn -0.0360 -0.9979 0.0539
vn -0.0459 -0.9979 0.0459
vn -0.0539 -0.9979 0.0360
vn -0.0599 -0.9979 0.0248
vn -0.0636 -0.9979 0.0127
vn -0.0649 -0.9979 -0.0000
vn -0.0636 -0.9979 -0.0127
vn -0.0599 -0.9979 -0.0248
vn -0.0539 -0.9979 -0.0360
vn -0.0459 -0.9979 -0.0459
vn -0.0360 -0.9979 -0.0539
vn -0.0248 -0.9979 -0.0599
vn -0.0127 -0.9979 -0.0636
vn -0.1456 -0.1215 -0.9819
vn -0.1457 -0.1163 -0.9825
vn -0.0488 -0.1163 -0.9920
vn -0.0487 -0.1215 -0.9914
vn -0.1459 -0.1006 -0.9842
vn -0.1465 -0.0445 -0.9882
vn -0.0491 -0.0445 -0.9978
vn -0.0489 -0.1006 -0.9937
vn -0.1465 0.0460 -0.9881
vn -0.1459 0.1036 -0.9839
vn -0.0488 0.1036 -0.9934
vn -0.0491 0.0460 -0.9977
vn -0.3344 -0.1215 -0.9346
vn -0.3346 -0.1163 -0.9352
vn -0.2414 -0.1163 -0.9634
vn -0.2412 -0.1215 -0.9628
vn -0.3351 -0.1006 -0.9368
vn -0.3365 -0.0445 -0.9406
vn -0.2428 -0.0445 -0.9691
vn -0.2418 -0.1006 -0.9651
vn -0.3365 0.0460 -0.9406
vn -0.3350 0.1036 -0.9365
vn -0.2417 0.1036 -0.9648
vn -0.2428 0.0460 -0.9690
vn -0.5103 -0.1215 -0.8514
vn -0.5106 -0.1163 -0.8519
vn -0.4247 -0.1163 -0.8978
vn -0.4244 -0.1215 -0.8973
vn -0.5115 -0.1006 -0.8534
vn -0.5136 -0.0445 -0.8569
vn -0.4272 -0.0445 -0.9031
vn -0.4254 -0.1006 -0.8994
vn -0.5135 0.0460 -0.8568
vn -0.5113 0.1036 -0.8531
vn -0.4253 0.1036 -0.8991
vn -0.4271 0.0460 -0.9030
vn -0.6666 -0.1215 -0.7355
vn -0.6670 -0.1163 -0.7360
vn -0.5917 -0.1163 -0.7977
vn -0.5913 -0.1215 -0.7972
vn -0.6681 -0.1006 -0.7372
vn -0.6709 -0.0445 -0.7402
vn -0.5951 -0.0445 -0.8024
vn -0.5927 -0.1006 -0.7991
vn -0.6708 0.0460 -0.7402
vn -0.6679 0.1036 -0.7370
vn -0.5925 0.1036 -0.7989
vn -0.5951 0.0460 -0.8023
vn -0.7972 -0.1215 -0.5913
vn -0.7977 -0.1163 -0.5917
vn -0.7360 -0.1163 -0.6670
vn -0.7355 -0.1215 -0.6666
vn -0.7991 -0.1006 -0.5927
vn -0.8024 -0.0445 -0.5951
vn -0.7402 -0.0445 -0.6709
vn -0.7372 -0.1006 -0.6681
vn -0.8023 0.0460 -0.5951
vn -0.7989 0.1036 -0.5925
vn -0.7370 0.1036 -0.6679
vn -0.7402 0.0460 -0.6708
vn -0.8973 -0.1215 -0.4244
vn -0.8978 -0.1163 -0.4247
vn -0.8519 -0.1163 -0.5106
vn -0.8514 -0.1215 -0.5103
vn -0.8994 -0.1006 -0.4254
vn -0.9031 -0.0445 -0.4272
vn -0.8569 -0.0445 -0.5136
vn -0.8534 -0.1006 -0.5115
vn -0.9030 0.0460 -0.4271
vn -0.8991 0.1036 -0.4253
vn -0.8531 0.1036 -0.5113
vn -0.8568 0.0460 -0.5135
vn -0.9628 -0.1215 -0.2412
vn -0.9634 -0.1163 -0.2414
vn -0.9352 -0.1163 -0.3346
vn -0.9346 -0.1215 -0.3344
vn -0.9651 -0.1006 -0.2418
vn -0.9691 -0.0445 -0.2428
vn -0.9406 -0.0445 -0.3365
vn -0.9368 -0.1006 -0.3351
vn -0.9690 0.0460 -0.2428
vn -0.9648 0.1036 -0.2417
vn -0.9365 0.1036 -0.3350
vn -0.9406 0.0460 -0.3365
vn -0.9914 -0.1215 -0.0487
vn -0.9920 -0.1163 -0.0488
vn -0.9825 -0.1163 -0.1457
vn -0.9819 -0.1215 -0.1456
vn -0.9937 -0.1006 -0.0489
vn -0.9978 -0.0445 -0.0491
vn -0.9882 -0.0445 -0.1465
vn -0.9842 -0.1006 -0.1459
vn -0.9977 0.0460 -0.0491
vn -0.9934 0.1036 -0.0488
vn -0.9839 0.1036 -0.1459
vn -0.9881 0.0460 -0.1465
vn -0.9819 -0.1215 0.1456
vn -0.9825 -0.1163 0.1457
vn -0.9920 -0.1163 0.0488
vn -0.9914 -0.1215 0.0487
vn -0.9842 -0.1006 0.1459
vn -0.9882 -0.0445 0.1465
vn -0.9978 -0.0445 0.0491
vn -0.9937 -0.1006 0.0489
vn -0.9881 0.0460 0.1465
vn -0.9839 0.1036 0.1459
vn -0.9934 0.1036 0.0488
vn -0.9977 0.0460 0.0491
vn -0.9346 -0.1215 0.3344
vn -0.9352 -0.1163 0.3346
vn -0.9634 -0.1163 0.2414
vn -0.9628 -0.1215 0.2412
vn -0.9368 -0.1006 0.3351
vn -0.9406 -0.0445 0.3365
vn -0.9691 -0.0445 0.2428
vn -0.9651 -0.1006 0.2418
vn -0.9406 0.0460 0.3365
vn -0.9365 0.1036 0.3350
vn -0.9648 0.1036 0.2417
vn -0.9690 0.0460 0.2428
vn -0.8514 -0.1215 0.5103
vn -0.8519 -0.1163 0.5106
vn -0.8978 -0.1163 0.4247
vn -0.8973 -0.1215 0.4244
vn -0.8534 -0.1006 0.5115
vn -0.8569 -0.0445 0.5136
vn -0.9031 -0.0445 0.4272
vn -0.8994 -0.1006 0.4254
vn -0.8568 0.0460 0.5135
vn -0.8531 0.1036 0.5113
vn -0.8991 0.1036 0.4253
vn -0.9030 0.0460 0.4271
vn -0.7355 -0.1215 0.6666
vn -0.7360 -0.1163 0.6670
vn -0.7977 -0.1163 0.5917
vn -0.7972 -0.1215 0.5913
vn -0.7372 -0.1006 0.6681
vn -0.7402 -0.0445 0.6709
vn -0.8024 -0.0445 0.5951
vn -0.7991 -0.1006 0.5927
vn -0.7402 0.0460 0.6708
vn -0.7370 0.1036 0.6679
vn -0.7989 0.1036 0.5925
vn -0.8023 0.0460 0.5951
vn -0.5913 -0.1215 0.7972
vn -0.5917 -0.1163 0.7977
vn -0.6670 -0.1163 0.7360
vn -0.6666 -0.1215 0.7355
vn -0.5927 -0.1006 0.7991
vn -0.5951 -0.0445 0.8024
vn -0.6709 -0.0445 0.7402
vn -0.6681 -0.1006 0.7372
vn -0.5951 0.0460 0.8023
vn -0.5925 0.1036 0.7989
vn -0.6679 0.1036 0.7370
vn -0.6708 0.0460 0.7402
vn -0.4244 -0.1215 0.8973
vn -0.4247 -0.1163 0.8978
vn -0.5106 -0.1163 0.8519
vn -0.5103 -0.1215 0.8514
vn -0.4254 -0.1006 0.8994
vn -0.4272 -0.0445 0.9031
vn -0.5136 -0.0445 0.8569
vn -0.5115 -0.1006 0.8534
vn -0.4271 0.0460 0.9030
vn -0.4253 0.1036 0.8991
vn -0.5113 0.1036 0.8531
vn -0.5135 0.0460 0.8568
vn -0.2412 -0.1215 0.9628
vn -0.2414 -0.1163 0.9634
vn -0.3346 -0.1163 0.9352
vn -0.3344 -0.1215 0.9346
vn -0.2418 -0.1006 0.9651
vn -0.2428 -0.0445 0.9691
vn -0.3365 -0.0445 0.9406
vn -0.3351 -0.1006 0.9368
vn -0.2428 0.0460 0.9690
vn -0.2417 0.1036 0.9648
vn -0.3350 0.1036 0.9365
vn -0.3365 0.0460 0.9406
vn -0.0487 -0.1215 0.9914
vn -0.0488 -0.1163 0.9920
vn -0.1457 -0.1163 0.9825
vn -0.1456 -0.1215 0.9819
vn -0.0489 -0.1006 0.9937
vn -0.0491 -0.0445 0.9978
vn -0.1465 -0.0445 0.9882
vn -0.1459 -0.1006 0.9842
vn -0.0491 0.0460 0.9977
vn -0.0488 0.1036 0.9934
vn -0.1459 0.1036 0.9839
vn -0.1465 0.0460 0.9881
vn 0.1456 -0.1215 0.9819
vn 0.1457 -0.1163 0.9825
vn 0.0488 -0.1163 0.9920
vn 0.0487 -0.1215 0.9914
vn 0.1459 -0.1006 0.9842
vn 0.1465 -0.0445 0.9882
vn 0.0491 -0.0445 0.9978
vn 0.0489 -0.1006 0.9937
vn 0.1465 0.0460 0.9881
vn 0.1459 0.1036 0.9839
vn 0.0488 0.1036 0.9934
vn 0.0491 0.0460 0.9977
vn 0.3344 -0.1215 0.9346
vn 0.3346 -0.1163 0.9352
vn 0.2414 -0.1163 0.9634
vn 0.2412 -0.1215 0.9628
vn 0.3351 -0.1006 0.9368
vn 0.3365 -0.0445 0.9406
vn 0.2428 -0.0445 0.9691
vn 0.2418 -0.1006 0.9651
vn 0.3365 0.0460 0.9406
vn 0.3350 0.1036 0.9365
vn 0.2417 0.1036 0.9648
vn 0.2428 0.0460 0.9690
vn 0.5103 -0.1215 0.8514
vn 0.5106 -0.1163 0.8519
vn 0.4247 -0.1163 0.8978
vn 0.4244 -0.1215 0.8973
vn 0.5115 -0.1006 0.8534
vn 0.5136 -0.0445 0.8569
vn 0.4272 -0.0445 0.9031
vn 0.4254 -0.1006 0.8994
vn 0.5135 0.0460 0.8568
vn 0.5113 0.1036 0.8531
vn 0.4253 0.1036 0.8991
vn 0.4271 0.0460 0.9030
vn 0.6666 -0.1215 0.7355
vn 0.6670 -0.1163 0.7360
vn 0.5917 -0.1163 0.7977
vn 0.5913 -0.1215 0.7972
vn 0.6681 -0.1006 0.7372
vn 0.6709 -0.0445 0.7402
vn 0.5951 -0.0445 0.8024
vn 0.5927 -0.1006 0.7991
vn 0.6708 0.0460 0.7402
vn 0.6679 0.1036 0.7370
vn 0.5925 0.1036 0.7989
vn 0.5951 0.0460 0.8023
vn 0.7972 -0.1215 0.5913
vn 0.7977 -0.1163 0.5917
vn 0.7360 -0.1163 0.6670
vn 0.7355 -0.1215 0.6666
vn 0.7991 -0.1006 0.5927
vn 0.8024 -0.0445 0.5951
vn 0.7402 -0.0445 0.6709
vn 0.7372 -0.1006 0.6681
vn 0.8023 0.0460 0.5951
vn 0.7989 0.1036 0.5925
vn 0.7370 0.1036 0.6679
vn 0.7402 0.0460 0.6708
vn 0.8973 -0.1215 0.4244
vn 0.8978 -0.1163 0.4247
vn 0.8519 -0.1163 0.5106
vn 0.8514 -0.1215 0.5103
vn 0.8994 -0.1006 0.4254
vn 0.9031 -0.0445 0.4272
vn 0.8569 -0.0445 0.5136
vn 0.8534 -0.1006 0.5115
vn 0.9030 0.0460 0.4271
vn 0.8991 0.1036 0.4253
vn 0.8531 0.1036 0.5113
vn 0.8568 0.0460 0.5135
vn 0.9628 -0.1215 0.2412
vn 0.9634 -0.1163 0.2414
vn 0.9352 -0.1163 0.3346
vn 0.9346 -0.1215 0.3344
vn 0.9651 -0.1006 0.2418
vn 0.9691 -0.0445 0.2428
vn 0.9406 -0.0445 0.3365
vn 0.9368 -0.1006 0.3351
vn 0.9690 0.0460 0.2428
vn 0.9648 0.1036 0.2417
vn 0.9365 0.1036 0.3350
vn 0.9406 0.0460 0.3365
vn 0.9914 -0.1215 0.0487
vn 0.9920 -0.1163 0.0488
vn 0.9825 -0.1163 0.1457
vn 0.9819 -0.1215 0.1456
vn 0.9937 -0.1006 0.0489
vn 0.9978 -0.0445 0.0491
vn 0.9882 -0.0445 0.1465
vn 0.9842 -0.1006 0.1459
vn 0.9977 0.0460 0.0491
vn 0.9934 0.1036 0.0488
vn 0.9839 0.1036 0.1459
vn 0.9881 0.0460 0.1465
vn 0.9819 -0.1215 -0.1456
vn 0.9825 -0.1163 -0.1457
vn 0.9920 -0.1163 -0.0488
vn 0.9914 -0.1215 -0.0487
vn 0.9842 -0.1006 -0.1459
vn 0.9882 -0.0445 -0.1465
vn 0.9978 -0.0445 -0.0491
vn 0.9937 -0.1006 -0.0489
vn 0.9881 0.0460 -0.1465
vn 0.9839 0.1036 -0.1459
vn 0.9934 0.1036 -0.0488
vn 0.9977 0.0460 -0.0491
vn 0.9346 -0.1215 -0.3344
vn 0.9352 -0.1163 -0.3346
vn 0.9634 -0.1163 -0.2414
vn 0.9628 -0.1215 -0.2412
vn 0.9368 -0.1006 -0.3351
vn 0.9406 -0.0445 -0.3365
vn 0.9691 -0.0445 -0.2428
vn 0.9651 -0.1006 -0.2418
vn 0.9406 0.0460 -0.3365
vn 0.9365 0.1036 -0.3350
vn 0.9648 0.1036 -0.2417
vn 0.9690 0.0460 -0.2428
vn 0.8514 -0.1215 -0.5103
vn 0.8519 -0.1163 -0.5106
vn 0.8978 -0.1163 -0.4247
vn 0.8973 -0.1215 -0.4244
vn 0.8534 -0.1006 -0.5115
vn 0.8569 -0.0445 -0.5136
vn 0.9031 -0.0445 -0.4272
vn 0.8994 -0.1006 -0.4254
vn 0.8568 0.0460 -0.5135
vn 0.8531 0.1036 -0.5113
vn 0.8991 0.1036 -0.4253
vn 0.9030 0.0460 -0.4271
vn 0.7355 -0.1215 -0.6666
vn 0.7360 -0.1163 -0.6670
vn 0.7977 -0.1163 -0.5917
vn 0.7972 -0.1215 -0.5913
vn 0.7372 -0.1006 -0.6681
vn 0.7402 -0.0445 -0.6709
vn 0.8024 -0.0445 -0.5951
vn 0.7991 -0.1006 -0.5927
vn 0.7402 0.0460 -0.6708
vn 0.7370 0.1036 -0.6679
vn 0.7989 0.1036 -0.5925
vn 0.8023 0.0460 -0.5951
vn 0.5913 -0.1215 -0.7972
vn 0.5917 -0.1163 -0.7977
vn 0.6670 -0.1163 -0.7360
vn 0.6666 -0.1215 -0.7355
vn 0.5927 -0.1006 -0.7991
vn 0.5951 -0.0445 -0.8024
vn 0.6709 -0.0445 -0.7402
vn 0.6681 -0.1006 -0.7372
vn 0.5951 0.0460 -0.8023
vn 0.5925 0.1036 -0.7989
vn 0.6679 0.1036 -0.7370
vn 0.6708 0.0460 -0.7402
vn 0.4244 -0.1215 -0.8973
vn 0.4247 -0.1163 -0.8978
vn 0.5106 -0.1163 -0.8519
vn 0.5103 -0.1215 -0.8514
vn 0.4254 -0.1006 -0.8994
vn 0.4272 -0.0445 -0.9031
vn 0.5136 -0.0445 -0.8569
vn 0.5115 -0.1006 -0.8534
vn 0.4271 0.0460 -0.9030
vn 0.4253 0.1036 -0.8991
vn 0.5113 0.1036 -0.8531
vn 0.5135 0.0460 -0.8568
vn 0.2412 -0.1215 -0.9628
vn 0.2414 -0.1163 -0.9634
vn 0.3346 -0.1163 -0.9352
vn 0.3344 -0.1215 -0.9346
vn 0.2418 -0.1006 -0.9651
vn 0.2428 -0.0445 -0.9691
vn 0.3365 -0.0445 -0.9406
vn 0.3351 -0.1006 -0.9368
vn 0.2428 0.0460 -0.9690
vn 0.2417 0.1036 -0.9648
vn 0.3350 0.1036 -0.9365
vn 0.3365 0.0460 -0.9406
vn 0.0487 -0.1215 -0.9914
vn 0.0488 -0.1163 -0.9920
vn 0.1457 -0.1163 -0.9825
vn 0.1456 -0.1215 -0.9819
vn 0.0489 -0.1006 -0.9937
vn 0.0491 -0.0445 -0.9978
vn 0.1465 -0.0445 -0.9882
vn 0.1459 -0.1006 -0.9842
vn 0.0491 0.0460 -0.9977
vn 0.0488 0.1036 -0.9934
vn 0.1459 0.1036 -0.9839
vn 0.1465 0.0460 -0.9881
vn 0.1281 0.7542 -0.6440
vn -0.0000 0.7542 -0.6566
vn -0.1281 0.7542 -0.6440
vn -0.2513 0.7542 -0.6067
vn -0.3648 0.7542 -0.5460
vn -0.4643 0.7542 -0.4643
vn -0.5460 0.7542 -0.3648
vn -0.6067 0.7542 -0.2513
vn -0.6440 0.7542 -0.1281
vn -0.6566 0.7542 -0.0000
vn -0.6440 0.7542 0.1281
vn -0.6067 0.7542 0.2513
vn -0.5460 0.7542 0.3648
vn -0.4643 0.7542 0.4643
vn -0.3648 0.7542 0.5460
vn -0.2513 0.7542 0.6067
vn -0.1281 0.7542 0.6440
vn -0.0000 0.7542 0.6566
vn 0.1281 0.7542 0.6440
vn 0.2513 0.7542 0.6067
vn 0.3648 0.7542 0.5460
vn 0.4643 0.7542 0.4643
vn 0.5460 0.7542 0.3648
vn 0.6067 0.7542 0.2513
vn 0.6440 0.7542 0.1281
vn 0.6566 0.7542 -0.0000
vn 0.6440 0.7542 -0.1281
vn 0.6067 0.7542 -0.2513
vn 0.5460 0.7542 -0.3648
vn 0.4643 0.7542 -0.4643
vn 0.3648 0.7542 -0.5460
vn 0.2513 0.7542 -0.6067
vn 0.0425 0.6547 0.7547
vn 0.1056 0.6547 0.7485
vn 0.0790 0.7081 0.7016
vn 0.0594 0.7081 0.7036
vn -0.7485 0.6547 -0.1056
vn -0.7547 0.6547 -0.0425
vn -0.7036 0.7081 -0.0594
vn -0.7016 0.7081 -0.0790
vn 0.3840 0.6547 -0.6511
vn 0.3281 0.6547 -0.6810
vn 0.3241 0.7081 -0.6273
vn 0.3415 0.7081 -0.6180
vn 0.5637 0.6547 0.5036
vn 0.6039 0.6547 0.4546
vn 0.5520 0.7081 0.4402
vn 0.5395 0.7081 0.4555
vn -0.6039 0.6547 0.4546
vn -0.5637 0.6547 0.5036
vn -0.5395 0.7081 0.4555
vn -0.5520 0.7081 0.4402
vn -0.3281 0.6547 -0.6810
vn -0.3840 0.6547 -0.6511
vn -0.3415 0.7081 -0.6180
vn -0.3241 0.7081 -0.6273
vn 0.7547 0.6547 -0.0425
vn 0.7485 0.6547 -0.1056
vn 0.7016 0.7081 -0.0790
vn 0.7036 0.7081 -0.0593
vn -0.1056 0.6547 0.7485
vn -0.0425 0.6547 0.7547
vn -0.0594 0.7081 0.7036
vn -0.0791 0.7081 0.7016
vn -0.7135 0.6547 -0.2496
vn -0.7319 0.6547 -0.1889
vn -0.6785 0.7081 -0.1955
vn -0.6727 0.7081 -0.2144
vn 0.5036 0.6547 -0.5637
vn 0.4546 0.6547 -0.6039
vn 0.4402 0.7081 -0.5520
vn 0.4555 0.7081 -0.5395
vn 0.4546 0.6547 0.6039
vn 0.5036 0.6547 0.5637
vn 0.4555 0.7081 0.5395
vn 0.4402 0.7081 0.5520
vn -0.6810 0.6547 0.3281
vn -0.6511 0.6547 0.3840
vn -0.6180 0.7081 0.3415
vn -0.6273 0.7081 0.3241
vn -0.1889 0.6547 -0.7319
vn -0.2496 0.6547 -0.7135
vn -0.2144 0.7081 -0.6727
vn -0.1955 0.7081 -0.6785
vn 0.7485 0.6547 0.1056
vn 0.7547 0.6547 0.0425
vn 0.7036 0.7081 0.0593
vn 0.7016 0.7081 0.0791
vn -0.2496 0.6547 0.7135
vn -0.1889 0.6547 0.7319
vn -0.1955 0.7081 0.6785
vn -0.2144 0.7081 0.6727
vn -0.6511 0.6547 -0.3840
vn -0.6810 0.6547 -0.3281
vn -0.6273 0.7081 -0.3241
vn -0.6180 0.7081 -0.3415
vn 0.6039 0.6547 -0.4546
vn 0.5637 0.6547 -0.5036
vn 0.5395 0.7081 -0.4555
vn 0.5520 0.7081 -0.4402
vn 0.3281 0.6547 0.6810
vn 0.3840 0.6547 0.6511
vn 0.3415 0.7081 0.6180
vn 0.3241 0.7081 0.6273
vn -0.7319 0.6547 0.1889
vn -0.7135 0.6547 0.2496
vn -0.6727 0.7081 0.2144
vn -0.6785 0.7081 0.1955
vn 0.1056 0.6547 -0.7485
vn 0.0425 0.6547 -0.7547
vn 0.0594 0.7081 -0.7036
vn 0.0790 0.7081 -0.7016
vn -0.0425 0.6547 -0.7547
vn -0.1056 0.6547 -0.7485
vn -0.0790 0.7081 -0.7016
vn -0.0594 0.7081 -0.7036
vn 0.7135 0.6547 0.2496
vn 0.7319 0.6547 0.1889
vn 0.6785 0.7081 0.1955
vn 0.6727 0.7081 0.2144
vn -0.3840 0.6547 0.6511
vn -0.3281 0.6547 0.6810
vn -0.3241 0.7081 0.6273
vn -0.3415 0.7081 0.6180
vn -0.5637 0.6547 -0.5036
vn -0.6039 0.6547 -0.4546
vn -0.5520 0.7081 -0.4402
vn -0.5395 0.7081 -0.4555
vn 0.6810 0.6547 -0.3281
vn 0.6511 0.6547 -0.3840
vn 0.6180 0.7081 -0.3415
vn 0.6273 0.7081 -0.3241
vn 0.1889 0.6547 0.7319
vn 0.2496 0.6547 0.7135
vn 0.2144 0.7081 0.6727
vn 0.1955 0.7081 0.6785
vn -0.7547 0.6547 0.0425
vn -0.7485 0.6547 0.1056
vn -0.7016 0.7081 0.0790
vn -0.7036 0.7081 0.0594
vn 0.2496 0.6547 -0.7135
vn 0.1889 0.6547 -0.7319
vn 0.1955 0.7081 -0.6785
vn 0.2144 0.7081 -0.6727
vn 0.6511 0.6547 0.3840
vn 0.6810 0.6547 0.3281
vn 0.6273 0.7081 0.3241
vn 0.6180 0.7081 0.3415
vn -0.5036 0.6547 0.5637
vn -0.4546 0.6547 0.6039
vn -0.4402 0.7081 0.5520
vn -0.4555 0.7081 0.5395
vn -0.4546 0.6547 -0.6039
vn -0.5036 0.6547 -0.5637
vn -0.4555 0.7081 -0.5395
vn -0.4402 0.7081 -0.5520
vn 0.1472 -0.9288 -0.3402
vn 0.0799 -0.3669 -0.9268
vn 0.1025 -0.3669 -0.9246
vn -0.0780 -0.9288 -0.3623
vn 0.2107 -0.9288 -0.3049
vn 0.2592 -0.3669 -0.8934
vn 0.2809 -0.3669 -0.8868
vn -0.0058 -0.9288 -0.3706
vn 0.2662 -0.9288 -0.2579
vn 0.4285 -0.3669 -0.8257
vn 0.4485 -0.3669 -0.8150
vn 0.0666 -0.9288 -0.3646
vn 0.3114 -0.9288 -0.2010
vn 0.5813 -0.3669 -0.7262
vn 0.5989 -0.3669 -0.7119
vn 0.1364 -0.9288 -0.3446
vn 0.3446 -0.9288 -0.1364
vn 0.7119 -0.3669 -0.5989
vn 0.7262 -0.3669 -0.5813
vn 0.2010 -0.9288 -0.3114
vn 0.3646 -0.9288 -0.0666
vn 0.8150 -0.3669 -0.4485
vn 0.8257 -0.3669 -0.4285
vn 0.2579 -0.9288 -0.2662
vn 0.3706 -0.9288 0.0058
vn 0.8868 -0.3669 -0.2809
vn 0.8934 -0.3669 -0.2592
vn 0.3049 -0.9288 -0.2107
vn 0.3623 -0.9288 0.0780
vn 0.9246 -0.3669 -0.1025
vn 0.9268 -0.3669 -0.0799
vn 0.3402 -0.9288 -0.1472
vn 0.3402 -0.9288 0.1472
vn 0.9268 -0.3669 0.0799
vn 0.9246 -0.3669 0.1025
vn 0.3623 -0.9288 -0.0780
vn 0.3049 -0.9288 0.2107
vn 0.8934 -0.3669 0.2592
vn 0.8868 -0.3669 0.2809
vn 0.3706 -0.9288 -0.0058
vn 0.2579 -0.9288 0.2662
vn 0.8257 -0.3669 0.4285
vn 0.8150 -0.3669 0.4485
vn 0.3646 -0.9288 0.0666
vn 0.2010 -0.9288 0.3114
vn 0.7262 -0.3669 0.5813
vn 0.7119 -0.3669 0.5989
vn 0.3446 -0.9288 0.1364
vn 0.1364 -0.9288 0.3446
vn 0.5989 -0.3669 0.7119
vn 0.5813 -0.3669 0.7262
vn 0.3114 -0.9288 0.2010
vn 0.0666 -0.9288 0.3646
vn 0.4485 -0.3669 0.8150
vn 0.4285 -0.3669 0.8257
vn 0.2662 -0.9288 0.2579
vn -0.0058 -0.9288 0.3706
vn 0.2809 -0.3669 0.8868
vn 0.2592 -0.3669 0.8934
vn 0.2108 -0.9288 0.3049
vn -0.0780 -0.9288 0.3623
vn 0.1025 -0.3669 0.9246
vn 0.0799 -0.3669 0.9268
vn 0.1472 -0.9288 0.3402
vn -0.1472 -0.9288 0.3402
vn -0.0799 -0.3669 0.9268
vn -0.1025 -0.3669 0.9246
vn 0.0780 -0.9288 0.3623
vn -0.2107 -0.9288 0.3049
vn -0.2592 -0.3669 0.8934
vn -0.2809 -0.3669 0.8868
vn 0.0058 -0.9288 0.3706
vn -0.2662 -0.9288 0.2579
vn -0.4285 -0.3669 0.8257
vn -0.4485 -0.3669 0.8150
vn -0.0666 -0.9288 0.3646
vn -0.3114 -0.9288 0.2010
vn -0.5813 -0.3669 0.7262
vn -0.5989 -0.3669 0.7119
vn -0.1364 -0.9288 0.3446
vn -0.3446 -0.9288 0.1364
vn -0.7119 -0.3669 0.5989
vn -0.7262 -0.3669 0.5813
vn -0.2010 -0.9288 0.3114
vn -0.3646 -0.9288 0.0666
vn -0.8150 -0.3669 0.4485
vn -0.8257 -0.3669 0.4285
vn -0.2579 -0.9288 0.2662
vn -0.3706 -0.9288 -0.0058
vn -0.8868 -0.3669 0.2809
vn -0.8934 -0.3669 0.2592
vn -0.3049 -0.9288 0.2108
vn -0.3623 -0.9288 -0.0780
vn -0.9246 -0.3669 0.1025
vn -0.9268 -0.3669 0.0799
vn -0.3402 -0.9288 0.1472
vn -0.3402 -0.9288 -0.1472
vn -0.9268 -0.3669 -0.0799
vn -0.9246 -0.3669 -0.1025
vn -0.3623 -0.9288 0.0780
vn -0.3049 -0.9288 -0.2108
vn -0.8934 -0.3669 -0.2592
vn -0.8868 -0.3669 -0.2809
vn -0.3706 -0.9288 0.0058
vn -0.2579 -0.9288 -0.2662
vn -0.8257 -0.3669 -0.4285
vn -0.8150 -0.3669 -0.4485
vn -0.3646 -0.9288 -0.0666
vn -0.2010 -0.9288 -0.3114
vn -0.7262 -0.3669 -0.5813
vn -0.7119 -0.3669 -0.5989
vn -0.3446 -0.9288 -0.1364
vn -0.1364 -0.9288 -0.3446
vn -0.5989 -0.3669 -0.7119
vn -0.5813 -0.3669 -0.7262
vn -0.3114 -0.9288 -0.2010
vn -0.0666 -0.9288 -0.3646
vn -0.4485 -0.3669 -0.8150
vn -0.4285 -0.3669 -0.8257
vn -0.2662 -0.9288 -0.2579
vn 0.0058 -0.9288 -0.3706
vn -0.2809 -0.3669 -0.8868
vn -0.2592 -0.3669 -0.8934
vn -0.2108 -0.9288 -0.3049
vn 0.0780 -0.9288 -0.3623
vn -0.1025 -0.3669 -0.9246
vn -0.0799 -0.3669 -0.9268
vn -0.1472 -0.9288 -0.3402
vt 0.180216 0.464032
vt 0.179578 0.418658
vt 0.198110 0.418683
vt 0.199277 0.464056
vt 0.179040 0.374627
vt 0.196986 0.374674
vt 0.214931 0.374720
vt 0.216303 0.418753
vt 0.217968 0.464129
vt 0.233934 0.418872
vt 0.236111 0.464251
vt 0.231836 0.374857
vt 0.248740 0.374995
vt 0.250899 0.419035
vt 0.253531 0.464419
vt 0.267031 0.419203
vt 0.270158 0.464476
vt 0.263954 0.375218
vt 0.279168 0.375441
vt 0.282751 0.419239
vt 0.286335 0.463037
vt 0.322442 0.464448
vt 0.326562 0.420611
vt 0.339961 0.420427
vt 0.336243 0.465736
vt 0.330682 0.376774
vt 0.343619 0.376408
vt 0.356556 0.376042
vt 0.353913 0.420106
vt 0.350641 0.465520
vt 0.368996 0.419782
vt 0.366118 0.465185
vt 0.371768 0.375742
vt 0.386981 0.375441
vt 0.385046 0.419492
vt 0.382644 0.464888
vt 0.402010 0.419243
vt 0.400063 0.464632
vt 0.403884 0.375218
vt 0.420788 0.374995
vt 0.419639 0.419035
vt 0.418204 0.464419
vt 0.437832 0.418872
vt 0.436895 0.464251
vt 0.438733 0.374857
vt 0.456677 0.374720
vt 0.456364 0.418753
vt 0.455955 0.464129
vt 0.475086 0.418683
vt 0.475201 0.464056
vt 0.474974 0.374674
vt 0.493271 0.374627
vt 0.493808 0.418658
vt 0.494447 0.464032
vt 0.512340 0.418683
vt 0.513507 0.464056
vt 0.511216 0.374674
vt 0.529161 0.374720
vt 0.530534 0.418753
vt 0.532199 0.464129
vt 0.548164 0.418872
vt 0.550341 0.464251
vt 0.546066 0.374857
vt 0.562970 0.374995
vt 0.565129 0.419035
vt 0.567761 0.464419
vt 0.581261 0.419203
vt 0.584389 0.464476
vt 0.578184 0.375218
vt 0.593398 0.375441
vt 0.596981 0.419239
vt 0.600565 0.463037
vt 0.008212 0.089821
vt 0.012332 0.045984
vt 0.025730 0.045800
vt 0.022012 0.091108
vt 0.016452 0.002147
vt 0.029389 0.001781
vt 0.042326 0.001415
vt 0.039683 0.045479
vt 0.036411 0.090893
vt 0.054766 0.045154
vt 0.051887 0.090558
vt 0.057538 0.001115
vt 0.072751 0.000814
vt 0.070815 0.044864
vt 0.068414 0.090261
vt 0.087779 0.044616
vt 0.085832 0.090005
vt 0.089654 0.000591
vt 0.106557 0.000368
vt 0.105409 0.044408
vt 0.103974 0.089791
vt 0.123601 0.044245
vt 0.122665 0.089623
vt 0.124502 0.000230
vt 0.142447 0.000093
vt 0.142133 0.044126
vt 0.141725 0.089502
vt 0.160855 0.044056
vt 0.160971 0.089429
vt 0.160744 0.000046
vt 0.179040 0.000000
vt 0.179578 0.044031
vt 0.180216 0.089405
vt 0.198110 0.044056
vt 0.199277 0.089429
vt 0.196986 0.000046
vt 0.214931 0.000093
vt 0.216303 0.044126
vt 0.217968 0.089502
vt 0.233934 0.044245
vt 0.236111 0.089623
vt 0.231836 0.000230
vt 0.248740 0.000368
vt 0.250899 0.044408
vt 0.253531 0.089791
vt 0.267031 0.044575
vt 0.270158 0.089849
vt 0.263954 0.000591
vt 0.279167 0.000814
vt 0.282751 0.044612
vt 0.286334 0.088410
vt 0.322442 0.089821
vt 0.326562 0.045984
vt 0.339961 0.045800
vt 0.336243 0.091108
vt 0.330682 0.002147
vt 0.343619 0.001781
vt 0.356556 0.001415
vt 0.353913 0.045479
vt 0.350641 0.090893
vt 0.368996 0.045154
vt 0.366118 0.090558
vt 0.371768 0.001115
vt 0.386981 0.000814
vt 0.385046 0.044864
vt 0.382644 0.090261
vt 0.402010 0.044616
vt 0.400063 0.090005
vt 0.403884 0.000591
vt 0.420788 0.000368
vt 0.419639 0.044408
vt 0.418204 0.089791
vt 0.437832 0.044245
vt 0.436895 0.089623
vt 0.438733 0.000230
vt 0.456677 0.000093
vt 0.456364 0.044126
vt 0.455955 0.089502
vt 0.475086 0.044056
vt 0.475201 0.089429
vt 0.474974 0.000046
vt 0.493271 0.000000
vt 0.493808 0.044031
vt 0.494447 0.089405
vt 0.512340 0.044056
vt 0.513507 0.089429
vt 0.511216 0.000046
vt 0.529161 0.000093
vt 0.530534 0.044126
vt 0.532199 0.089502
vt 0.548164 0.044245
vt 0.550341 0.089623
vt 0.546066 0.000230
vt 0.562970 0.000368
vt 0.565129 0.044408
vt 0.567761 0.089791
vt 0.581261 0.044575
vt 0.584389 0.089849
vt 0.578184 0.000591
vt 0.593398 0.000814
vt 0.596981 0.044612
vt 0.600565 0.088410
vt 0.008212 0.464448
vt 0.012332 0.420611
vt 0.025731 0.420427
vt 0.022012 0.465736
vt 0.016452 0.376774
vt 0.029389 0.376408
vt 0.042326 0.376042
vt 0.039683 0.420106
vt 0.036411 0.465520
vt 0.054766 0.419782
vt 0.051887 0.465185
vt 0.057538 0.375742
vt 0.072751 0.375441
vt 0.070815 0.419492
vt 0.068414 0.464888
vt 0.087779 0.419243
vt 0.085832 0.464632
vt 0.089654 0.375218
vt 0.106557 0.374995
vt 0.105409 0.419035
vt 0.103974 0.464419
vt 0.760043 0.364400
vt 0.743139 0.357398
vt 0.776604 0.276607
vt 0.785381 0.280874
vt 0.726235 0.350397
vt 0.767381 0.273418
vt 0.791952 0.227449
vt 0.800070 0.219956
vt 0.800512 0.230994
vt 0.123601 0.418872
vt 0.122665 0.464251
vt 0.124502 0.374857
vt 0.142447 0.374720
vt 0.142133 0.418753
vt 0.141725 0.464129
vt 0.160855 0.418683
vt 0.160971 0.464056
vt 0.160744 0.374674
vt 0.726235 0.725024
vt 0.711022 0.714859
vt 0.814230 0.560397
vt 0.743139 0.732026
vt 0.695809 0.704693
vt 0.682871 0.691756
vt 0.669934 0.678818
vt 0.659768 0.663605
vt 0.649603 0.648392
vt 0.642601 0.631488
vt 0.635600 0.614584
vt 0.632030 0.596639
vt 0.628461 0.578694
vt 0.628461 0.560397
vt 0.628461 0.542100
vt 0.632030 0.524155
vt 0.635600 0.506210
vt 0.642601 0.489306
vt 0.649603 0.472402
vt 0.659768 0.457189
vt 0.669934 0.441976
vt 0.682871 0.429038
vt 0.695809 0.416100
vt 0.711022 0.405935
vt 0.726235 0.395770
vt 0.743139 0.388768
vt 0.760043 0.381766
vt 0.777988 0.378197
vt 0.795934 0.374627
vt 0.814230 0.374627
vt 0.832527 0.374627
vt 0.850472 0.378197
vt 0.868417 0.381766
vt 0.885321 0.388768
vt 0.902225 0.395770
vt 0.917439 0.405935
vt 0.932652 0.416100
vt 0.945589 0.429038
vt 0.958527 0.441976
vt 0.968692 0.457189
vt 0.978857 0.472402
vt 0.985859 0.489306
vt 0.992861 0.506210
vt 0.996431 0.524155
vt 1.000000 0.542100
vt 1.000000 0.560397
vt 1.000000 0.578694
vt 0.996431 0.596639
vt 0.992861 0.614584
vt 0.985859 0.631488
vt 0.978857 0.648392
vt 0.968692 0.663605
vt 0.958527 0.678818
vt 0.945589 0.691756
vt 0.932652 0.704694
vt 0.917438 0.714859
vt 0.902225 0.725024
vt 0.885321 0.732026
vt 0.868417 0.739027
vt 0.850472 0.742597
vt 0.832527 0.746166
vt 0.814230 0.746166
vt 0.795934 0.746166
vt 0.777988 0.742597
vt 0.760043 0.739027
vt 0.142867 0.703909
vt 0.142530 0.680736
vt 0.161520 0.680664
vt 0.161579 0.703837
vt 0.142110 0.650689
vt 0.161444 0.650615
vt 0.180778 0.650591
vt 0.180510 0.680640
vt 0.180292 0.703814
vt 0.141593 0.609195
vt 0.161339 0.609120
vt 0.141260 0.560896
vt 0.161216 0.560820
vt 0.181173 0.560795
vt 0.181084 0.609095
vt 0.141357 0.511794
vt 0.161092 0.511719
vt 0.141725 0.464129
vt 0.160971 0.464056
vt 0.180216 0.464032
vt 0.180826 0.511694
vt 0.106161 0.704190
vt 0.105280 0.681021
vt 0.123723 0.680856
vt 0.124335 0.704027
vt 0.104184 0.650979
vt 0.122962 0.650811
vt 0.102862 0.609492
vt 0.122039 0.609320
vt 0.102115 0.561196
vt 0.121496 0.561022
vt 0.102648 0.512091
vt 0.121814 0.511919
vt 0.122665 0.464251
vt 0.071586 0.704646
vt 0.070192 0.681485
vt 0.087379 0.681232
vt 0.088522 0.704397
vt 0.068460 0.651451
vt 0.085959 0.651194
vt 0.066378 0.609974
vt 0.084249 0.609711
vt 0.065241 0.561683
vt 0.083303 0.561417
vt 0.066185 0.512572
vt 0.084045 0.512309
vt 0.085832 0.464632
vt 0.039688 0.705238
vt 0.037896 0.683231
vt 0.053798 0.681966
vt 0.055420 0.704933
vt 0.036104 0.661223
vt 0.051824 0.652511
vt 0.068460 0.651451
vt 0.070192 0.681485
vt 0.071586 0.704646
vt 0.033541 0.611574
vt 0.049419 0.610469
vt 0.032056 0.562338
vt 0.048104 0.561991
vt 0.066378 0.609974
vt 0.033369 0.513220
vt 0.049239 0.512877
vt 0.048104 0.561991
vt 0.036411 0.465520
vt 0.051887 0.465185
vt 0.596925 0.330019
vt 0.598671 0.307810
vt 0.612811 0.308293
vt 0.610926 0.330305
vt 0.601066 0.285959
vt 0.614763 0.286277
vt 0.628461 0.286595
vt 0.626401 0.308603
vt 0.624341 0.330611
vt 0.008713 0.661998
vt 0.004357 0.612532
vt 0.018780 0.612142
vt 0.022409 0.661610
vt 0.000000 0.563066
vt 0.016891 0.562715
vt 0.004106 0.513757
vt 0.018547 0.513558
vt 0.033369 0.513221
vt 0.565805 0.329563
vt 0.567082 0.306394
vt 0.583395 0.306795
vt 0.581875 0.329770
vt 0.568662 0.276352
vt 0.585303 0.277327
vt 0.570532 0.234865
vt 0.587629 0.235269
vt 0.571425 0.186569
vt 0.588860 0.186780
vt 0.607760 0.186949
vt 0.604413 0.236454
vt 0.570232 0.137464
vt 0.587330 0.137639
vt 0.604162 0.137679
vt 0.531228 0.329282
vt 0.531992 0.306109
vt 0.549894 0.306229
vt 0.548868 0.329399
vt 0.532935 0.276062
vt 0.551162 0.276183
vt 0.568662 0.276352
vt 0.567082 0.306394
vt 0.565805 0.329563
vt 0.534047 0.234568
vt 0.552660 0.234693
vt 0.534549 0.186269
vt 0.553362 0.186395
vt 0.571425 0.186569
vt 0.570533 0.234865
vt 0.533767 0.137167
vt 0.552370 0.137291
vt 0.532199 0.089502
vt 0.550341 0.089623
vt 0.567761 0.089791
vt 0.494522 0.329187
vt 0.494741 0.306013
vt 0.513548 0.306037
vt 0.513054 0.329210
vt 0.495009 0.275964
vt 0.514157 0.275988
vt 0.495314 0.234468
vt 0.514870 0.234493
vt 0.495403 0.186168
vt 0.515167 0.186193
vt 0.495056 0.137067
vt 0.514600 0.137092
vt 0.494447 0.089405
vt 0.457097 0.329282
vt 0.456760 0.306109
vt 0.475751 0.306037
vt 0.475809 0.329210
vt 0.456340 0.276062
vt 0.475674 0.275988
vt 0.455824 0.234568
vt 0.475569 0.234493
vt 0.455490 0.186269
vt 0.475446 0.186193
vt 0.455588 0.137167
vt 0.475322 0.137092
vt 0.455955 0.089502
vt 0.475201 0.089429
vt 0.420391 0.329563
vt 0.419510 0.306394
vt 0.437953 0.306229
vt 0.438565 0.329399
vt 0.418415 0.276352
vt 0.437192 0.276183
vt 0.417092 0.234865
vt 0.436269 0.234693
vt 0.416345 0.186569
vt 0.435726 0.186395
vt 0.416878 0.137464
vt 0.436044 0.137291
vt 0.418204 0.089791
vt 0.436895 0.089623
vt 0.385816 0.330019
vt 0.384422 0.306858
vt 0.401609 0.306605
vt 0.402752 0.329770
vt 0.382690 0.276824
vt 0.400189 0.276566
vt 0.380609 0.235347
vt 0.398479 0.235084
vt 0.379471 0.187056
vt 0.397533 0.186790
vt 0.380415 0.137945
vt 0.398276 0.137682
vt 0.382644 0.090261
vt 0.400063 0.090005
vt 0.353919 0.330611
vt 0.352127 0.308603
vt 0.368028 0.307339
vt 0.369650 0.330305
vt 0.350335 0.286596
vt 0.366054 0.277883
vt 0.382690 0.276824
vt 0.384422 0.306858
vt 0.385816 0.330019
vt 0.347772 0.236947
vt 0.363649 0.235842
vt 0.346287 0.187711
vt 0.362335 0.187364
vt 0.379471 0.187056
vt 0.380609 0.235347
vt 0.346287 0.187711
vt 0.347600 0.138593
vt 0.363469 0.138250
vt 0.350641 0.090893
vt 0.282694 0.330019
vt 0.284441 0.307810
vt 0.298581 0.308293
vt 0.296695 0.330305
vt 0.286836 0.285959
vt 0.300533 0.286277
vt 0.314230 0.286595
vt 0.312171 0.308603
vt 0.310111 0.330611
vt 0.322944 0.287371
vt 0.318587 0.237905
vt 0.333010 0.237515
vt 0.336639 0.286983
vt 0.314230 0.188438
vt 0.331122 0.188088
vt 0.318336 0.139130
vt 0.332777 0.138931
vt 0.347600 0.138593
vt 0.251575 0.329563
vt 0.252852 0.306394
vt 0.269165 0.306795
vt 0.267645 0.329770
vt 0.254431 0.276352
vt 0.271073 0.277327
vt 0.256302 0.234865
vt 0.273399 0.235269
vt 0.257194 0.186569
vt 0.274629 0.186780
vt 0.293529 0.186949
vt 0.290183 0.236454
vt 0.256002 0.137464
vt 0.273100 0.137639
vt 0.289932 0.137679
vt 0.216998 0.329282
vt 0.217761 0.306109
vt 0.235663 0.306229
vt 0.234638 0.329399
vt 0.218705 0.276062
vt 0.236931 0.276183
vt 0.254431 0.276352
vt 0.251575 0.329563
vt 0.219816 0.234568
vt 0.238430 0.234692
vt 0.220319 0.186269
vt 0.239131 0.186395
vt 0.256302 0.234865
vt 0.219536 0.137167
vt 0.238140 0.137291
vt 0.217968 0.089502
vt 0.253531 0.089791
vt 0.256002 0.137464
vt 0.180292 0.329187
vt 0.180510 0.306013
vt 0.199318 0.306037
vt 0.198824 0.329210
vt 0.180778 0.275964
vt 0.199927 0.275988
vt 0.181084 0.234468
vt 0.200639 0.234493
vt 0.181173 0.186168
vt 0.200937 0.186193
vt 0.180826 0.137067
vt 0.200370 0.137092
vt 0.180216 0.089405
vt 0.199277 0.089429
vt 0.142866 0.329282
vt 0.142530 0.306109
vt 0.161520 0.306037
vt 0.161579 0.329210
vt 0.142110 0.276062
vt 0.161444 0.275988
vt 0.141593 0.234568
vt 0.161339 0.234493
vt 0.141260 0.186269
vt 0.161216 0.186193
vt 0.141357 0.137167
vt 0.161092 0.137092
vt 0.141725 0.089502
vt 0.160971 0.089429
vt 0.106161 0.329563
vt 0.105280 0.306394
vt 0.123723 0.306229
vt 0.124334 0.329399
vt 0.104184 0.276352
vt 0.122962 0.276183
vt 0.102862 0.234865
vt 0.122039 0.234692
vt 0.102115 0.186569
vt 0.121496 0.186395
vt 0.102648 0.137464
vt 0.121814 0.137291
vt 0.103974 0.089791
vt 0.122665 0.089623
vt 0.071586 0.330019
vt 0.070192 0.306858
vt 0.087379 0.306605
vt 0.088522 0.329770
vt 0.068460 0.276824
vt 0.085959 0.276566
vt 0.066378 0.235347
vt 0.084249 0.235084
vt 0.065241 0.187056
vt 0.083303 0.186790
vt 0.066185 0.137945
vt 0.084045 0.137682
vt 0.085832 0.090005
vt 0.039688 0.330611
vt 0.037896 0.308603
vt 0.053798 0.307339
vt 0.055419 0.330305
vt 0.036104 0.286596
vt 0.051824 0.277883
vt 0.068460 0.276824
vt 0.070192 0.306858
vt 0.071586 0.330019
vt 0.033541 0.236947
vt 0.049419 0.235842
vt 0.032056 0.187711
vt 0.048104 0.187364
vt 0.065241 0.187056
vt 0.066378 0.235347
vt 0.033369 0.138593
vt 0.049239 0.138250
vt 0.048104 0.187364
vt 0.036411 0.090893
vt 0.051887 0.090558
vt 0.596925 0.704646
vt 0.598671 0.682437
vt 0.612811 0.682920
vt 0.610926 0.704932
vt 0.601066 0.660586
vt 0.614763 0.660905
vt 0.628461 0.661223
vt 0.626401 0.683230
vt 0.624341 0.705238
vt 0.008713 0.287371
vt 0.004357 0.237905
vt 0.018780 0.237515
vt 0.022409 0.286983
vt 0.000000 0.188438
vt 0.016891 0.188088
vt 0.004106 0.139130
vt 0.018547 0.138931
vt 0.565805 0.704190
vt 0.567082 0.681021
vt 0.583395 0.681422
vt 0.581875 0.704397
vt 0.568662 0.650979
vt 0.585303 0.651954
vt 0.570532 0.609492
vt 0.587629 0.609896
vt 0.571425 0.561196
vt 0.588860 0.561407
vt 0.607760 0.561576
vt 0.604413 0.611081
vt 0.570232 0.512091
vt 0.587330 0.512266
vt 0.604162 0.512307
vt 0.531228 0.703909
vt 0.531992 0.680736
vt 0.549894 0.680856
vt 0.548868 0.704026
vt 0.532935 0.650689
vt 0.551162 0.650811
vt 0.568662 0.650979
vt 0.567082 0.681021
vt 0.565805 0.704190
vt 0.534047 0.609195
vt 0.552660 0.609320
vt 0.534549 0.560896
vt 0.553362 0.561022
vt 0.570533 0.609492
vt 0.533767 0.511794
vt 0.552370 0.511918
vt 0.532199 0.464129
vt 0.550341 0.464251
vt 0.567761 0.464419
vt 0.494522 0.703814
vt 0.494741 0.680640
vt 0.513548 0.680664
vt 0.513054 0.703837
vt 0.495009 0.650591
vt 0.514157 0.650615
vt 0.495314 0.609095
vt 0.514870 0.609120
vt 0.495403 0.560795
vt 0.515167 0.560820
vt 0.495056 0.511694
vt 0.514600 0.511719
vt 0.494447 0.464032
vt 0.513507 0.464056
vt 0.457097 0.703909
vt 0.456760 0.680736
vt 0.475751 0.680664
vt 0.475809 0.703837
vt 0.456340 0.650689
vt 0.475674 0.650615
vt 0.455824 0.609195
vt 0.475569 0.609120
vt 0.455490 0.560896
vt 0.475446 0.560820
vt 0.455588 0.511794
vt 0.475322 0.511719
vt 0.455955 0.464129
vt 0.475201 0.464056
vt 0.420391 0.704190
vt 0.419510 0.681021
vt 0.437953 0.680856
vt 0.438565 0.704027
vt 0.418414 0.650979
vt 0.437192 0.650810
vt 0.417092 0.609492
vt 0.436269 0.609320
vt 0.416345 0.561196
vt 0.435726 0.561022
vt 0.416878 0.512091
vt 0.436044 0.511919
vt 0.418204 0.464419
vt 0.385816 0.704646
vt 0.384422 0.681485
vt 0.401609 0.681232
vt 0.402752 0.704397
vt 0.382690 0.651451
vt 0.400189 0.651194
vt 0.380609 0.609974
vt 0.398479 0.609711
vt 0.379471 0.561683
vt 0.397533 0.561417
vt 0.380415 0.512572
vt 0.398276 0.512309
vt 0.400063 0.464632
vt 0.353919 0.705238
vt 0.352127 0.683231
vt 0.368028 0.681966
vt 0.369650 0.704933
vt 0.350335 0.661223
vt 0.366054 0.652511
vt 0.382690 0.651451
vt 0.384422 0.681485
vt 0.385816 0.704647
vt 0.347772 0.611574
vt 0.363649 0.610469
vt 0.346287 0.562338
vt 0.362335 0.561991
vt 0.379471 0.561683
vt 0.380609 0.609974
vt 0.346287 0.562338
vt 0.347600 0.513220
vt 0.363469 0.512877
vt 0.362335 0.561991
vt 0.350641 0.465520
vt 0.366118 0.465185
vt 0.282694 0.704646
vt 0.284441 0.682437
vt 0.298581 0.682920
vt 0.296695 0.704932
vt 0.286836 0.660586
vt 0.300533 0.660905
vt 0.314230 0.661223
vt 0.312171 0.683231
vt 0.310111 0.705238
vt 0.322944 0.661998
vt 0.318587 0.612532
vt 0.333010 0.612142
vt 0.336639 0.661610
vt 0.314230 0.563066
vt 0.331122 0.562715
vt 0.318336 0.513757
vt 0.332777 0.513558
vt 0.347599 0.513221
vt 0.251575 0.704190
vt 0.252852 0.681021
vt 0.269165 0.681422
vt 0.267645 0.704397
vt 0.254431 0.650979
vt 0.271073 0.651954
vt 0.256302 0.609492
vt 0.273399 0.609896
vt 0.257194 0.561196
vt 0.274629 0.561407
vt 0.293529 0.561576
vt 0.290183 0.611081
vt 0.256002 0.512091
vt 0.273100 0.512266
vt 0.289932 0.512307
vt 0.216998 0.703909
vt 0.217761 0.680736
vt 0.235663 0.680856
vt 0.234638 0.704027
vt 0.218705 0.650689
vt 0.236931 0.650811
vt 0.254431 0.650979
vt 0.251575 0.704190
vt 0.219816 0.609195
vt 0.238430 0.609320
vt 0.220319 0.560896
vt 0.239131 0.561022
vt 0.256302 0.609492
vt 0.219537 0.511794
vt 0.238140 0.511918
vt 0.217968 0.464129
vt 0.236111 0.464251
vt 0.256002 0.512091
vt 0.199318 0.680664
vt 0.198824 0.703837
vt 0.199927 0.650615
vt 0.200639 0.609120
vt 0.200937 0.560820
vt 0.200370 0.511719
vt 0.199277 0.464056
vt 0.767198 0.190402
vt 0.777228 0.185770
vt 0.814230 0.185770
vt 0.777939 0.192989
vt 0.767198 0.181137
vt 0.777939 0.178551
vt 0.769006 0.172051
vt 0.780044 0.171609
vt 0.772551 0.163492
vt 0.783464 0.165212
vt 0.777698 0.155788
vt 0.788065 0.159605
vt 0.784249 0.149237
vt 0.793673 0.155003
vt 0.791952 0.144090
vt 0.800070 0.151584
vt 0.800511 0.140545
vt 0.807011 0.149478
vt 0.809598 0.138737
vt 0.814230 0.148767
vt 0.818863 0.138737
vt 0.821449 0.149478
vt 0.827949 0.140545
vt 0.828391 0.151584
vt 0.836508 0.144090
vt 0.834788 0.155003
vt 0.844212 0.149237
vt 0.840395 0.159605
vt 0.850763 0.155788
vt 0.844997 0.165212
vt 0.855910 0.163492
vt 0.848416 0.171609
vt 0.859455 0.172051
vt 0.850522 0.178551
vt 0.861262 0.181137
vt 0.851233 0.185770
vt 0.861263 0.190402
vt 0.850522 0.192989
vt 0.859455 0.199488
vt 0.848416 0.199930
vt 0.855910 0.208048
vt 0.844997 0.206327
vt 0.850763 0.215751
vt 0.840395 0.211935
vt 0.844212 0.222302
vt 0.834788 0.216536
vt 0.836508 0.227449
vt 0.828391 0.219956
vt 0.827949 0.230994
vt 0.821449 0.222061
vt 0.818862 0.232802
vt 0.814230 0.222772
vt 0.809598 0.232802
vt 0.807011 0.222061
vt 0.793673 0.216536
vt 0.784249 0.222302
vt 0.788065 0.211935
vt 0.777698 0.215751
vt 0.783464 0.206327
vt 0.772551 0.208048
vt 0.780044 0.199930
vt 0.769005 0.199488
vt 1.000000 0.204066
vt 0.996430 0.222012
vt 0.910663 0.204951
vt 0.913135 0.195511
vt 0.992861 0.239957
vt 0.909334 0.214619
vt 0.795934 -0.000000
vt 0.814230 -0.000000
vt 0.814230 0.087448
vt 0.804489 0.086865
vt 0.832527 0.000000
vt 0.823972 0.086865
vt 0.649603 0.273765
vt 0.642601 0.256861
vt 0.723393 0.223396
vt 0.726582 0.232619
vt 0.635600 0.239957
vt 0.719126 0.214619
vt 0.932652 0.330066
vt 0.917438 0.340232
vt 0.868855 0.267521
vt 0.877278 0.262594
vt 0.902225 0.350397
vt 0.861079 0.273418
vt 0.932652 0.041473
vt 0.945589 0.054411
vt 0.883754 0.116246
vt 0.877279 0.108945
vt 0.958527 0.067348
vt 0.891055 0.122721
vt 0.649603 0.097775
vt 0.659768 0.082562
vt 0.732479 0.131145
vt 0.726582 0.138921
vt 0.669934 0.067348
vt 0.737406 0.122721
vt 0.795934 0.371539
vt 0.777988 0.367970
vt 0.795049 0.282202
vt 0.804489 0.284675
vt 1.000000 0.167473
vt 1.000000 0.185770
vt 0.912552 0.185770
vt 0.913135 0.176028
vt 0.760043 0.007139
vt 0.777988 0.003570
vt 0.795049 0.089337
vt 0.785381 0.090666
vt 0.669933 0.304191
vt 0.659768 0.288978
vt 0.732479 0.240394
vt 0.737406 0.248818
vt 0.958527 0.304191
vt 0.945589 0.317129
vt 0.883754 0.255294
vt 0.891055 0.248818
vt 0.902225 0.021143
vt 0.917438 0.031308
vt 0.868855 0.104018
vt 0.861079 0.098121
vt 0.635600 0.131583
vt 0.642601 0.114679
vt 0.723393 0.148144
vt 0.719126 0.156920
vt 0.832527 0.371539
vt 0.814230 0.371539
vt 0.814230 0.284091
vt 0.823972 0.284675
vt 0.992861 0.131583
vt 0.996430 0.149528
vt 0.910663 0.166588
vt 0.909334 0.156920
vt 0.726235 0.021143
vt 0.743139 0.014141
vt 0.776604 0.094932
vt 0.767381 0.098121
vt 0.695809 0.330066
vt 0.682871 0.317129
vt 0.744706 0.255294
vt 0.751182 0.262594
vt 0.978857 0.273765
vt 0.968692 0.288978
vt 0.895982 0.240394
vt 0.901879 0.232619
vt 0.868417 0.007139
vt 0.885321 0.014141
vt 0.851856 0.094932
vt 0.843080 0.090666
vt 0.628461 0.204066
vt 0.628461 0.185770
vt 0.715909 0.185770
vt 0.715325 0.195511
vt 0.628461 0.167473
vt 0.715325 0.176028
vt 0.632030 0.149528
vt 0.717798 0.166588
vt 0.868417 0.364400
vt 0.850472 0.367970
vt 0.833412 0.282202
vt 0.843080 0.280874
vt 0.978857 0.097775
vt 0.985859 0.114679
vt 0.905068 0.148144
vt 0.901879 0.138921
vt 0.695809 0.041473
vt 0.711022 0.031308
vt 0.759606 0.104018
vt 0.751182 0.108945
vt 0.711022 0.340232
vt 0.759606 0.267521
vt 0.985859 0.256861
vt 0.905068 0.223396
vt 0.850472 0.003570
vt 0.833412 0.089337
vt 0.632030 0.222012
vt 0.717798 0.204951
vt 0.885321 0.357399
vt 0.851856 0.276607
vt 0.968692 0.082562
vt 0.895982 0.131145
vt 0.682871 0.054411
vt 0.744707 0.116246
vt 0.179987 0.747839
vt 0.180091 0.725839
vt 0.198359 0.725864
vt 0.197933 0.747886
vt 0.198824 0.703837
vt 0.216998 0.703909
vt 0.216293 0.725933
vt 0.215878 0.747932
vt 0.233672 0.726050
vt 0.232782 0.748069
vt 0.234638 0.704026
vt 0.250396 0.726210
vt 0.249687 0.748207
vt 0.266218 0.726416
vt 0.264901 0.748430
vt 0.281088 0.726661
vt 0.280114 0.748653
vt 0.294843 0.726944
vt 0.293053 0.748954
vt 0.308051 0.727246
vt 0.305991 0.749254
vt 0.357503 0.749254
vt 0.355711 0.727246
vt 0.371206 0.726944
vt 0.372715 0.748954
vt 0.387107 0.726661
vt 0.387928 0.748653
vt 0.403830 0.726416
vt 0.404831 0.748430
vt 0.402752 0.704397
vt 0.420391 0.704190
vt 0.421208 0.726210
vt 0.421735 0.748207
vt 0.439141 0.726050
vt 0.439679 0.748069
vt 0.438565 0.704026
vt 0.457097 0.703909
vt 0.457409 0.725933
vt 0.457624 0.747932
vt 0.475865 0.725864
vt 0.475921 0.747885
vt 0.475809 0.703837
vt 0.494321 0.725839
vt 0.494218 0.747839
vt 0.512589 0.725864
vt 0.512163 0.747885
vt 0.531228 0.703909
vt 0.530524 0.725933
vt 0.530108 0.747932
vt 0.547903 0.726050
vt 0.547013 0.748069
vt 0.548868 0.704026
vt 0.564626 0.726210
vt 0.563917 0.748207
vt 0.580448 0.726416
vt 0.579131 0.748430
vt 0.595319 0.726661
vt 0.594345 0.748653
vt 0.609073 0.726944
vt 0.607283 0.748954
vt 0.622281 0.727246
vt 0.620222 0.749254
vt 0.043273 0.374627
vt 0.041481 0.352619
vt 0.056976 0.352317
vt 0.058485 0.374327
vt 0.072876 0.352034
vt 0.073697 0.374026
vt 0.089599 0.351789
vt 0.090601 0.373803
vt 0.088522 0.329770
vt 0.106161 0.329563
vt 0.106977 0.351583
vt 0.107504 0.373580
vt 0.124911 0.351423
vt 0.125449 0.373442
vt 0.124334 0.329399
vt 0.142866 0.329282
vt 0.143179 0.351306
vt 0.143394 0.373305
vt 0.161635 0.351237
vt 0.161691 0.373258
vt 0.161579 0.329210
vt 0.180091 0.351212
vt 0.179987 0.373212
vt 0.198359 0.351237
vt 0.197933 0.373258
vt 0.198824 0.329210
vt 0.216998 0.329281
vt 0.216293 0.351306
vt 0.215878 0.373305
vt 0.233672 0.351423
vt 0.232782 0.373442
vt 0.234638 0.329399
vt 0.250396 0.351583
vt 0.249687 0.373580
vt 0.266218 0.351789
vt 0.264901 0.373803
vt 0.281088 0.352033
vt 0.280114 0.374026
vt 0.294842 0.352317
vt 0.293053 0.374327
vt 0.308051 0.352619
vt 0.305991 0.374627
vt 0.357503 0.374627
vt 0.355711 0.352619
vt 0.371206 0.352317
vt 0.372715 0.374327
vt 0.387107 0.352034
vt 0.387928 0.374026
vt 0.403830 0.351789
vt 0.404831 0.373803
vt 0.402752 0.329770
vt 0.421208 0.351583
vt 0.421735 0.373580
vt 0.439142 0.351423
vt 0.439680 0.373442
vt 0.438565 0.329399
vt 0.457097 0.329282
vt 0.457409 0.351306
vt 0.457624 0.373305
vt 0.475865 0.351237
vt 0.475921 0.373258
vt 0.494522 0.329187
vt 0.494321 0.351212
vt 0.494218 0.373212
vt 0.512589 0.351237
vt 0.512163 0.373258
vt 0.513054 0.329210
vt 0.531228 0.329282
vt 0.530524 0.351306
vt 0.530108 0.373305
vt 0.547903 0.351423
vt 0.547013 0.373442
vt 0.548868 0.329399
vt 0.564627 0.351583
vt 0.563917 0.373580
vt 0.580448 0.351789
vt 0.579131 0.373803
vt 0.595319 0.352033
vt 0.594345 0.374026
vt 0.609073 0.352317
vt 0.607283 0.374327
vt 0.622281 0.352619
vt 0.620222 0.374627
vt 0.043273 0.749254
vt 0.041481 0.727246
vt 0.056976 0.726944
vt 0.058485 0.748954
vt 0.072876 0.726661
vt 0.073697 0.748653
vt 0.089599 0.726416
vt 0.090601 0.748430
vt 0.088522 0.704397
vt 0.106161 0.704190
vt 0.106977 0.726210
vt 0.107504 0.748207
vt 0.124911 0.726050
vt 0.125449 0.748069
vt 0.124335 0.704026
vt 0.143179 0.725933
vt 0.143394 0.747932
vt 0.161635 0.725864
vt 0.161691 0.747886
s 0
usemtl Material.001
f 67/1/1 227/2/1 641/3/1 512/4/1
f 227/2/2 2/5/2 226/6/2 641/3/2
f 641/3/3 226/6/3 4/7/3 324/8/3
f 512/4/4 641/3/4 324/8/4 68/9/4
f 68/9/5 324/8/5 642/10/5 509/11/5
f 324/8/6 4/7/6 230/12/6 642/10/6
f 642/10/7 230/12/7 6/13/7 327/14/7
f 509/11/8 642/10/8 327/14/8 71/15/8
f 71/15/9 327/14/9 643/16/9 506/17/9
f 327/14/10 6/13/10 233/18/10 643/16/10
f 643/16/11 233/18/11 8/19/11 330/20/11
f 506/17/12 643/16/12 330/20/12 74/21/12
f 74/22/13 330/23/13 644/24/13 503/25/13
f 330/23/14 8/26/14 236/27/14 644/24/14
f 644/24/15 236/27/15 10/28/15 333/29/15
f 503/25/16 644/24/16 333/29/16 77/30/16
f 77/30/17 333/29/17 645/31/17 500/32/17
f 333/29/18 10/28/18 239/33/18 645/31/18
f 645/31/19 239/33/19 12/34/19 336/35/19
f 500/32/20 645/31/20 336/35/20 80/36/20
f 80/36/21 336/35/21 646/37/21 497/38/21
f 336/35/22 12/34/22 242/39/22 646/37/22
f 646/37/23 242/39/23 14/40/23 339/41/23
f 497/38/24 646/37/24 339/41/24 83/42/24
f 83/42/25 339/41/25 647/43/25 494/44/25
f 339/41/26 14/40/26 245/45/26 647/43/26
f 647/43/27 245/45/27 16/46/27 342/47/27
f 494/44/28 647/43/28 342/47/28 86/48/28
f 86/48/29 342/47/29 648/49/29 491/50/29
f 342/47/30 16/46/30 248/51/30 648/49/30
f 648/49/31 248/51/31 18/52/31 345/53/31
f 491/50/32 648/49/32 345/53/32 89/54/32
f 89/54/33 345/53/33 649/55/33 488/56/33
f 345/53/34 18/52/34 251/57/34 649/55/34
f 649/55/35 251/57/35 20/58/35 348/59/35
f 488/56/36 649/55/36 348/59/36 92/60/36
f 92/60/37 348/59/37 650/61/37 485/62/37
f 348/59/38 20/58/38 254/63/38 650/61/38
f 650/61/39 254/63/39 22/64/39 351/65/39
f 485/62/40 650/61/40 351/65/40 95/66/40
f 95/66/41 351/65/41 651/67/41 482/68/41
f 351/65/42 22/64/42 257/69/42 651/67/42
f 651/67/43 257/69/43 24/70/43 354/71/43
f 482/68/44 651/67/44 354/71/44 98/72/44
f 98/73/45 354/74/45 652/75/45 479/76/45
f 354/74/46 24/77/46 260/78/46 652/75/46
f 652/75/47 260/78/47 26/79/47 357/80/47
f 479/76/48 652/75/48 357/80/48 101/81/48
f 101/81/49 357/80/49 653/82/49 476/83/49
f 357/80/50 26/79/50 263/84/50 653/82/50
f 653/82/51 263/84/51 28/85/51 360/86/51
f 476/83/52 653/82/52 360/86/52 104/87/52
f 104/87/53 360/86/53 654/88/53 473/89/53
f 360/86/54 28/85/54 266/90/54 654/88/54
f 654/88/55 266/90/55 30/91/55 363/92/55
f 473/89/56 654/88/56 363/92/56 107/93/56
f 107/93/57 363/92/57 655/94/57 470/95/57
f 363/92/58 30/91/58 269/96/58 655/94/58
f 655/94/59 269/96/59 32/97/59 366/98/59
f 470/95/60 655/94/60 366/98/60 110/99/60
f 110/99/61 366/98/61 656/100/61 467/101/61
f 366/98/62 32/97/62 272/102/62 656/100/62
f 656/100/63 272/102/63 34/103/63 369/104/63
f 467/101/64 656/100/64 369/104/64 113/105/64
f 113/105/65 369/104/65 657/106/65 464/107/65
f 369/104/66 34/103/66 275/108/66 657/106/66
f 657/106/67 275/108/67 36/109/67 372/110/67
f 464/107/68 657/106/68 372/110/68 116/111/68
f 116/111/69 372/110/69 658/112/69 461/113/69
f 372/110/70 36/109/70 278/114/70 658/112/70
f 658/112/71 278/114/71 38/115/71 375/116/71
f 461/113/72 658/112/72 375/116/72 119/117/72
f 119/117/73 375/116/73 659/118/73 458/119/73
f 375/116/74 38/115/74 281/120/74 659/118/74
f 659/118/75 281/120/75 40/121/75 378/122/75
f 458/119/76 659/118/76 378/122/76 122/123/76
f 122/124/77 378/125/77 660/126/77 455/127/77
f 378/125/78 40/128/78 284/129/78 660/126/78
f 660/126/79 284/129/79 42/130/79 381/131/79
f 455/127/80 660/126/80 381/131/80 125/132/80
f 125/132/81 381/131/81 661/133/81 452/134/81
f 381/131/82 42/130/82 287/135/82 661/133/82
f 661/133/83 287/135/83 44/136/83 384/137/83
f 452/134/84 661/133/84 384/137/84 128/138/84
f 128/138/85 384/137/85 662/139/85 449/140/85
f 384/137/86 44/136/86 290/141/86 662/139/86
f 662/139/87 290/141/87 46/142/87 387/143/87
f 449/140/88 662/139/88 387/143/88 131/144/88
f 131/144/89 387/143/89 663/145/89 446/146/89
f 387/143/90 46/142/90 293/147/90 663/145/90
f 663/145/91 293/147/91 48/148/91 390/149/91
f 446/146/92 663/145/92 390/149/92 134/150/92
f 134/150/93 390/149/93 664/151/93 443/152/93
f 390/149/94 48/148/94 296/153/94 664/151/94
f 664/151/95 296/153/95 50/154/95 393/155/95
f 443/152/96 664/151/96 393/155/96 137/156/96
f 137/156/97 393/155/97 665/157/97 440/158/97
f 393/155/98 50/154/98 299/159/98 665/157/98
f 665/157/99 299/159/99 52/160/99 396/161/99
f 440/158/100 665/157/100 396/161/100 140/162/100
f 140/162/101 396/161/101 666/163/101 437/164/101
f 396/161/102 52/160/102 302/165/102 666/163/102
f 666/163/103 302/165/103 54/166/103 399/167/103
f 437/164/104 666/163/104 399/167/104 143/168/104
f 143/168/105 399/167/105 667/169/105 434/170/105
f 399/167/106 54/166/106 305/171/106 667/169/106
f 667/169/107 305/171/107 56/172/107 402/173/107
f 434/170/108 667/169/108 402/173/108 146/174/108
f 146/175/109 402/176/109 668/177/109 431/178/109
f 402/176/110 56/179/110 308/180/110 668/177/110
f 668/177/111 308/180/111 58/181/111 405/182/111
f 431/178/112 668/177/112 405/182/112 149/183/112
f 149/183/113 405/182/113 669/184/113 428/185/113
f 405/182/114 58/181/114 311/186/114 669/184/114
f 669/184/115 311/186/115 60/187/115 408/188/115
f 428/185/116 669/184/116 408/188/116 152/189/116
f 152/189/117 408/188/117 670/190/117 425/191/117
f 408/188/118 60/187/118 314/192/118 670/190/118
f 670/190/119 314/192/119 62/193/119 411/194/119
f 425/191/120 670/190/120 411/194/120 155/195/120
f 16/196/121 245/197/121 671/198/121 546/199/121
f 245/197/122 14/200/122 545/201/122 671/198/122
f 671/198/123 545/201/123 167/202/123 519/203/123
f 546/199/124 671/198/124 519/203/124 168/204/124
f 155/195/125 411/194/125 672/205/125 422/206/125
f 411/194/126 62/193/126 317/207/126 672/205/126
f 672/205/127 317/207/127 64/208/127 414/209/127
f 422/206/128 672/205/128 414/209/128 158/210/128
f 158/210/129 414/209/129 673/211/129 419/212/129
f 414/209/130 64/208/130 320/213/130 673/211/130
f 673/211/131 320/213/131 2/5/131 227/2/131
f 419/212/132 673/211/132 227/2/132 67/1/132
f 1/214/133 225/215/133 674/216/133 319/217/133
f 3/218/134 229/219/134 674/216/134 225/215/134
f 5/220/135 232/221/135 674/216/135 229/219/135
f 7/222/136 235/223/136 674/216/136 232/221/136
f 9/224/137 238/225/137 674/216/137 235/223/137
f 11/226/138 241/227/138 674/216/138 238/225/138
f 13/228/139 244/229/139 674/216/139 241/227/139
f 15/230/140 247/231/140 674/216/140 244/229/140
f 17/232/141 250/233/141 674/216/141 247/231/141
f 19/234/142 253/235/142 674/216/142 250/233/142
f 21/236/143 256/237/143 674/216/143 253/235/143
f 23/238/144 259/239/144 674/216/144 256/237/144
f 25/240/145 262/241/145 674/216/145 259/239/145
f 27/242/146 265/243/146 674/216/146 262/241/146
f 29/244/147 268/245/147 674/216/147 265/243/147
f 31/246/148 271/247/148 674/216/148 268/245/148
f 33/248/149 274/249/149 674/216/149 271/247/149
f 35/250/150 277/251/150 674/216/150 274/249/150
f 37/252/151 280/253/151 674/216/151 277/251/151
f 39/254/152 283/255/152 674/216/152 280/253/152
f 41/256/153 286/257/153 674/216/153 283/255/153
f 43/258/154 289/259/154 674/216/154 286/257/154
f 45/260/155 292/261/155 674/216/155 289/259/155
f 47/262/156 295/263/156 674/216/156 292/261/156
f 49/264/157 298/265/157 674/216/157 295/263/157
f 51/266/158 301/267/158 674/216/158 298/265/158
f 53/268/159 304/269/159 674/216/159 301/267/159
f 55/270/160 307/271/160 674/216/160 304/269/160
f 57/272/161 310/273/161 674/216/161 307/271/161
f 59/274/162 313/275/162 674/216/162 310/273/162
f 61/276/163 316/277/163 674/216/163 313/275/163
f 63/278/164 319/217/164 674/216/164 316/277/164
f 223/279/165 607/280/165 675/281/165 640/282/165
f 607/280/166 160/283/166 417/284/166 675/281/166
f 675/281/167 417/284/167 65/285/167 321/286/167
f 640/282/168 675/281/168 321/286/168 224/287/168
f 160/283/169 416/288/169 676/289/169 417/284/169
f 416/288/170 159/290/170 418/291/170 676/289/170
f 676/289/171 418/291/171 66/292/171 322/293/171
f 417/284/172 676/289/172 322/293/172 65/285/172
f 159/290/173 415/294/173 677/295/173 418/291/173
f 415/294/174 158/296/174 419/297/174 677/295/174
f 677/295/175 419/297/175 67/298/175 323/299/175
f 418/291/176 677/295/176 323/299/176 66/292/176
f 222/300/177 606/301/177 678/302/177 639/303/177
f 606/301/178 157/304/178 420/305/178 678/302/178
f 678/302/179 420/305/179 160/283/179 607/280/179
f 639/303/180 678/302/180 607/280/180 223/279/180
f 157/304/181 413/306/181 679/307/181 420/305/181
f 413/306/182 156/308/182 421/309/182 679/307/182
f 679/307/183 421/309/183 159/290/183 416/288/183
f 420/305/184 679/307/184 416/288/184 160/283/184
f 156/308/185 412/310/185 680/311/185 421/309/185
f 412/310/186 155/195/186 422/312/186 680/311/186
f 680/311/187 422/312/187 158/296/187 415/294/187
f 421/309/188 680/311/188 415/294/188 159/290/188
f 221/313/189 605/314/189 681/315/189 638/316/189
f 605/314/190 154/317/190 423/318/190 681/315/190
f 681/315/191 423/318/191 157/304/191 606/301/191
f 638/316/192 681/315/192 606/301/192 222/300/192
f 154/317/193 410/319/193 682/320/193 423/318/193
f 410/319/194 153/321/194 424/322/194 682/320/194
f 682/320/195 424/322/195 156/308/195 413/306/195
f 423/318/196 682/320/196 413/306/196 157/304/196
f 153/321/197 409/323/197 683/324/197 424/322/197
f 409/323/198 152/189/198 425/325/198 683/324/198
f 683/324/199 425/325/199 155/195/199 412/310/199
f 424/322/200 683/324/200 412/310/200 156/308/200
f 220/326/201 604/327/201 684/328/201 637/329/201
f 604/327/202 151/330/202 426/331/202 684/328/202
f 684/328/203 426/331/203 154/332/203 605/333/203
f 637/329/204 684/328/204 605/333/204 221/334/204
f 151/330/205 407/335/205 685/336/205 426/331/205
f 407/335/206 150/337/206 427/338/206 685/336/206
f 685/336/207 427/338/207 153/321/207 410/339/207
f 426/331/208 685/336/208 410/339/208 154/332/208
f 150/337/209 406/340/209 686/341/209 427/342/209
f 406/340/210 149/343/210 428/344/210 686/341/210
f 686/341/211 428/344/211 152/189/211 409/323/211
f 427/342/212 686/341/212 409/323/212 153/321/212
f 219/345/213 603/346/213 687/347/213 636/348/213
f 603/346/214 148/349/214 429/350/214 687/347/214
f 687/347/215 429/350/215 151/351/215 604/352/215
f 636/348/216 687/347/216 604/352/216 220/353/216
f 148/354/217 404/355/217 688/356/217 429/357/217
f 404/355/218 147/358/218 430/359/218 688/356/218
f 688/356/219 430/359/219 150/337/219 407/335/219
f 429/357/220 688/356/220 407/335/220 151/330/220
f 147/358/221 403/360/221 689/361/221 430/359/221
f 403/360/222 146/175/222 431/178/222 689/361/222
f 689/361/223 431/178/223 149/183/223 406/362/223
f 430/359/224 689/361/224 406/362/224 150/337/224
f 218/363/225 602/364/225 690/365/225 635/366/225
f 602/364/226 145/367/226 432/368/226 690/365/226
f 690/365/227 432/368/227 148/349/227 603/346/227
f 635/366/228 690/365/228 603/346/228 219/345/228
f 145/367/229 401/369/229 691/370/229 432/368/229
f 401/369/230 144/371/230 433/372/230 691/370/230
f 691/370/231 433/372/231 147/373/231 404/374/231
f 432/368/232 691/370/232 404/374/232 148/349/232
f 144/371/233 400/375/233 692/376/233 433/372/233
f 400/375/234 143/168/234 434/170/234 692/376/234
f 692/376/235 434/170/235 146/174/235 403/377/235
f 433/372/236 692/376/236 403/377/236 147/373/236
f 217/378/237 601/379/237 693/380/237 634/381/237
f 601/379/238 142/382/238 435/383/238 693/380/238
f 693/380/239 435/383/239 145/384/239 602/385/239
f 634/381/240 693/380/240 602/385/240 218/386/240
f 142/382/241 398/387/241 694/388/241 435/383/241
f 398/387/242 141/389/242 436/390/242 694/388/242
f 694/388/243 436/390/243 144/391/243 401/392/243
f 435/383/244 694/388/244 401/392/244 145/384/244
f 141/389/245 397/393/245 695/394/245 436/390/245
f 397/393/246 140/395/246 437/396/246 695/394/246
f 695/394/247 437/396/247 143/397/247 400/375/247
f 436/390/248 695/394/248 400/375/248 144/391/248
f 216/398/249 600/399/249 696/400/249 633/401/249
f 600/399/250 139/402/250 438/403/250 696/400/250
f 696/400/251 438/403/251 142/382/251 601/379/251
f 633/401/252 696/400/252 601/379/252 217/378/252
f 139/402/253 395/404/253 697/405/253 438/403/253
f 395/404/254 138/406/254 439/407/254 697/405/254
f 697/405/255 439/407/255 141/389/255 398/387/255
f 438/403/256 697/405/256 398/387/256 142/382/256
f 138/406/257 394/408/257 698/409/257 439/407/257
f 394/408/258 137/410/258 440/158/258 698/409/258
f 698/409/259 440/158/259 140/395/259 397/393/259
f 439/407/260 698/409/260 397/393/260 141/389/260
f 215/411/261 599/412/261 699/413/261 632/414/261
f 599/412/262 136/415/262 441/416/262 699/413/262
f 699/413/263 441/416/263 139/402/263 600/399/263
f 632/414/264 699/413/264 600/399/264 216/398/264
f 136/415/265 392/417/265 700/418/265 441/416/265
f 392/417/266 135/419/266 442/420/266 700/418/266
f 700/418/267 442/420/267 138/406/267 395/404/267
f 441/416/268 700/418/268 395/404/268 139/402/268
f 135/419/269 391/421/269 701/422/269 442/420/269
f 391/421/270 134/423/270 443/424/270 701/422/270
f 701/422/271 443/424/271 137/410/271 394/408/271
f 442/420/272 701/422/272 394/408/272 138/406/272
f 214/425/273 598/426/273 702/427/273 631/428/273
f 598/426/274 133/429/274 444/430/274 702/427/274
f 702/427/275 444/430/275 136/415/275 599/412/275
f 631/428/276 702/427/276 599/412/276 215/411/276
f 133/429/277 389/431/277 703/432/277 444/430/277
f 389/431/278 132/433/278 445/434/278 703/432/278
f 703/432/279 445/434/279 135/419/279 392/417/279
f 444/430/280 703/432/280 392/417/280 136/415/280
f 132/433/281 388/435/281 704/436/281 445/434/281
f 388/435/282 131/437/282 446/438/282 704/436/282
f 704/436/283 446/438/283 134/423/283 391/421/283
f 445/434/284 704/436/284 391/421/284 135/419/284
f 213/439/285 597/440/285 705/441/285 630/442/285
f 597/440/286 130/443/286 447/444/286 705/441/286
f 705/441/287 447/444/287 133/429/287 598/426/287
f 630/442/288 705/441/288 598/426/288 214/425/288
f 130/443/289 386/445/289 706/446/289 447/444/289
f 386/445/290 129/447/290 448/448/290 706/446/290
f 706/446/291 448/448/291 132/433/291 389/431/291
f 447/444/292 706/446/292 389/431/292 133/429/292
f 129/447/293 385/449/293 707/450/293 448/448/293
f 385/449/294 128/451/294 449/452/294 707/450/294
f 707/450/295 449/452/295 131/437/295 388/435/295
f 448/448/296 707/450/296 388/435/296 132/433/296
f 212/453/297 596/454/297 708/455/297 629/456/297
f 596/454/298 127/457/298 450/458/298 708/455/298
f 708/455/299 450/458/299 130/459/299 597/460/299
f 629/456/300 708/455/300 597/460/300 213/461/300
f 127/457/301 383/462/301 709/463/301 450/458/301
f 383/462/302 126/464/302 451/465/302 709/463/302
f 709/463/303 451/465/303 129/466/303 386/467/303
f 450/458/304 709/463/304 386/467/304 130/459/304
f 126/468/305 382/469/305 710/470/305 451/465/305
f 382/469/306 125/471/306 452/134/306 710/470/306
f 710/470/307 452/134/307 128/451/307 385/449/307
f 451/465/308 710/470/308 385/449/308 129/447/308
f 211/472/309 595/473/309 711/474/309 628/475/309
f 595/473/310 124/476/310 453/477/310 711/474/310
f 711/474/311 453/477/311 127/478/311 596/479/311
f 628/475/312 711/474/312 596/479/312 212/480/312
f 124/481/313 380/482/313 712/483/313 453/484/313
f 380/482/314 123/485/314 454/486/314 712/483/314
f 712/483/315 454/486/315 126/464/315 383/462/315
f 453/484/316 712/483/316 383/462/316 127/457/316
f 123/485/317 379/487/317 713/488/317 454/486/317
f 379/487/318 122/124/318 455/127/318 713/488/318
f 713/488/319 455/127/319 125/132/319 382/489/319
f 454/486/320 713/488/320 382/489/320 126/464/320
f 210/490/321 594/491/321 714/492/321 627/493/321
f 594/491/322 121/494/322 456/495/322 714/492/322
f 714/492/323 456/495/323 124/476/323 595/473/323
f 627/493/324 714/492/324 595/473/324 211/472/324
f 121/494/325 377/496/325 715/497/325 456/495/325
f 377/496/326 120/498/326 457/499/326 715/497/326
f 715/497/327 457/499/327 123/500/327 380/501/327
f 456/495/328 715/497/328 380/501/328 124/476/328
f 120/498/329 376/502/329 716/503/329 457/499/329
f 376/502/330 119/117/330 458/119/330 716/503/330
f 716/503/331 458/119/331 122/123/331 379/504/331
f 457/499/332 716/503/332 379/504/332 123/500/332
f 209/505/333 593/506/333 717/507/333 626/508/333
f 593/506/334 118/509/334 459/510/334 717/507/334
f 717/507/335 459/510/335 121/511/335 594/491/335
f 626/508/336 717/507/336 594/491/336 210/512/336
f 118/509/337 374/513/337 718/514/337 459/510/337
f 374/513/338 117/515/338 460/516/338 718/514/338
f 718/514/339 460/516/339 120/498/339 377/517/339
f 459/510/340 718/514/340 377/517/340 121/511/340
f 117/515/341 373/518/341 719/519/341 460/516/341
f 373/518/342 116/520/342 461/113/342 719/519/342
f 719/519/343 461/113/343 119/521/343 376/522/343
f 460/516/344 719/519/344 376/522/344 120/498/344
f 208/523/345 592/524/345 720/525/345 625/526/345
f 592/524/346 115/527/346 462/528/346 720/525/346
f 720/525/347 462/528/347 118/509/347 593/506/347
f 625/526/348 720/525/348 593/506/348 209/505/348
f 115/527/349 371/529/349 721/530/349 462/528/349
f 371/529/350 114/531/350 463/532/350 721/530/350
f 721/530/351 463/532/351 117/515/351 374/513/351
f 462/528/352 721/530/352 374/513/352 118/509/352
f 114/531/353 370/533/353 722/534/353 463/532/353
f 370/533/354 113/535/354 464/536/354 722/534/354
f 722/534/355 464/536/355 116/520/355 373/518/355
f 463/532/356 722/534/356 373/518/356 117/515/356
f 207/537/357 591/538/357 723/539/357 624/540/357
f 591/538/358 112/541/358 465/542/358 723/539/358
f 723/539/359 465/542/359 115/527/359 592/524/359
f 624/540/360 723/539/360 592/524/360 208/523/360
f 112/541/361 368/543/361 724/544/361 465/542/361
f 368/543/362 111/545/362 466/546/362 724/544/362
f 724/544/363 466/546/363 114/531/363 371/529/363
f 465/542/364 724/544/364 371/529/364 115/527/364
f 111/545/365 367/547/365 725/548/365 466/546/365
f 367/547/366 110/549/366 467/550/366 725/548/366
f 725/548/367 467/550/367 113/535/367 370/533/367
f 466/546/368 725/548/368 370/533/368 114/531/368
f 206/551/369 590/552/369 726/553/369 623/554/369
f 590/552/370 109/555/370 468/556/370 726/553/370
f 726/553/371 468/556/371 112/541/371 591/538/371
f 623/554/372 726/553/372 591/538/372 207/537/372
f 109/555/373 365/557/373 727/558/373 468/556/373
f 365/557/374 108/559/374 469/560/374 727/558/374
f 727/558/375 469/560/375 111/545/375 368/543/375
f 468/556/376 727/558/376 368/543/376 112/541/376
f 108/559/377 364/561/377 728/562/377 469/560/377
f 364/561/378 107/563/378 470/564/378 728/562/378
f 728/562/379 470/564/379 110/549/379 367/547/379
f 469/560/380 728/562/380 367/547/380 111/545/380
f 205/565/381 589/566/381 729/567/381 622/568/381
f 589/566/382 106/569/382 471/570/382 729/567/382
f 729/567/383 471/570/383 109/555/383 590/552/383
f 622/568/384 729/567/384 590/552/384 206/551/384
f 106/569/385 362/571/385 730/572/385 471/570/385
f 362/571/386 105/573/386 472/574/386 730/572/386
f 730/572/387 472/574/387 108/559/387 365/557/387
f 471/570/388 730/572/388 365/557/388 109/555/388
f 105/573/389 361/575/389 731/576/389 472/574/389
f 361/575/390 104/87/390 473/577/390 731/576/390
f 731/576/391 473/577/391 107/563/391 364/561/391
f 472/574/392 731/576/392 364/561/392 108/559/392
f 204/578/393 588/579/393 732/580/393 621/581/393
f 588/579/394 103/582/394 474/583/394 732/580/394
f 732/580/395 474/583/395 106/584/395 589/585/395
f 621/581/396 732/580/396 589/585/396 205/586/396
f 103/582/397 359/587/397 733/588/397 474/583/397
f 359/587/398 102/589/398 475/590/398 733/588/398
f 733/588/399 475/590/399 105/591/399 362/592/399
f 474/583/400 733/588/400 362/592/400 106/584/400
f 102/589/401 358/593/401 734/594/401 475/595/401
f 358/593/402 101/596/402 476/597/402 734/594/402
f 734/594/403 476/597/403 104/87/403 361/575/403
f 475/595/404 734/594/404 361/575/404 105/573/404
f 203/598/405 587/599/405 735/600/405 620/601/405
f 587/599/406 100/602/406 477/603/406 735/600/406
f 735/600/407 477/603/407 103/604/407 588/605/407
f 620/601/408 735/600/408 588/605/408 204/606/408
f 100/607/409 356/608/409 736/609/409 477/610/409
f 356/608/410 99/611/410 478/612/410 736/609/410
f 736/609/411 478/612/411 102/589/411 359/587/411
f 477/610/412 736/609/412 359/587/412 103/582/412
f 99/611/413 355/613/413 737/614/413 478/612/413
f 355/613/414 98/73/414 479/76/414 737/614/414
f 737/614/415 479/76/415 101/81/415 358/593/415
f 478/612/416 737/614/416 358/593/416 102/589/416
f 202/615/417 586/616/417 738/617/417 619/618/417
f 586/616/418 97/619/418 480/620/418 738/617/418
f 738/617/419 480/620/419 100/602/419 587/599/419
f 619/618/420 738/617/420 587/599/420 203/598/420
f 97/619/421 353/621/421 739/622/421 480/620/421
f 353/621/422 96/623/422 481/624/422 739/622/422
f 739/622/423 481/624/423 99/625/423 356/626/423
f 480/620/424 739/622/424 356/626/424 100/602/424
f 96/623/425 352/627/425 740/628/425 481/624/425
f 352/627/426 95/66/426 482/68/426 740/628/426
f 740/628/427 482/68/427 98/72/427 355/629/427
f 481/624/428 740/628/428 355/629/428 99/625/428
f 201/630/429 585/631/429 741/632/429 618/633/429
f 585/631/430 94/634/430 483/635/430 741/632/430
f 741/632/431 483/635/431 97/636/431 586/637/431
f 618/633/432 741/632/432 586/637/432 202/638/432
f 94/634/433 350/639/433 742/640/433 483/635/433
f 350/639/434 93/641/434 484/642/434 742/640/434
f 742/640/435 484/642/435 96/623/435 353/643/435
f 483/635/436 742/640/436 353/643/436 97/636/436
f 93/641/437 349/644/437 743/645/437 484/642/437
f 349/644/438 92/646/438 485/647/438 743/645/438
f 743/645/439 485/647/439 95/648/439 352/627/439
f 484/642/440 743/645/440 352/627/440 96/623/440
f 200/649/441 584/650/441 744/651/441 617/652/441
f 584/650/442 91/653/442 486/654/442 744/651/442
f 744/651/443 486/654/443 94/634/443 585/631/443
f 617/652/444 744/651/444 585/631/444 201/630/444
f 91/653/445 347/655/445 745/656/445 486/654/445
f 347/655/446 90/657/446 487/658/446 745/656/446
f 745/656/447 487/658/447 93/641/447 350/639/447
f 486/654/448 745/656/448 350/639/448 94/634/448
f 90/657/449 346/659/449 746/660/449 487/658/449
f 346/659/450 89/661/450 488/662/450 746/660/450
f 746/660/451 488/662/451 92/646/451 349/644/451
f 487/658/452 746/660/452 349/644/452 93/641/452
f 199/663/453 583/664/453 747/665/453 616/666/453
f 583/664/454 88/667/454 489/668/454 747/665/454
f 747/665/455 489/668/455 91/653/455 584/650/455
f 616/666/456 747/665/456 584/650/456 200/649/456
f 88/667/457 344/669/457 748/670/457 489/668/457
f 344/669/458 87/671/458 490/672/458 748/670/458
f 748/670/459 490/672/459 90/657/459 347/655/459
f 489/668/460 748/670/460 347/655/460 91/653/460
f 87/671/461 343/673/461 749/674/461 490/672/461
f 343/673/462 86/675/462 491/676/462 749/674/462
f 749/674/463 491/676/463 89/661/463 346/659/463
f 490/672/464 749/674/464 346/659/464 90/657/464
f 198/677/465 582/678/465 750/679/465 615/680/465
f 582/678/466 85/681/466 492/682/466 750/679/466
f 750/679/467 492/682/467 88/667/467 583/664/467
f 615/680/468 750/679/468 583/664/468 199/663/468
f 85/681/469 341/683/469 751/684/469 492/682/469
f 341/683/470 84/685/470 493/686/470 751/684/470
f 751/684/471 493/686/471 87/671/471 344/669/471
f 492/682/472 751/684/472 344/669/472 88/667/472
f 84/685/473 340/687/473 752/688/473 493/686/473
f 340/687/474 83/689/474 494/44/474 752/688/474
f 752/688/475 494/44/475 86/675/475 343/673/475
f 493/686/476 752/688/476 343/673/476 87/671/476
f 197/690/477 581/691/477 753/692/477 614/693/477
f 581/691/478 82/694/478 495/695/478 753/692/478
f 753/692/479 495/695/479 85/681/479 582/678/479
f 614/693/480 753/692/480 582/678/480 198/677/480
f 82/694/481 338/696/481 754/697/481 495/695/481
f 338/696/482 81/698/482 496/699/482 754/697/482
f 754/697/483 496/699/483 84/685/483 341/683/483
f 495/695/484 754/697/484 341/683/484 85/681/484
f 81/698/485 337/700/485 755/701/485 496/699/485
f 337/700/486 80/36/486 497/702/486 755/701/486
f 755/701/487 497/702/487 83/689/487 340/687/487
f 496/699/488 755/701/488 340/687/488 84/685/488
f 196/703/489 580/704/489 756/705/489 613/706/489
f 580/704/490 79/707/490 498/708/490 756/705/490
f 756/705/491 498/708/491 82/709/491 581/710/491
f 613/706/492 756/705/492 581/710/492 197/711/492
f 79/707/493 335/712/493 757/713/493 498/708/493
f 335/712/494 78/714/494 499/715/494 757/713/494
f 757/713/495 499/715/495 81/716/495 338/717/495
f 498/708/496 757/713/496 338/717/496 82/709/496
f 78/718/497 334/719/497 758/720/497 499/721/497
f 334/719/498 77/722/498 500/723/498 758/720/498
f 758/720/499 500/723/499 80/36/499 337/700/499
f 499/721/500 758/720/500 337/700/500 81/698/500
f 195/724/501 579/725/501 759/726/501 612/727/501
f 579/725/502 76/728/502 501/729/502 759/726/502
f 759/726/503 501/729/503 79/730/503 580/731/503
f 612/727/504 759/726/504 580/731/504 196/732/504
f 76/733/505 332/734/505 760/735/505 501/736/505
f 332/734/506 75/737/506 502/738/506 760/735/506
f 760/735/507 502/738/507 78/714/507 335/712/507
f 501/736/508 760/735/508 335/712/508 79/707/508
f 75/737/509 331/739/509 761/740/509 502/738/509
f 331/739/510 74/22/510 503/25/510 761/740/510
f 761/740/511 503/25/511 77/30/511 334/741/511
f 502/738/512 761/740/512 334/741/512 78/714/512
f 194/742/513 578/743/513 762/744/513 611/745/513
f 578/743/514 73/746/514 504/747/514 762/744/514
f 762/744/515 504/747/515 76/728/515 579/725/515
f 611/745/516 762/744/516 579/725/516 195/724/516
f 73/746/517 329/748/517 763/749/517 504/747/517
f 329/748/518 72/750/518 505/751/518 763/749/518
f 763/749/519 505/751/519 75/752/519 332/753/519
f 504/747/520 763/749/520 332/753/520 76/728/520
f 72/750/521 328/754/521 764/755/521 505/751/521
f 328/754/522 71/15/522 506/17/522 764/755/522
f 764/755/523 506/17/523 74/21/523 331/756/523
f 505/751/524 764/755/524 331/756/524 75/752/524
f 193/757/525 577/758/525 765/759/525 610/760/525
f 577/758/526 70/761/526 507/762/526 765/759/526
f 765/759/527 507/762/527 73/763/527 578/743/527
f 610/760/528 765/759/528 578/743/528 194/764/528
f 70/761/529 326/765/529 766/766/529 507/762/529
f 326/765/530 69/767/530 508/768/530 766/766/530
f 766/766/531 508/768/531 72/750/531 329/769/531
f 507/762/532 766/766/532 329/769/532 73/763/532
f 69/767/533 325/770/533 767/771/533 508/768/533
f 325/770/534 68/772/534 509/773/534 767/771/534
f 767/771/535 509/773/535 71/15/535 328/774/535
f 508/768/536 767/771/536 328/774/536 72/750/536
f 224/287/537 321/286/537 768/775/537 609/776/537
f 321/286/538 65/285/538 510/777/538 768/775/538
f 768/775/539 510/777/539 70/761/539 577/758/539
f 609/776/540 768/775/540 577/758/540 193/757/540
f 65/285/541 322/293/541 769/778/541 510/777/541
f 322/293/542 66/292/542 511/779/542 769/778/542
f 769/778/543 511/779/543 69/767/543 326/765/543
f 510/777/544 769/778/544 326/765/544 70/761/544
f 66/292/545 323/299/545 770/780/545 511/779/545
f 323/299/546 67/298/546 512/781/546 770/780/546
f 770/780/547 512/781/547 68/772/547 325/770/547
f 511/779/548 770/780/548 325/770/548 69/767/548
f 162/782/549 513/783/549 771/784/549 514/785/549
f 161/786/550 544/787/550 771/784/550 513/783/550
f 192/788/551 543/789/551 771/784/551 544/787/551
f 191/790/552 542/791/552 771/784/552 543/789/552
f 190/792/553 541/793/553 771/784/553 542/791/553
f 189/794/554 540/795/554 771/784/554 541/793/554
f 188/796/555 539/797/555 771/784/555 540/795/555
f 187/798/556 538/799/556 771/784/556 539/797/556
f 186/800/557 537/801/557 771/784/557 538/799/557
f 185/802/558 536/803/558 771/784/558 537/801/558
f 184/804/559 535/805/559 771/784/559 536/803/559
f 183/806/560 534/807/560 771/784/560 535/805/560
f 182/808/561 533/809/561 771/784/561 534/807/561
f 181/810/562 532/811/562 771/784/562 533/809/562
f 180/812/563 531/813/563 771/784/563 532/811/563
f 179/814/564 530/815/564 771/784/564 531/813/564
f 178/816/565 529/817/565 771/784/565 530/815/565
f 177/818/566 528/819/566 771/784/566 529/817/566
f 176/820/567 527/821/567 771/784/567 528/819/567
f 175/822/568 526/823/568 771/784/568 527/821/568
f 174/824/569 525/825/569 771/784/569 526/823/569
f 173/826/570 524/827/570 771/784/570 525/825/570
f 172/828/571 523/829/571 771/784/571 524/827/571
f 171/830/572 522/831/572 771/784/572 523/829/572
f 170/832/573 521/833/573 771/784/573 522/831/573
f 169/834/574 520/835/574 771/784/574 521/833/574
f 168/204/575 519/203/575 771/784/575 520/835/575
f 167/202/576 518/836/576 771/784/576 519/203/576
f 166/837/577 517/838/577 771/784/577 518/836/577
f 165/839/578 516/840/578 771/784/578 517/838/578
f 164/841/579 515/842/579 771/784/579 516/840/579
f 163/843/580 514/785/580 771/784/580 515/842/580
f 34/844/581 272/845/581 772/846/581 548/847/581
f 272/845/582 32/848/582 547/849/582 772/846/582
f 772/846/583 547/849/583 176/820/583 528/819/583
f 548/847/584 772/846/584 528/819/584 177/818/584
f 52/850/585 299/851/585 773/852/585 550/853/585
f 299/851/586 50/854/586 549/855/586 773/852/586
f 773/852/587 549/855/587 185/802/587 537/801/587
f 550/853/588 773/852/588 537/801/588 186/800/588
f 8/856/589 233/857/589 774/858/589 552/859/589
f 233/857/590 6/860/590 551/861/590 774/858/590
f 774/858/591 551/861/591 163/843/591 515/842/591
f 552/859/592 774/858/592 515/842/592 164/841/592
f 26/862/593 260/863/593 775/864/593 554/865/593
f 260/863/594 24/866/594 553/867/594 775/864/594
f 775/864/595 553/867/595 172/828/595 524/827/595
f 554/865/596 775/864/596 524/827/596 173/826/596
f 44/868/597 287/869/597 776/870/597 556/871/597
f 287/869/598 42/872/598 555/873/598 776/870/598
f 776/870/599 555/873/599 181/810/599 533/809/599
f 556/871/600 776/870/600 533/809/600 182/808/600
f 62/874/601 314/875/601 777/876/601 558/877/601
f 314/875/602 60/878/602 557/879/602 777/876/602
f 777/876/603 557/879/603 190/792/603 542/791/603
f 558/877/604 777/876/604 542/791/604 191/790/604
f 18/880/605 248/881/605 778/882/605 559/883/605
f 248/881/606 16/196/606 546/199/606 778/882/606
f 778/882/607 546/199/607 168/204/607 520/835/607
f 559/883/608 778/882/608 520/835/608 169/834/608
f 36/884/609 275/885/609 779/886/609 560/887/609
f 275/885/610 34/844/610 548/847/610 779/886/610
f 779/886/611 548/847/611 177/818/611 529/817/611
f 560/887/612 779/886/612 529/817/612 178/816/612
f 54/888/613 302/889/613 780/890/613 561/891/613
f 302/889/614 52/850/614 550/853/614 780/890/614
f 780/890/615 550/853/615 186/800/615 538/799/615
f 561/891/616 780/890/616 538/799/616 187/798/616
f 10/892/617 236/893/617 781/894/617 562/895/617
f 236/893/618 8/856/618 552/859/618 781/894/618
f 781/894/619 552/859/619 164/841/619 516/840/619
f 562/895/620 781/894/620 516/840/620 165/839/620
f 28/896/621 263/897/621 782/898/621 563/899/621
f 263/897/622 26/862/622 554/865/622 782/898/622
f 782/898/623 554/865/623 173/826/623 525/825/623
f 563/899/624 782/898/624 525/825/624 174/824/624
f 46/900/625 290/901/625 783/902/625 564/903/625
f 290/901/626 44/868/626 556/871/626 783/902/626
f 783/902/627 556/871/627 182/808/627 534/807/627
f 564/903/628 783/902/628 534/807/628 183/806/628
f 64/904/629 317/905/629 784/906/629 565/907/629
f 317/905/630 62/874/630 558/877/630 784/906/630
f 784/906/631 558/877/631 191/790/631 543/789/631
f 565/907/632 784/906/632 543/789/632 192/788/632
f 20/908/633 251/909/633 785/910/633 566/911/633
f 251/909/634 18/880/634 559/883/634 785/910/634
f 785/910/635 559/883/635 169/834/635 521/833/635
f 566/911/636 785/910/636 521/833/636 170/832/636
f 38/912/637 278/913/637 786/914/637 567/915/637
f 278/913/638 36/884/638 560/887/638 786/914/638
f 786/914/639 560/887/639 178/816/639 530/815/639
f 567/915/640 786/914/640 530/815/640 179/814/640
f 56/916/641 305/917/641 787/918/641 568/919/641
f 305/917/642 54/888/642 561/891/642 787/918/642
f 787/918/643 561/891/643 187/798/643 539/797/643
f 568/919/644 787/918/644 539/797/644 188/796/644
f 12/920/645 239/921/645 788/922/645 569/923/645
f 239/921/646 10/892/646 562/895/646 788/922/646
f 788/922/647 562/895/647 165/839/647 517/838/647
f 569/923/648 788/922/648 517/838/648 166/837/648
f 30/924/649 266/925/649 789/926/649 570/927/649
f 266/925/650 28/896/650 563/899/650 789/926/650
f 789/926/651 563/899/651 174/824/651 526/823/651
f 570/927/652 789/926/652 526/823/652 175/822/652
f 48/928/653 293/929/653 790/930/653 571/931/653
f 293/929/654 46/900/654 564/903/654 790/930/654
f 790/930/655 564/903/655 183/806/655 535/805/655
f 571/931/656 790/930/656 535/805/656 184/804/656
f 4/932/657 226/933/657 791/934/657 573/935/657
f 226/933/658 2/936/658 572/937/658 791/934/658
f 791/934/659 572/937/659 161/786/659 513/783/659
f 573/935/660 791/934/660 513/783/660 162/782/660
f 2/936/661 320/938/661 792/939/661 572/937/661
f 320/938/662 64/904/662 565/907/662 792/939/662
f 792/939/663 565/907/663 192/788/663 544/787/663
f 572/937/664 792/939/664 544/787/664 161/786/664
f 22/940/665 254/941/665 793/942/665 574/943/665
f 254/941/666 20/908/666 566/911/666 793/942/666
f 793/942/667 566/911/667 170/832/667 522/831/667
f 574/943/668 793/942/668 522/831/668 171/830/668
f 40/944/669 281/945/669 794/946/669 575/947/669
f 281/945/670 38/912/670 567/915/670 794/946/670
f 794/946/671 567/915/671 179/814/671 531/813/671
f 575/947/672 794/946/672 531/813/672 180/812/672
f 58/948/673 308/949/673 795/950/673 576/951/673
f 308/949/674 56/916/674 568/919/674 795/950/674
f 795/950/675 568/919/675 188/796/675 540/795/675
f 576/951/676 795/950/676 540/795/676 189/794/676
f 14/200/677 242/952/677 796/953/677 545/201/677
f 242/952/678 12/920/678 569/923/678 796/953/678
f 796/953/679 569/923/679 166/837/679 518/836/679
f 545/201/680 796/953/680 518/836/680 167/202/680
f 32/848/681 269/954/681 797/955/681 547/849/681
f 269/954/682 30/924/682 570/927/682 797/955/682
f 797/955/683 570/927/683 175/822/683 527/821/683
f 547/849/684 797/955/684 527/821/684 176/820/684
f 50/854/685 296/956/685 798/957/685 549/855/685
f 296/956/686 48/928/686 571/931/686 798/957/686
f 798/957/687 571/931/687 184/804/687 536/803/687
f 549/855/688 798/957/688 536/803/688 185/802/688
f 6/860/689 230/958/689 799/959/689 551/861/689
f 230/958/690 4/932/690 573/935/690 799/959/690
f 799/959/691 573/935/691 162/782/691 514/785/691
f 551/861/692 799/959/692 514/785/692 163/843/692
f 24/866/693 257/960/693 800/961/693 553/867/693
f 257/960/694 22/940/694 574/943/694 800/961/694
f 800/961/695 574/943/695 171/830/695 523/829/695
f 553/867/696 800/961/696 523/829/696 172/828/696
f 42/872/697 284/962/697 801/963/697 555/873/697
f 284/962/698 40/944/698 575/947/698 801/963/698
f 801/963/699 575/947/699 180/812/699 532/811/699
f 555/873/700 801/963/700 532/811/700 181/810/700
f 60/878/701 311/964/701 802/965/701 557/879/701
f 311/964/702 58/948/702 576/951/702 802/965/702
f 802/965/703 576/951/703 189/794/703 541/793/703
f 557/879/704 802/965/704 541/793/704 190/792/704
f 1/966/705 608/967/705 803/968/705 225/969/705
f 608/967/706 224/287/706 609/970/706 803/968/706
f 803/968/707 609/970/707 193/971/707 228/972/707
f 225/969/708 803/968/708 228/972/708 3/973/708
f 3/973/709 228/972/709 804/974/709 229/975/709
f 228/972/710 193/971/710 610/976/710 804/974/710
f 804/974/711 610/976/711 194/742/711 231/977/711
f 229/975/712 804/974/712 231/977/712 5/978/712
f 5/978/713 231/977/713 805/979/713 232/980/713
f 231/977/714 194/742/714 611/745/714 805/979/714
f 805/979/715 611/745/715 195/724/715 234/981/715
f 232/980/716 805/979/716 234/981/716 7/982/716
f 7/982/717 234/981/717 806/983/717 235/984/717
f 234/981/718 195/724/718 612/727/718 806/983/718
f 806/983/719 612/727/719 196/732/719 237/985/719
f 235/984/720 806/983/720 237/985/720 9/986/720
f 9/987/721 237/988/721 807/989/721 238/990/721
f 237/988/722 196/703/722 613/706/722 807/989/722
f 807/989/723 613/706/723 197/711/723 240/991/723
f 238/990/724 807/989/724 240/991/724 11/992/724
f 11/992/725 240/991/725 808/993/725 241/994/725
f 240/991/726 197/711/726 614/995/726 808/993/726
f 808/993/727 614/995/727 198/996/727 243/997/727
f 241/994/728 808/993/728 243/997/728 13/998/728
f 13/998/729 243/997/729 809/999/729 244/1000/729
f 243/997/730 198/996/730 615/1001/730 809/999/730
f 809/999/731 615/1001/731 199/1002/731 246/1003/731
f 244/1000/732 809/999/732 246/1003/732 15/1004/732
f 15/1004/733 246/1003/733 810/1005/733 247/1006/733
f 246/1003/734 199/1002/734 616/1007/734 810/1005/734
f 810/1005/735 616/1007/735 200/649/735 249/1008/735
f 247/1006/736 810/1005/736 249/1008/736 17/1009/736
f 17/1009/737 249/1008/737 811/1010/737 250/1011/737
f 249/1008/738 200/649/738 617/652/738 811/1010/738
f 811/1010/739 617/652/739 201/1012/739 252/1013/739
f 250/1011/740 811/1010/740 252/1013/740 19/1014/740
f 19/1014/741 252/1013/741 812/1015/741 253/1016/741
f 252/1013/742 201/1012/742 618/1017/742 812/1015/742
f 812/1015/743 618/1017/743 202/615/743 255/1018/743
f 253/1016/744 812/1015/744 255/1018/744 21/1019/744
f 21/1019/745 255/1018/745 813/1020/745 256/1021/745
f 255/1018/746 202/615/746 619/618/746 813/1020/746
f 813/1020/747 619/618/747 203/598/747 258/1022/747
f 256/1021/748 813/1020/748 258/1022/748 23/1023/748
f 23/1023/749 258/1022/749 814/1024/749 259/1025/749
f 258/1022/750 203/598/750 620/601/750 814/1024/750
f 814/1024/751 620/601/751 204/606/751 261/1026/751
f 259/1025/752 814/1024/752 261/1026/752 25/1027/752
f 25/1028/753 261/1029/753 815/1030/753 262/1031/753
f 261/1029/754 204/578/754 621/581/754 815/1030/754
f 815/1030/755 621/581/755 205/586/755 264/1032/755
f 262/1031/756 815/1030/756 264/1032/756 27/1033/756
f 27/1033/757 264/1032/757 816/1034/757 265/1035/757
f 264/1032/758 205/586/758 622/1036/758 816/1034/758
f 816/1034/759 622/1036/759 206/1037/759 267/1038/759
f 265/1035/760 816/1034/760 267/1038/760 29/1039/760
f 29/1039/761 267/1038/761 817/1040/761 268/1041/761
f 267/1038/762 206/1037/762 623/1042/762 817/1040/762
f 817/1040/763 623/1042/763 207/1043/763 270/1044/763
f 268/1041/764 817/1040/764 270/1044/764 31/1045/764
f 31/1045/765 270/1044/765 818/1046/765 271/1047/765
f 270/1044/766 207/1043/766 624/1048/766 818/1046/766
f 818/1046/767 624/1048/767 208/523/767 273/1049/767
f 271/1047/768 818/1046/768 273/1049/768 33/1050/768
f 33/1050/769 273/1049/769 819/1051/769 274/1052/769
f 273/1049/770 208/523/770 625/1053/770 819/1051/770
f 819/1051/771 625/1053/771 209/1054/771 276/1055/771
f 274/1052/772 819/1051/772 276/1055/772 35/1056/772
f 35/1056/773 276/1055/773 820/1057/773 277/1058/773
f 276/1055/774 209/1054/774 626/1059/774 820/1057/774
f 820/1057/775 626/1059/775 210/490/775 279/1060/775
f 277/1058/776 820/1057/776 279/1060/776 37/1061/776
f 37/1061/777 279/1060/777 821/1062/777 280/1063/777
f 279/1060/778 210/490/778 627/493/778 821/1062/778
f 821/1062/779 627/493/779 211/472/779 282/1064/779
f 280/1063/780 821/1062/780 282/1064/780 39/1065/780
f 39/1065/781 282/1064/781 822/1066/781 283/1067/781
f 282/1064/782 211/472/782 628/475/782 822/1066/782
f 822/1066/783 628/475/783 212/480/783 285/1068/783
f 283/1067/784 822/1066/784 285/1068/784 41/1069/784
f 41/1070/785 285/1071/785 823/1072/785 286/1073/785
f 285/1071/786 212/453/786 629/456/786 823/1072/786
f 823/1072/787 629/456/787 213/461/787 288/1074/787
f 286/1073/788 823/1072/788 288/1074/788 43/1075/788
f 43/1075/789 288/1074/789 824/1076/789 289/1077/789
f 288/1074/790 213/461/790 630/1078/790 824/1076/790
f 824/1076/791 630/1078/791 214/425/791 291/1079/791
f 289/1077/792 824/1076/792 291/1079/792 45/1080/792
f 45/1080/793 291/1079/793 825/1081/793 292/1082/793
f 291/1079/794 214/425/794 631/1083/794 825/1081/794
f 825/1081/795 631/1083/795 215/1084/795 294/1085/795
f 292/1082/796 825/1081/796 294/1085/796 47/1086/796
f 47/1086/797 294/1085/797 826/1087/797 295/1088/797
f 294/1085/798 215/1084/798 632/414/798 826/1087/798
f 826/1087/799 632/414/799 216/1089/799 297/1090/799
f 295/1088/800 826/1087/800 297/1090/800 49/1091/800
f 49/1091/801 297/1090/801 827/1092/801 298/1093/801
f 297/1090/802 216/1089/802 633/1094/802 827/1092/802
f 827/1092/803 633/1094/803 217/1095/803 300/1096/803
f 298/1093/804 827/1092/804 300/1096/804 51/1097/804
f 51/1097/805 300/1096/805 828/1098/805 301/1099/805
f 300/1096/806 217/1095/806 634/1100/806 828/1098/806
f 828/1098/807 634/1100/807 218/363/807 303/1101/807
f 301/1099/808 828/1098/808 303/1101/808 53/1102/808
f 53/1102/809 303/1101/809 829/1103/809 304/1104/809
f 303/1101/810 218/363/810 635/366/810 829/1103/810
f 829/1103/811 635/366/811 219/345/811 306/1105/811
f 304/1104/812 829/1103/812 306/1105/812 55/1106/812
f 55/1106/813 306/1105/813 830/1107/813 307/1108/813
f 306/1105/814 219/345/814 636/348/814 830/1107/814
f 830/1107/815 636/348/815 220/353/815 309/1109/815
f 307/1108/816 830/1107/816 309/1109/816 57/1110/816
f 57/1111/817 309/1112/817 831/1113/817 310/1114/817
f 309/1112/818 220/326/818 637/329/818 831/1113/818
f 831/1113/819 637/329/819 221/334/819 312/1115/819
f 310/1114/820 831/1113/820 312/1115/820 59/1116/820
f 59/1116/821 312/1115/821 832/1117/821 313/1118/821
f 312/1115/822 221/334/822 638/1119/822 832/1117/822
f 832/1117/823 638/1119/823 222/1120/823 315/1121/823
f 313/1118/824 832/1117/824 315/1121/824 61/1122/824
f 61/1122/825 315/1121/825 833/1123/825 316/1124/825
f 315/1121/826 222/1120/826 639/1125/826 833/1123/826
f 833/1123/827 639/1125/827 223/279/827 318/1126/827
f 316/1124/828 833/1123/828 318/1126/828 63/1127/828
f 63/1127/829 318/1126/829 834/1128/829 319/1129/829
f 318/1126/830 223/279/830 640/282/830 834/1128/830
f 834/1128/831 640/282/831 224/287/831 608/967/831
f 319/1129/832 834/1128/832 608/967/832 1/966/832
o Cylinder.003
v 0.016640 -5.192522 -4.134533
v 0.882817 -5.110546 -4.321396
v 1.633526 -4.881126 -3.899061
v 2.362808 -4.881126 -3.505457
v 3.001288 -4.881126 -2.977139
v 3.524430 -4.881126 -2.334413
v 3.912130 -4.881126 -1.601976
v 4.326299 -5.091918 -0.847954
v 4.131705 -5.165929 0.016637
v 4.319562 -5.091336 0.882815
v 3.899061 -4.881126 1.633526
v 3.505457 -4.881126 2.362808
v 2.977139 -4.881126 3.001288
v 2.334413 -4.881126 3.524430
v 1.601976 -4.881126 3.912130
v 0.847958 -5.129466 4.324266
v -0.016631 -5.225118 4.127180
v -0.882811 -5.130120 4.317620
v -1.633526 -4.881126 3.899061
v -2.362808 -4.881126 3.505457
v -3.001287 -4.881126 2.977139
v -3.524430 -4.881126 2.334413
v -3.912130 -4.881126 1.601976
v -4.318165 -5.135040 0.847982
v -4.120008 -5.226030 -0.016599
v -4.311374 -5.134512 -0.882788
v -3.899061 -4.881126 -1.633526
v -3.505457 -4.881126 -2.362808
v -2.977139 -4.881126 -3.001287
v -2.334413 -4.881126 -3.524430
v -1.601976 -4.881126 -3.912130
v -0.847952 -5.111170 -4.328083
v 1.005852 -3.709854 -4.952137
v 1.952639 -3.709854 -4.660751
v 2.824387 -3.709854 -4.190255
v 3.587595 -3.709854 -3.558730
v 4.212934 -3.709854 -2.790445
v 4.676373 -3.709854 -1.914925
v 4.960101 -3.709854 -0.965815
v 5.053215 -3.709854 0.020411
v 4.952137 -3.709854 1.005852
v 4.660751 -3.709854 1.952639
v 4.190255 -3.709854 2.824387
v 3.558730 -3.709854 3.587595
v 2.790445 -3.709854 4.212934
v 1.914925 -3.709854 4.676373
v 0.965815 -3.709854 4.960101
v -0.020411 -3.709854 5.053215
v -1.005852 -3.709854 4.952137
v -1.952639 -3.709854 4.660751
v -2.824387 -3.709854 4.190255
v -3.587595 -3.709854 3.558730
v -4.212934 -3.709854 2.790445
v -4.676373 -3.709854 1.914925
v -4.960101 -3.709854 0.965815
v -5.053215 -3.709854 -0.020411
v -4.952137 -3.709854 -1.005852
v -4.660751 -3.709854 -1.952639
v -4.190255 -3.709854 -2.824387
v -3.558730 -3.709854 -3.587595
v -2.790445 -3.709854 -4.212934
v -1.914925 -3.709854 -4.676373
v -0.965815 -3.709854 -4.960101
v 0.020411 -3.709854 -5.053215
v 0.021522 -5.085716 -5.309276
v 1.056271 -5.022703 -5.176040
v 1.079695 -3.668256 -5.307761
v 2.045349 -4.704275 -4.882041
v 2.084865 -3.878230 -4.976361
v 2.958487 -4.704275 -4.389206
v 3.015645 -3.878230 -4.474005
v 3.757932 -4.704275 -3.727697
v 3.830534 -3.878230 -3.799715
v 4.412962 -4.704275 -2.922934
v 4.498219 -3.878230 -2.979404
v 4.898405 -4.704276 -2.005844
v 4.993041 -3.878230 -2.044597
v 5.184636 -5.002555 -1.014367
v 5.317698 -3.680406 -1.036777
v 5.311351 -5.055862 0.021519
v 5.447393 -3.680253 0.022003
v 5.176540 -5.001944 1.056269
v 5.309150 -3.680406 1.079701
v 4.882041 -4.704276 2.045349
v 4.976361 -3.878230 2.084865
v 4.389206 -4.704276 2.958487
v 4.474005 -3.878230 3.015645
v 3.727697 -4.704276 3.757932
v 3.799715 -3.878230 3.830535
v 2.922934 -4.704275 4.412962
v 2.979404 -3.878230 4.498219
v 2.005844 -4.704275 4.898404
v 2.044597 -3.878230 4.993041
v 1.014371 -4.986477 5.185079
v 1.036775 -3.685742 5.318308
v -0.021514 -5.002498 5.311922
v -0.022006 -3.687664 5.448241
v -1.056265 -4.987165 5.177077
v -1.079703 -3.685742 5.309760
v -2.045349 -4.704276 4.882041
v -2.084865 -3.878230 4.976361
v -2.958487 -4.704276 4.389206
v -3.015645 -3.878230 4.474005
v -3.757932 -4.704276 3.727696
v -3.830535 -3.878230 3.799715
v -4.412962 -4.704276 2.922934
v -4.498219 -3.878230 2.979404
v -4.898405 -4.704276 2.005844
v -4.993041 -3.878230 2.044597
v -5.179120 -5.043577 1.014394
v -5.316977 -3.674095 1.036780
v -5.305143 -5.111552 -0.021482
v -5.446391 -3.671489 -0.021999
v -5.170968 -5.043024 -1.056241
v -5.308428 -3.674095 -1.079698
v -4.882041 -4.704275 -2.045349
v -4.976361 -3.878230 -2.084865
v -4.389206 -4.704276 -2.958487
v -4.474005 -3.878230 -3.015645
v -3.727696 -4.704276 -3.757932
v -3.799715 -3.878230 -3.830534
v -2.922934 -4.704276 -4.412962
v -2.979404 -3.878230 -4.498219
v -2.005844 -4.704276 -4.898405
v -2.044597 -3.878230 -4.993041
v -1.014365 -5.023359 -5.184084
v -1.036783 -3.668256 -5.316309
v 0.021995 -3.663377 -5.445464
v 0.721103 -6.414786 4.831364
v -0.019344 -6.580739 4.813446
v -0.759908 -6.418359 4.827265
v 0.748342 -6.315380 4.996835
v -0.020500 -6.426481 5.027300
v -0.788869 -6.319070 4.992572
v 0.741909 -2.877728 5.031319
v -0.020288 -2.790920 5.022789
v -0.782529 -2.877728 5.025161
v 0.769946 -2.852305 5.250977
v -0.021478 -2.757022 5.317411
v -0.812339 -2.852306 5.244586
v 0.019386 -6.533574 -4.840213
v 0.759945 -6.367002 -4.846286
v 0.020542 -6.726758 -5.024073
v -0.748304 -6.501449 -4.996044
v -0.721065 -6.370413 -4.850606
v 0.788907 -6.497927 -4.991551
v -0.741960 -2.768441 -5.018826
v -0.769997 -2.743017 -5.238484
v 0.021422 -2.635591 -5.303529
v 0.020232 -2.669489 -5.008908
v 0.782478 -2.768441 -5.012668
v 0.812289 -2.743017 -5.232093
v -4.794793 -6.514843 0.721248
v -4.777981 -6.693443 -0.019183
v -4.789906 -6.511964 -0.759763
v -4.960918 -6.630622 0.748487
v -4.993016 -6.863608 -0.020339
v -4.955841 -6.627649 -0.788724
v -5.236265 -2.779515 -0.812306
v -5.016840 -2.804939 -0.782495
v -5.022997 -2.804938 0.741943
v -5.013544 -2.710042 -0.020250
v -5.242656 -2.779515 0.769980
v -5.308166 -2.676144 -0.021440
v 5.018554 -2.753864 0.020271
v 5.313175 -2.719966 0.021461
v 5.027506 -2.844378 -0.741924
v 5.247165 -2.818955 -0.769962
v 5.021349 -2.844378 0.782513
v 5.240774 -2.818954 0.812324
v 4.842371 -6.248065 -0.721078
v 4.830977 -6.397348 0.019372
v 4.837781 -6.244883 0.759932
v 4.992794 -6.369330 0.788894
v 5.029542 -6.580749 0.020528
v 4.997566 -6.372615 -0.748317
v 0.001570 -4.872651 -0.388661
v 0.077364 -4.872651 -0.380887
v 0.150184 -4.872651 -0.358475
v 0.217234 -4.872651 -0.322288
v 0.275935 -4.872651 -0.273715
v 0.324032 -4.872651 -0.214623
v 0.359677 -4.872651 -0.147284
v 0.381499 -4.872651 -0.074284
v 0.388661 -4.872651 0.001570
v 0.380887 -4.872651 0.077364
v 0.358475 -4.872651 0.150184
v 0.322288 -4.872651 0.217234
v 0.273715 -4.872651 0.275935
v 0.214623 -4.872651 0.324032
v 0.147284 -4.872651 0.359677
v 0.074284 -4.872651 0.381499
v -0.001570 -4.872651 0.388661
v -0.077364 -4.872651 0.380887
v -0.150184 -4.872651 0.358475
v -0.217234 -4.872651 0.322288
v -0.275935 -4.872651 0.273715
v -0.324032 -4.872651 0.214623
v -0.359677 -4.872651 0.147284
v -0.381499 -4.872651 0.074284
v -0.388661 -4.872651 -0.001570
v -0.380887 -4.872651 -0.077364
v -0.358475 -4.872651 -0.150184
v -0.322288 -4.872651 -0.217234
v -0.273715 -4.872651 -0.275935
v -0.214623 -4.872651 -0.324032
v -0.147284 -4.872651 -0.359677
v -0.074284 -4.872651 -0.381499
v 0.426538 -5.182082 -4.143387
v 4.173506 -4.871731 2.813097
v 1.251323 -4.904922 -4.059146
v 0.882698 -5.932625 -5.076050
v 2.007828 -4.881126 -3.720158
v 5.301110 -3.133042 -0.865293
v 2.695014 -4.881126 -3.256968
v -4.196095 -4.871731 2.779291
v 3.278634 -4.881126 -2.668616
v 5.138709 -3.532664 -1.143310
v 3.736256 -4.881126 -1.977710
v 4.642121 -4.871731 1.944834
v 4.068922 -4.902998 -1.218498
v -1.100873 -5.200855 -4.933707
v 4.143662 -5.156825 -0.393178
v 4.869321 -3.711834 -1.993935
v 4.140541 -5.156392 0.426535
v 4.386762 -3.711834 -2.905580
v 4.058974 -4.902933 1.251323
v 4.924122 -5.173909 1.140678
v 3.720158 -4.881126 2.007828
v -1.143317 -3.517701 -5.136999
v 3.256968 -4.881126 2.695014
v -3.573255 -4.871731 3.544506
v 2.668616 -4.881126 3.278634
v -1.907270 -4.871731 -4.657681
v 1.977710 -4.881126 3.736256
v 3.735620 -3.711834 -3.705564
v 1.218499 -4.906476 4.068747
v -1.993935 -3.711834 -4.869321
v 0.393183 -5.216106 4.139635
v 2.940922 -3.711834 -4.363147
v -0.426530 -5.216592 4.136580
v 5.077733 -5.849068 0.882689
v -1.251322 -4.906550 4.058809
v -2.905580 -3.711834 -4.386762
v -2.007828 -4.881126 3.720158
v -2.779291 -4.871731 -4.196095
v -2.695014 -4.881126 3.256968
v 2.033205 -3.711834 -4.853055
v -3.278634 -4.881126 2.668616
v -3.705564 -3.711834 -3.735620
v -3.736256 -4.881126 1.977710
v -2.813097 -4.871731 4.173506
v -4.068104 -4.907426 1.218501
v -1.944834 -4.871731 4.642121
v -4.132243 -5.215218 0.393214
v -0.823072 -3.117100 -5.010227
v -4.129081 -5.214826 -0.426499
v 1.184777 -3.517701 -5.127596
v -4.058150 -4.907366 -1.251320
v 4.932781 -5.174810 -1.100876
v -3.720158 -4.881126 -2.007828
v 4.657681 -4.871731 -1.907270
v -3.256968 -4.881126 -2.695014
v -4.363147 -3.711834 -2.940922
v -2.668616 -4.881126 -3.278634
v -3.544506 -4.871731 -3.573255
v -1.977710 -4.881126 -3.736256
v -4.173506 -4.871731 -2.813097
v -1.218498 -4.904992 -4.069088
v -5.128417 -3.524893 -1.184781
v -0.393175 -5.182547 -4.146472
v -4.853055 -3.711834 -2.033205
v 0.515612 -3.709854 -5.026862
v 1.486397 -3.709854 -4.829682
v 2.400061 -3.709854 -4.446899
v 3.221491 -3.709854 -3.893224
v 3.919121 -3.709854 -3.189935
v 4.466142 -3.709854 -2.364059
v 4.841531 -3.709854 -1.447334
v 5.030864 -3.709854 -0.474987
v 5.026862 -3.709854 0.515612
v 4.829682 -3.709854 1.486397
v 4.446899 -3.709854 2.400061
v 3.893224 -3.709854 3.221491
v 3.189935 -3.709854 3.919121
v 2.364059 -3.709854 4.466142
v 1.447334 -3.709854 4.841531
v 0.474987 -3.709854 5.030864
v -0.515612 -3.709854 5.026862
v -1.486397 -3.709854 4.829682
v -2.400061 -3.709854 4.446899
v -3.221491 -3.709854 3.893224
v -3.919121 -3.709854 3.189935
v -4.466142 -3.709854 2.364059
v -4.841531 -3.709854 1.447334
v -5.030864 -3.709854 0.474987
v -5.026862 -3.709854 -0.515612
v -4.829682 -3.709854 -1.486397
v -4.446899 -3.709854 -2.400061
v -3.893224 -3.709854 -3.221491
v -3.189935 -3.709854 -3.919121
v -2.364059 -3.709854 -4.466142
v -1.447334 -3.709854 -4.841531
v -0.474987 -3.709854 -5.030864
v 0.542653 -5.076755 -5.280903
v 1.076013 -4.302789 -5.294693
v 1.560835 -4.737003 -5.057761
v 2.086149 -4.291253 -4.979426
v 2.514014 -4.704276 -4.658035
v 3.017502 -4.291253 -4.476760
v 3.374445 -4.704276 -4.078073
v 3.832894 -4.291253 -3.802056
v 4.105199 -4.704276 -3.341392
v 4.500990 -4.291253 -2.981240
v 4.678192 -4.704276 -2.476304
v 4.996116 -4.291253 -2.045856
v 5.070197 -4.734953 -1.519923
v 5.303414 -4.301939 -1.033199
v 5.286636 -5.048492 -0.499843
v 5.407501 -4.310454 0.021850
v 5.282629 -5.048024 0.542650
v 5.294920 -4.301880 1.076014
v 5.057784 -4.734885 1.560835
v 4.979426 -4.291253 2.086149
v 4.658035 -4.704275 2.514014
v 4.476760 -4.291253 3.017502
v 4.078073 -4.704275 3.374445
v 3.802056 -4.291253 3.832894
v 3.341392 -4.704275 4.105199
v 2.981240 -4.291253 4.500990
v 2.476304 -4.704276 4.678192
v 2.045856 -4.291253 4.996116
v 1.519923 -4.733969 5.070229
v 1.033199 -4.300077 5.303544
v 0.499848 -5.002726 5.287399
v -0.021850 -4.304710 5.407678
v -0.542645 -5.003252 5.283464
v -1.076013 -4.300143 5.295059
v -1.560834 -4.734046 5.057826
v -2.086149 -4.291253 4.979426
v -2.514014 -4.704275 4.658035
v -3.017502 -4.291253 4.476760
v -3.374445 -4.704275 4.078073
v -3.832894 -4.291253 3.802056
v -4.105199 -4.704275 3.341392
v -4.500990 -4.291253 2.981240
v -4.678192 -4.704275 2.476304
v -4.996116 -4.291253 2.045856
v -5.069597 -4.739206 1.519925
v -5.302808 -4.305484 1.033202
v -5.280342 -5.102769 0.499879
v -5.406599 -4.316320 -0.021845
v -5.276292 -5.102345 -0.542614
v -5.294309 -4.305430 -1.076010
v -5.057177 -4.739144 -1.560832
v -4.979426 -4.291253 -2.086149
v -4.658035 -4.704276 -2.514014
v -4.476760 -4.291253 -3.017502
v -4.078073 -4.704275 -3.374445
v -3.802056 -4.291253 -3.832894
v -3.341392 -4.704275 -4.105199
v -2.981240 -4.291253 -4.500990
v -2.476304 -4.704275 -4.678192
v -2.045856 -4.291253 -4.996116
v -1.519923 -4.737076 -5.070169
v -1.033199 -4.302852 -5.303181
v -0.499840 -5.077257 -5.284870
v 0.021849 -4.312077 -5.407000
v 0.553533 -3.663875 -5.415208
v 1.591350 -3.856348 -5.158601
v 2.562584 -3.878231 -4.748028
v 3.439639 -3.878231 -4.156860
v 4.184510 -3.878231 -3.405947
v 4.768574 -3.878231 -2.524145
v 5.171431 -3.857599 -1.549625
v 5.421374 -3.680244 -0.509763
v 5.417080 -3.680244 0.553541
v 5.158744 -3.857599 1.591351
v 4.748028 -3.878231 2.562584
v 4.156860 -3.878231 3.439639
v 3.405947 -3.878231 4.184510
v 2.524145 -3.878231 4.768573
v 1.549625 -3.858148 5.171494
v 0.509759 -3.687433 5.422196
v -0.553544 -3.687433 5.417901
v -1.591351 -3.858148 5.158808
v -2.562584 -3.878231 4.748028
v -3.439639 -3.878231 4.156860
v -4.184510 -3.878231 3.405947
v -4.768573 -3.878231 2.524145
v -5.171357 -3.856949 1.549626
v -5.420402 -3.671743 0.509767
v -5.416108 -3.671742 -0.553537
v -5.158670 -3.856949 -1.591350
v -4.748028 -3.878231 -2.562584
v -4.156860 -3.878231 -3.439639
v -3.405947 -3.878231 -4.184510
v -2.524145 -3.878231 -4.768574
v -1.549626 -3.856347 -5.171288
v -0.509770 -3.663875 -5.419503
v 5.129306 -3.532664 1.184784
v 4.853055 -3.711833 2.033205
v -4.657681 -4.871732 1.907270
v 3.544506 -4.871732 3.573255
v 4.363147 -3.711833 2.940922
v 3.705564 -3.711833 3.735620
v 2.779291 -4.871732 4.196095
v 2.905580 -3.711833 4.386762
v -4.923738 -5.229873 1.100911
v 1.993935 -3.711833 4.869321
v 1.907270 -4.871732 4.657681
v 1.143307 -3.539235 5.139461
v 1.140680 -5.199889 -4.925122
v -0.020206 -3.185280 5.002575
v -4.763632 -5.918614 -0.830066
v 1.100881 -5.191851 4.931963
v -1.184787 -3.539235 5.130057
v 1.944834 -4.871732 -4.642121
v -2.033205 -3.711833 4.853055
v -0.830160 -5.889047 4.788533
v 2.813097 -4.871732 -4.173506
v -2.940922 -3.711833 4.363147
v -4.914995 -5.229057 -1.140642
v -3.735620 -3.711833 3.705564
v -4.386762 -3.711833 2.905580
v 3.573255 -4.871732 -3.544506
v -1.140672 -5.192863 4.923443
v -4.869321 -3.711833 1.993935
v -4.642121 -4.871732 -1.944834
v -5.137821 -3.524893 1.143314
v 4.196095 -4.871732 -2.779291
v -5.012851 -3.140061 0.823061
v 0.439976 -6.558134 4.810809
v -0.478603 -6.560596 4.808396
v 0.462712 -6.414008 5.016202
v -0.503545 -6.416583 5.013657
v 0.789912 -6.475491 4.898073
v -0.019806 -6.744441 4.889839
v -0.829432 -6.479667 4.893733
v -0.882673 -5.796969 5.079257
v 0.841472 -5.794303 5.084816
v 0.791648 -5.886499 4.793741
v -0.021076 -5.773178 5.177614
v -0.019021 -5.923270 4.735063
v 0.452507 -2.805790 5.015187
v -0.493006 -2.805790 5.011367
v 0.475910 -2.773344 5.296453
v -0.518680 -2.773344 5.292436
v 0.812711 -2.805163 5.128946
v -0.020820 -2.637402 5.154488
v -0.854117 -2.805163 5.122214
v 0.823040 -3.185854 5.018086
v -0.021893 -3.140135 5.420230
v -0.908098 -3.154573 5.296408
v 0.865283 -3.154573 5.303571
v -0.863550 -3.185854 5.011274
v 0.478644 -6.497694 -4.833312
v 0.019854 -6.889979 -4.903375
v -0.789871 -6.545163 -4.907770
v -0.439935 -6.500043 -4.835878
v 0.503587 -6.679470 -5.010328
v -0.462671 -6.681929 -5.013033
v 0.829473 -6.541178 -4.903171
v 0.021101 -6.008356 -5.170928
v 0.830184 -5.822774 -4.802950
v -0.841448 -5.935169 -5.081775
v -0.791624 -5.825204 -4.808316
v 0.019046 -5.839957 -4.755872
v -0.812765 -2.687892 -5.115541
v 0.020755 -2.497757 -5.138525
v 0.854063 -2.687892 -5.108809
v 0.492951 -2.686440 -4.997723
v -0.452562 -2.686439 -5.001544
v 0.518625 -2.653993 -5.278793
v -0.475965 -2.653993 -5.282810
v -0.865316 -3.084018 -5.295505
v 0.021859 -3.067276 -5.411901
v 0.908066 -3.084017 -5.288342
v 0.863518 -3.117100 -5.003414
v 0.020174 -3.115457 -4.994594
v -4.773825 -6.658141 0.440134
v -4.770869 -6.656157 -0.478444
v -4.980239 -6.818433 0.462870
v -4.977125 -6.816359 -0.503387
v -4.858465 -6.692441 0.790067
v -4.849733 -7.060594 -0.019621
v -4.853203 -6.689076 -0.829277
v -5.054865 -6.015103 -0.882580
v -5.157231 -6.086822 -0.020979
v -5.061013 -6.017250 0.841566
v -4.713597 -5.939525 -0.018924
v -4.769403 -5.920666 0.791741
v -5.113285 -2.727056 -0.854081
v -5.006099 -2.726297 0.452544
v -5.002280 -2.726298 -0.492969
v -5.287366 -2.693851 0.475947
v -5.283350 -2.693851 -0.518644
v -5.120018 -2.727056 0.812747
v -5.143856 -2.544392 -0.020777
v -5.298199 -3.107580 0.865305
v -4.997259 -3.138776 -0.020185
v -5.414682 -3.091608 -0.021871
v -5.291035 -3.107580 -0.908077
v -5.006039 -3.140060 -0.863529
v 5.149617 -2.594787 0.020800
v 5.124856 -2.769376 -0.812727
v 5.011024 -2.769369 -0.452524
v 5.007204 -2.769369 0.492989
v 5.292290 -2.736922 -0.475927
v 5.288273 -2.736922 0.518664
v 5.118124 -2.769376 0.854100
v 5.417688 -3.117901 0.021883
v 5.015688 -3.164873 -0.823050
v 5.293947 -3.133042 0.908089
v 5.008875 -3.164873 0.863540
v 5.000140 -3.163973 0.020196
v 4.826375 -6.366572 -0.439949
v 4.823623 -6.364381 0.478629
v 4.899009 -6.406889 0.829459
v 4.901209 -6.727695 0.019838
v 4.903923 -6.410607 -0.789886
v 5.017332 -6.539278 -0.462685
v 5.014432 -6.536986 0.503572
v 5.176539 -5.919202 0.021093
v 5.083659 -5.851439 -0.841456
v 4.801638 -5.747163 -0.791632
v 4.748003 -5.759773 0.019037
v 4.796080 -5.744895 0.830175
v 0.039658 -4.872651 -0.386634
v 0.114324 -4.872651 -0.371468
v 0.184597 -4.872651 -0.342027
v 0.247776 -4.872651 -0.299442
v 0.301434 -4.872651 -0.245349
v 0.343507 -4.872651 -0.181828
v 0.372380 -4.872651 -0.111320
v 0.386942 -4.872651 -0.036533
v 0.386634 -4.872651 0.039658
v 0.371468 -4.872651 0.114324
v 0.342027 -4.872651 0.184597
v 0.299442 -4.872651 0.247776
v 0.245349 -4.872651 0.301434
v 0.181828 -4.872651 0.343507
v 0.111320 -4.872651 0.372380
v 0.036533 -4.872651 0.386942
v -0.039658 -4.872651 0.386634
v -0.114324 -4.872651 0.371468
v -0.184597 -4.872651 0.342027
v -0.247776 -4.872651 0.299442
v -0.301434 -4.872651 0.245349
v -0.343507 -4.872651 0.181828
v -0.372380 -4.872651 0.111320
v -0.386942 -4.872651 0.036533
v -0.386634 -4.872651 -0.039658
v -0.371468 -4.872651 -0.114324
v -0.342027 -4.872651 -0.184597
v -0.299442 -4.872651 -0.247776
v -0.245349 -4.872651 -0.301434
v -0.181828 -4.872651 -0.343507
v -0.111320 -4.872651 -0.372380
v -0.036533 -4.872651 -0.386942
v -1.432941 -4.873711 2.125908
v -1.820151 -4.873711 1.805507
v -2.364613 -4.873711 -0.990663
v -2.125908 -4.873711 -1.432941
v 2.372538 -4.873711 -0.971529
v 2.534205 -4.895010 -0.494064
v 1.415721 -4.873711 2.137414
v 0.971529 -4.873711 2.372538
v -2.137414 -4.873711 1.415721
v 0.010301 -4.912635 -2.552120
v 0.514513 -4.896920 -2.530367
v -1.805507 -4.873711 -1.820151
v 2.551767 -4.909311 0.010300
v 0.494064 -4.899400 2.533958
v -2.372538 -4.873711 0.971529
v 0.990663 -4.873711 -2.364613
v -1.415721 -4.873711 -2.137414
v 2.530155 -4.894956 0.514512
v -0.010300 -4.916709 2.551201
v -2.533341 -4.899472 0.494067
v 1.432941 -4.873711 -2.125908
v -0.971529 -4.873711 -2.372538
v 2.364613 -4.873711 0.990663
v -0.514512 -4.899462 2.529917
v -2.550305 -4.916824 -0.010296
v 1.820151 -4.873711 -1.805507
v -0.494064 -4.896979 -2.534412
v 2.125908 -4.873711 1.432941
v -0.990663 -4.873711 2.364613
v -2.529286 -4.899422 -0.514510
v 2.137414 -4.873711 -1.415721
v 1.805507 -4.873711 1.820151
v 3.877663 -4.871732 3.208614
v -4.448290 -4.871732 2.354610
v 5.026385 -3.691870 1.562273
v 5.145402 -3.130355 -0.972195
v 4.429124 -4.871731 2.390467
v 0.983063 -5.894103 -4.943302
v 5.391851 -3.121768 -0.493198
v -3.903456 -4.871731 3.177185
v 5.038840 -3.691870 -1.521618
v 4.810917 -4.907412 1.495593
v -1.456682 -4.910564 -4.822905
v 4.650416 -3.711834 -2.461601
v 0.536715 -3.071544 -5.381949
v 4.080825 -3.711834 -3.321554
v 5.156008 -5.902994 -0.479870
v -1.521619 -3.690240 -5.038654
v -3.208614 -4.871731 3.877663
v -2.354610 -4.871731 -4.448290
v 3.354411 -3.711834 -4.053860
v -2.461601 -3.711834 -4.650416
v 2.499088 -3.711834 -4.630380
v 5.152592 -5.901553 0.521836
v -3.321554 -3.711834 -4.080825
v -3.177185 -4.871731 -3.903456
v 1.562272 -3.690240 -5.026198
v -4.053860 -3.711834 -3.354411
v -2.390467 -4.871731 4.429124
v -0.972218 -3.080755 -5.139731
v 4.822796 -4.907517 -1.456683
v -4.630380 -3.711834 -2.499088
v -3.877663 -4.871731 -3.208614
v -5.026288 -3.691024 -1.562273
v 0.552361 -4.310448 -5.378160
v 1.588299 -4.293283 -5.160548
v 2.564163 -4.291253 -4.750952
v 3.441758 -4.291253 -4.159421
v 4.187088 -4.291253 -3.408045
v 4.771511 -4.291253 -2.525700
v 5.173242 -4.293133 -1.546558
v 5.382861 -4.309003 -0.508880
v 5.378598 -4.308948 0.552362
v 5.160585 -4.293121 1.588299
v 4.750952 -4.291253 2.564163
v 4.159420 -4.291253 3.441758
v 3.408045 -4.291253 4.187088
v 2.525700 -4.291253 4.771511
v 1.546558 -4.292887 5.173265
v 0.508880 -4.304250 5.383052
v -0.552361 -4.304312 5.378798
v -1.588299 -4.292901 5.160610
v -2.564163 -4.291253 4.750952
v -3.441758 -4.291253 4.159420
v -4.187088 -4.291253 3.408045
v -4.771511 -4.291253 2.525700
v -5.173128 -4.293775 1.546558
v -5.381985 -4.314544 0.508885
v -5.377717 -4.314495 -0.552357
v -5.160470 -4.293764 -1.588299
v -4.750952 -4.291253 -2.564163
v -4.159420 -4.291253 -3.441758
v -3.408045 -4.291253 -4.187088
v -2.525700 -4.291253 -4.771511
v -1.546558 -4.293295 -5.173204
v -0.508881 -4.310507 -5.382417
v 4.630380 -3.711834 2.499088
v 4.053860 -3.711834 3.354411
v 3.177185 -4.871732 3.903456
v 3.321554 -3.711834 4.080825
v -4.821737 -4.913961 1.456687
v 2.461601 -3.711834 4.650416
v 2.354610 -4.871732 4.448290
v 1.521618 -3.692587 5.038922
v 0.521845 -5.989286 -5.147929
v -0.536749 -3.143827 5.390212
v -5.132440 -6.068798 -0.521724
v 1.456683 -4.909528 4.822701
v 0.458173 -3.187387 4.992988
v 1.495593 -4.910450 -4.811035
v -1.562273 -3.692587 5.026466
v 0.943167 -5.865463 4.944092
v 2.390467 -4.871732 -4.429124
v -2.499088 -3.711834 4.630380
v -4.911776 -5.985451 -0.982943
v -3.354411 -3.711834 4.053860
v -4.080825 -3.711834 3.321554
v 3.208614 -4.871732 -3.877663
v -0.983039 -5.868501 4.937913
v -4.650416 -3.711834 2.461601
v -4.809849 -4.913865 -1.495589
v -5.038744 -3.691023 1.521618
v 3.903456 -4.871732 -3.177185
v -4.987701 -3.141145 0.458195
v -4.429124 -4.871731 -2.390467
v -1.495592 -4.909647 4.810839
v -5.142456 -3.104594 0.972207
v 4.448290 -4.871731 -2.354610
v 0.456892 -6.719068 4.884647
v -0.496394 -6.721985 4.882335
v -0.521820 -5.778695 5.154518
v 0.479887 -5.777074 5.157711
v -0.475843 -5.920212 4.732329
v 0.437829 -5.918702 4.735223
v 0.469865 -2.658478 5.140306
v -0.511374 -2.658478 5.136342
v 0.972185 -3.152138 5.147892
v -0.498493 -3.187387 4.989123
v -1.013739 -3.152138 5.139870
v 0.493188 -3.143827 5.394372
v -0.456844 -6.838629 -4.897179
v 0.496442 -6.835844 -4.894685
v -0.479862 -5.990833 -5.151221
v -0.943142 -5.897001 -4.949670
v 0.475868 -5.828817 -4.751932
v -0.437804 -5.830258 -4.754920
v -0.469928 -2.521643 -5.124664
v 0.511311 -2.521643 -5.120701
v -0.493222 -3.071544 -5.386109
v 0.498461 -3.117958 -4.981186
v -0.458206 -3.117958 -4.985051
v 1.013706 -3.080755 -5.131710
v -4.842749 -7.007563 0.457073
v -4.839793 -7.005212 -0.496213
v -5.135989 -6.070104 0.479983
v -4.709339 -5.928327 -0.475747
v -4.918625 -5.987899 0.943262
v -4.712565 -5.929543 0.437925
v -5.129888 -2.567340 0.469907
v -5.125924 -2.567340 -0.511332
v -5.384708 -3.095684 -0.536727
v -5.134436 -3.104594 -1.013717
v -4.983837 -3.141145 -0.498471
v -5.388868 -3.095683 0.493210
v 5.131569 -2.616721 0.511355
v 5.135533 -2.616721 -0.469884
v 5.137381 -3.130355 1.013729
v 4.990566 -3.166200 -0.458183
v 5.387691 -3.121768 0.536739
v 4.986701 -3.166200 0.498483
v 4.891453 -6.677770 0.496425
v 4.894167 -6.680368 -0.456861
v 4.946891 -5.815088 -0.943151
v 4.743811 -5.749583 0.475859
v 4.746913 -5.750927 -0.437813
v 4.940294 -5.812384 0.983055
v -1.634410 -4.873711 1.975211
v -2.256116 -4.873711 -1.217661
v 2.461254 -4.877561 -0.735348
v 1.199396 -4.873711 2.265878
v -1.988349 -4.873711 1.618400
v 0.262051 -4.910167 -2.545745
v -1.975211 -4.873711 -1.634410
v 2.547411 -4.907106 -0.241493
v 0.735348 -4.878332 2.461214
v -2.265878 -4.873711 1.199396
v 0.755206 -4.877903 -2.455275
v -1.618400 -4.873711 -1.988349
v 2.545400 -4.907055 0.262051
v 0.241494 -4.914300 2.546919
v -2.461099 -4.878363 0.735349
v 1.217661 -4.873711 -2.256116
v -1.199396 -4.873711 -2.265878
v 2.455238 -4.877549 0.755205
v -0.262050 -4.914358 2.544916
v -2.546027 -4.914180 0.241497
v 1.634410 -4.873711 -1.975211
v -0.735348 -4.877915 -2.461290
v 2.256116 -4.873711 1.217661
v -0.755205 -4.878344 2.455200
v -2.544011 -4.914135 -0.262046
v 1.988349 -4.873711 -1.618400
v -0.241492 -4.910222 -2.547752
v 1.975211 -4.873711 1.634410
v -1.217661 -4.873711 2.256116
v -2.455083 -4.878352 -0.755205
v 2.265878 -4.873711 -1.199396
v 1.618400 -4.873711 1.988349
vn 0.0086 -0.9999 0.0079
vn 0.0093 -0.9999 0.0070
vn 0.4338 -0.8405 0.3245
vn 0.4000 -0.8405 0.3654
vn -0.0106 -0.9999 0.0049
vn -0.0100 -0.9999 0.0060
vn -0.4658 -0.8405 0.2766
vn -0.4907 -0.8405 0.2297
vn -0.4816 0.8756 0.0360
vn -0.0433 0.9990 0.0055
vn 0.7220 0.6269 0.2927
vn 0.6920 0.5875 0.4194
vn 0.6020 0.2765 -0.7491
vn -0.7791 0.2428 -0.5780
vn -0.7313 0.2187 -0.6460
vn 0.4940 0.3542 -0.7940
vn 0.0100 -0.9999 0.0060
vn 0.0105 -0.9999 0.0050
vn 0.4888 -0.8405 0.2336
vn 0.4636 -0.8405 0.2804
vn 0.8523 -0.2006 -0.4830
vn 0.8057 -0.3016 0.5099
vn 0.5869 -0.1124 0.8018
vn 0.8202 -0.2216 -0.5275
vn 0.9973 0.0534 -0.0496
vn 0.9743 0.0766 -0.2117
vn 0.9431 0.2436 -0.2265
vn 0.9662 0.2530 -0.0498
vn -0.0094 -0.9999 0.0069
vn -0.0087 -0.9999 0.0078
vn -0.4029 -0.8405 0.3622
vn -0.4364 -0.8405 0.3210
vn -0.0433 0.9990 -0.0058
vn -0.4813 0.8756 -0.0399
vn 0.6954 0.5875 -0.4138
vn 0.7243 0.6269 -0.2868
vn -0.0195 -0.9979 0.0613
vn -0.2176 -0.8730 0.4365
vn 0.4879 -0.6765 0.5516
vn 0.4985 -0.8322 0.2430
vn -0.4673 -0.8540 0.2287
vn -0.0666 -0.9975 0.0216
vn -0.2435 -0.8311 -0.5000
vn -0.5694 -0.6590 -0.4914
vn 0.0082 1.0000 -0.0049
vn 0.0086 1.0000 -0.0040
vn 0.7064 0.6259 -0.3306
vn 0.6706 0.6259 -0.3982
vn 0.2193 0.0787 -0.9725
vn 0.0576 0.0569 -0.9967
vn 0.0578 0.2425 -0.9684
vn 0.2347 0.2335 -0.9436
vn 0.0071 1.0000 -0.0064
vn 0.0077 1.0000 -0.0056
vn 0.6283 0.6259 -0.4621
vn 0.5800 0.6259 -0.5214
vn 0.9655 -0.1550 -0.2094
vn 0.9871 -0.1531 -0.0472
vn 0.9755 -0.2153 -0.0451
vn 0.9569 -0.2054 -0.2054
vn -0.0060 0.9989 0.0475
vn -0.0424 0.8569 0.5137
vn -0.4245 0.5798 -0.6954
vn -0.2884 0.6265 -0.7241
vn -0.0079 -0.9999 0.0086
vn -0.0070 -0.9999 0.0093
vn -0.3245 -0.8405 0.4338
vn -0.3654 -0.8405 0.4000
vn -0.0050 -0.9999 -0.0106
vn -0.0060 -0.9999 -0.0100
vn -0.2766 -0.8405 -0.4658
vn -0.2297 -0.8405 -0.4907
vn 0.0057 1.0000 -0.0076
vn 0.0064 1.0000 -0.0070
vn 0.5261 0.6259 -0.5758
vn 0.4672 0.6259 -0.6245
vn -0.0049 1.0000 -0.0082
vn -0.0040 1.0000 -0.0086
vn -0.3306 0.6259 -0.7064
vn -0.3982 0.6259 -0.6706
vn 0.0041 1.0000 -0.0086
vn 0.0049 1.0000 -0.0081
vn 0.4036 0.6259 -0.6674
vn 0.3363 0.6259 -0.7037
vn 0.9867 -0.1529 0.0547
vn 0.9639 -0.1545 0.2169
vn 0.9554 -0.2050 0.2125
vn 0.9752 -0.2152 0.0521
vn -0.0064 1.0000 -0.0071
vn -0.0056 1.0000 -0.0077
vn -0.4621 0.6259 -0.6283
vn -0.5214 0.6259 -0.5800
vn -0.0069 -0.9999 -0.0094
vn -0.0078 -0.9999 -0.0087
vn -0.3622 -0.8405 -0.4029
vn -0.3210 -0.8405 -0.4364
vn 0.0382 0.8569 0.5140
vn 0.0056 0.9989 0.0476
vn 0.2942 0.6265 -0.7218
vn 0.4301 0.5798 -0.6920
vn -0.0076 1.0000 -0.0057
vn -0.0070 1.0000 -0.0064
vn -0.5758 0.6259 -0.5261
vn -0.6245 0.6259 -0.4672
vn -0.0060 -0.9999 0.0100
vn -0.0050 -0.9999 0.0105
vn -0.2336 -0.8405 0.4888
vn -0.2804 -0.8405 0.4636
vn -0.7542 0.2636 -0.6014
vn -0.5824 0.2177 0.7832
vn -0.6507 0.1957 0.7337
vn -0.7999 0.3330 -0.4993
vn -0.2147 -0.8723 -0.4393
vn -0.0191 -0.9979 -0.0616
vn 0.5004 -0.8321 -0.2391
vn 0.4925 -0.6760 -0.5481
vn -0.0086 1.0000 -0.0041
vn -0.0081 1.0000 -0.0049
vn -0.6674 0.6259 -0.4036
vn -0.7037 0.6259 -0.3363
vn -0.0086 -0.9999 -0.0079
vn -0.0093 -0.9999 -0.0070
vn -0.4338 -0.8405 -0.3245
vn -0.4000 -0.8405 -0.3654
vn 0.4987 0.8660 -0.0371
vn 0.0455 0.9989 -0.0056
vn -0.7219 0.6267 -0.2935
vn -0.6920 0.5835 -0.4251
vn 0.0552 -0.1258 -0.9905
vn 0.0555 -0.0582 -0.9968
vn 0.1789 -0.0391 -0.9831
vn 0.1851 -0.1449 -0.9720
vn 0.2882 -0.1903 -0.9385
vn 0.2648 -0.0117 -0.9642
vn 0.3442 0.0048 -0.9389
vn 0.3390 -0.2396 -0.9098
vn 0.4178 -0.2474 -0.8742
vn 0.4312 0.0080 -0.9022
vn 0.5175 0.0080 -0.8556
vn 0.5014 -0.2474 -0.8291
vn 0.5804 -0.2474 -0.7759
vn 0.5990 0.0080 -0.8007
vn 0.6745 0.0080 -0.7382
vn 0.6535 -0.2474 -0.7153
vn 0.7206 -0.2474 -0.6477
vn 0.7437 0.0080 -0.6685
vn 0.8056 0.0080 -0.5925
vn 0.7805 -0.2474 -0.5741
vn 0.8331 -0.2474 -0.4947
vn 0.8598 0.0080 -0.5106
vn 0.9057 0.0080 -0.4239
vn 0.8775 -0.2474 -0.4108
vn 0.9125 -0.2401 -0.3311
vn 0.9416 0.0047 -0.3368
vn 0.9660 -0.0130 -0.2581
vn 0.9407 -0.1937 -0.2784
vn 0.9728 -0.1487 -0.1775
vn 0.9842 -0.0422 -0.1717
vn 0.9969 -0.0621 -0.0476
vn 0.9906 -0.1286 -0.0475
vn 0.9902 -0.1285 0.0554
vn 0.9965 -0.0621 0.0557
vn 0.9828 -0.0421 0.1797
vn 0.9714 -0.1485 0.1853
vn 0.9384 -0.1936 0.2861
vn 0.9639 -0.0130 0.2659
vn 0.9388 0.0047 0.3444
vn 0.9098 -0.2401 0.3385
vn 0.8742 -0.2474 0.4178
vn 0.9022 0.0080 0.4312
vn 0.8556 0.0080 0.5175
vn 0.8291 -0.2474 0.5014
vn 0.7759 -0.2474 0.5804
vn 0.8007 0.0080 0.5990
vn 0.7382 0.0080 0.6745
vn 0.7153 -0.2474 0.6535
vn 0.6477 -0.2474 0.7206
vn 0.6685 0.0080 0.7437
vn 0.5925 0.0080 0.8056
vn 0.5741 -0.2474 0.7805
vn 0.4947 -0.2474 0.8331
vn 0.5106 0.0080 0.8598
vn 0.4239 0.0080 0.9057
vn 0.4108 -0.2474 0.8775
vn 0.3309 -0.2403 0.9126
vn 0.3368 0.0047 0.9416
vn 0.2586 -0.0136 0.9659
vn 0.2763 -0.1960 0.9409
vn 0.1733 -0.1539 0.9728
vn 0.1719 -0.0437 0.9841
vn 0.0476 -0.0644 0.9968
vn 0.0463 -0.1360 0.9896
vn -0.0539 -0.1357 0.9893
vn -0.0556 -0.0644 0.9964
vn -0.1799 -0.0437 0.9827
vn -0.1811 -0.1534 0.9714
vn -0.2842 -0.1956 0.9386
vn -0.2664 -0.0136 0.9638
vn -0.3444 0.0047 0.9388
vn -0.3383 -0.2403 0.9099
vn -0.4178 -0.2474 0.8742
vn -0.4312 0.0080 0.9022
vn -0.5175 0.0080 0.8556
vn -0.5014 -0.2474 0.8291
vn -0.5804 -0.2474 0.7759
vn -0.5990 0.0080 0.8007
vn -0.6745 0.0080 0.7382
vn -0.6535 -0.2474 0.7153
vn -0.7206 -0.2474 0.6477
vn -0.7437 0.0080 0.6685
vn -0.8056 0.0080 0.5925
vn -0.7805 -0.2474 0.5741
vn -0.8331 -0.2474 0.4947
vn -0.8598 0.0080 0.5106
vn -0.9057 0.0080 0.4239
vn -0.8775 -0.2474 0.4108
vn -0.9125 -0.2397 0.3316
vn -0.9416 0.0047 0.3366
vn -0.9663 -0.0128 0.2571
vn -0.9407 -0.1914 0.2802
vn -0.9729 -0.1469 0.1786
vn -0.9844 -0.0412 0.1712
vn -0.9970 -0.0606 0.0476
vn -0.9907 -0.1273 0.0478
vn -0.9903 -0.1273 -0.0557
vn -0.9966 -0.0606 -0.0556
vn -0.9830 -0.0412 -0.1792
vn -0.9714 -0.1467 -0.1864
vn -0.9384 -0.1913 -0.2879
vn -0.9642 -0.0128 -0.2649
vn -0.9389 0.0047 -0.3442
vn -0.9098 -0.2396 -0.3390
vn -0.8742 -0.2474 -0.4178
vn -0.9022 0.0080 -0.4312
vn -0.8556 0.0080 -0.5175
vn -0.8291 -0.2474 -0.5014
vn -0.7759 -0.2474 -0.5804
vn -0.8007 0.0080 -0.5990
vn -0.7382 0.0080 -0.6745
vn -0.7153 -0.2474 -0.6535
vn -0.6477 -0.2474 -0.7206
vn -0.6685 0.0080 -0.7437
vn -0.5925 0.0080 -0.8056
vn -0.5741 -0.2474 -0.7805
vn -0.4947 -0.2474 -0.8331
vn -0.5106 0.0080 -0.8598
vn -0.4239 0.0080 -0.9057
vn -0.4108 -0.2474 -0.8775
vn -0.3316 -0.2396 -0.9125
vn -0.3366 0.0048 -0.9416
vn -0.2569 -0.0117 -0.9664
vn -0.2805 -0.1904 -0.9408
vn -0.1773 -0.1451 -0.9734
vn -0.1710 -0.0392 -0.9845
vn -0.0475 -0.0582 -0.9972
vn -0.0473 -0.1259 -0.9909
vn 0.0086 1.0000 0.0041
vn 0.0081 1.0000 0.0049
vn 0.6674 0.6259 0.4036
vn 0.7037 0.6259 0.3363
vn 0.0076 1.0000 0.0057
vn 0.0070 1.0000 0.0064
vn 0.5758 0.6259 0.5261
vn 0.6245 0.6259 0.4672
vn 0.0069 -0.9999 0.0094
vn 0.0078 -0.9999 0.0087
vn 0.3622 -0.8405 0.4029
vn 0.3210 -0.8405 0.4364
vn 0.0064 1.0000 0.0071
vn 0.0056 1.0000 0.0077
vn 0.4621 0.6259 0.6283
vn 0.5214 0.6259 0.5800
vn 0.2435 -0.8295 0.5027
vn 0.0244 -0.9971 0.0726
vn -0.4996 -0.8302 0.2473
vn -0.4903 -0.6457 0.5854
vn 0.0049 1.0000 0.0082
vn 0.0040 1.0000 0.0086
vn 0.3306 0.6259 0.7064
vn 0.3982 0.6259 0.6706
vn 0.0049 -0.9999 0.0106
vn 0.0060 -0.9999 0.0100
vn 0.2766 -0.8405 0.4658
vn 0.2297 -0.8405 0.4907
vn 0.0057 0.9991 -0.0414
vn 0.0387 0.8836 -0.4665
vn 0.4090 0.5910 0.6953
vn 0.2862 0.6271 0.7244
vn 0.0537 -0.1467 -0.9877
vn 0.2137 -0.1463 -0.9659
vn 0.2041 -0.1882 -0.9607
vn 0.0499 -0.1983 -0.9789
vn -0.2196 0.0756 0.9726
vn -0.0577 0.0518 0.9970
vn -0.0575 0.2581 0.9644
vn -0.2338 0.2486 0.9400
vn -0.9873 -0.1490 -0.0558
vn -0.9634 -0.1514 -0.2211
vn -0.9554 -0.1968 -0.2200
vn -0.9772 -0.2055 -0.0540
vn 0.4827 -0.8490 -0.2149
vn 0.0677 -0.9975 -0.0203
vn 0.2408 -0.8299 0.5032
vn 0.5435 -0.6557 0.5241
vn -0.0533 0.0111 -0.9985
vn -0.0328 -0.0847 -0.9959
vn -0.0171 0.0544 -0.9984
vn 0.0692 0.0599 -0.9958
vn 0.0663 -0.9976 0.0221
vn 0.4644 -0.8548 0.2318
vn 0.5729 -0.6595 -0.4867
vn 0.2474 -0.8312 -0.4980
vn -0.0349 0.8836 -0.4668
vn -0.0054 0.9991 -0.0414
vn -0.2920 0.6271 0.7221
vn -0.4146 0.5910 0.6920
vn 0.8401 -0.2817 -0.4636
vn 0.8145 -0.2139 0.5394
vn 0.7180 -0.2341 0.6555
vn 0.6840 -0.1292 -0.7179
vn 0.0060 -0.9999 -0.0100
vn 0.0050 -0.9999 -0.0105
vn 0.2336 -0.8405 -0.4888
vn 0.2804 -0.8405 -0.4636
vn -0.0041 1.0000 0.0086
vn -0.0049 1.0000 0.0081
vn -0.4036 0.6259 0.6674
vn -0.3363 0.6259 0.7037
vn -0.4745 -0.1972 -0.8579
vn 0.5054 -0.2597 -0.8229
vn 0.7693 -0.0901 -0.6326
vn -0.5066 -0.2176 -0.8343
vn -0.0057 1.0000 0.0076
vn -0.0064 1.0000 0.0070
vn -0.5261 0.6259 0.5758
vn -0.4672 0.6259 0.6245
vn -0.0071 1.0000 0.0064
vn -0.0077 1.0000 0.0056
vn -0.6283 0.6259 0.4621
vn -0.5800 0.6259 0.5214
vn 0.0079 -0.9999 -0.0086
vn 0.0070 -0.9999 -0.0093
vn 0.3245 -0.8405 -0.4338
vn 0.3654 -0.8405 -0.4000
vn -0.8193 -0.2126 0.5325
vn -0.8362 -0.2818 -0.4705
vn -0.6782 -0.1297 -0.7233
vn -0.7236 -0.2330 0.6497
vn -0.0082 1.0000 0.0049
vn -0.0086 1.0000 0.0040
vn -0.7064 0.6259 0.3306
vn -0.6706 0.6259 0.3982
vn 0.0249 -0.9971 -0.0722
vn 0.2471 -0.8301 -0.4999
vn -0.4855 -0.6461 -0.5890
vn -0.4976 -0.8302 -0.2512
vn 0.0455 0.9989 0.0059
vn 0.4984 0.8660 0.0412
vn -0.6954 0.5835 0.4195
vn -0.7242 0.6267 0.2876
vn 0.0094 -0.9999 -0.0069
vn 0.0087 -0.9999 -0.0078
vn 0.4029 -0.8405 -0.3622
vn 0.4364 -0.8405 -0.3210
vn 0.9986 0.0009 -0.0532
vn 0.9957 -0.0871 -0.0328
vn 0.9990 0.0410 -0.0171
vn 0.9965 0.0460 0.0695
vn -0.0100 -0.9999 -0.0060
vn -0.0105 -0.9999 -0.0050
vn -0.4888 -0.8405 -0.2336
vn -0.4636 -0.8405 -0.2804
vn -0.0677 -0.9975 -0.0210
vn -0.4818 -0.8484 -0.2193
vn -0.5488 -0.6548 0.5197
vn -0.2451 -0.8299 0.5013
vn -0.6017 0.2696 0.7518
vn 0.7814 0.2293 0.5804
vn 0.7327 0.2063 0.6486
vn -0.4969 0.3428 0.7972
vn 0.0106 -0.9999 -0.0049
vn 0.0100 -0.9999 -0.0060
vn 0.4658 -0.8405 -0.2766
vn 0.4907 -0.8405 -0.2297
vn 0.0139 -0.4194 -0.9077
vn 0.3117 -0.4199 -0.8523
vn 0.2386 -0.4161 0.8775
vn 0.0312 -0.3964 0.9175
vn -0.3048 -0.4196 -0.8550
vn -0.0069 -0.4194 -0.9078
vn -0.0336 -0.3961 0.9176
vn -0.2422 -0.4156 0.8767
vn -0.0486 -0.1683 0.9845
vn -0.2003 -0.1628 0.9661
vn -0.1689 -0.2054 0.9640
vn -0.0374 -0.2204 0.9747
vn 0.1933 -0.1641 0.9673
vn 0.0421 -0.1688 0.9848
vn 0.0326 -0.2209 0.9748
vn 0.1635 -0.2067 0.9646
vn -0.3065 -0.5614 -0.7687
vn -0.0145 -0.6511 -0.7589
vn 0.0054 -0.1182 -0.9930
vn -0.1448 -0.1049 -0.9839
vn 0.0212 -0.6512 -0.7586
vn 0.3129 -0.5615 -0.7661
vn 0.1512 -0.1042 -0.9830
vn 0.0008 -0.1179 -0.9930
vn 0.2289 0.6460 -0.7282
vn 0.0070 0.6490 -0.7607
vn 0.0515 0.8051 0.5908
vn 0.3277 0.7970 0.5074
vn -0.0009 0.6490 -0.7608
vn -0.2230 0.6460 -0.7301
vn -0.3317 0.7970 0.5047
vn -0.0563 0.8051 0.5904
vn 0.7466 0.2827 0.6022
vn 0.5758 0.2550 -0.7768
vn 0.6436 0.2300 -0.7299
vn 0.7910 0.3646 0.4914
vn 0.0409 -0.0847 -0.9956
vn 0.0614 0.0111 -0.9981
vn -0.0611 0.0599 -0.9963
vn 0.0251 0.0544 -0.9982
vn -0.5695 0.2550 -0.7815
vn -0.7514 0.2827 0.5962
vn -0.7949 0.3646 0.4850
vn -0.6377 0.2300 -0.7351
vn 0.0496 0.0518 0.9974
vn 0.2118 0.0756 0.9744
vn 0.2262 0.2486 0.9418
vn 0.0497 0.2581 0.9648
vn -0.0049 -0.1762 0.9843
vn -0.1734 -0.1939 0.9656
vn -0.4603 -0.5919 -0.6617
vn -0.0739 -0.5937 -0.8013
vn 0.1683 -0.1944 0.9664
vn 0.0006 -0.1765 0.9843
vn 0.0815 -0.5939 -0.8004
vn 0.4672 -0.5925 -0.6562
vn -0.2063 -0.1469 -0.9674
vn -0.0464 -0.1469 -0.9881
vn -0.0432 -0.1985 -0.9791
vn -0.1973 -0.1886 -0.9620
vn -0.8102 -0.3002 0.5035
vn -0.8481 -0.2007 -0.4904
vn -0.8150 -0.2216 -0.5354
vn -0.5934 -0.1116 0.7971
vn 0.2698 -0.6029 0.7508
vn 0.0212 -0.6883 0.7251
vn -0.0055 -0.1208 0.9927
vn 0.1226 -0.1082 0.9865
vn -0.0248 -0.6879 0.7253
vn -0.2748 -0.6018 0.7498
vn -0.1285 -0.1072 0.9859
vn 0.0001 -0.1204 0.9927
vn -0.2443 0.5970 0.7642
vn -0.0078 0.6002 0.7998
vn -0.0552 0.7665 -0.6399
vn -0.3499 0.7576 -0.5510
vn 0.0014 0.6003 0.7998
vn 0.2381 0.5970 0.7661
vn 0.3543 0.7576 -0.5482
vn 0.0604 0.7665 -0.6394
vn -0.0496 0.0569 -0.9972
vn -0.2115 0.0787 -0.9742
vn -0.2271 0.2335 -0.9455
vn -0.0499 0.2425 -0.9689
vn -0.0409 -0.0881 0.9953
vn -0.0613 -0.0035 0.9981
vn 0.0616 0.0398 0.9973
vn -0.0251 0.0350 0.9991
vn 0.0532 -0.0035 0.9986
vn 0.0328 -0.0881 0.9956
vn 0.0170 0.0350 0.9992
vn -0.0696 0.0398 0.9968
vn 0.5760 0.2177 0.7879
vn 0.7590 0.2636 -0.5953
vn 0.8039 0.3330 -0.4928
vn 0.6447 0.1957 0.7390
vn 0.9813 -0.1925 0.0065
vn 0.9555 -0.2061 0.2109
vn -0.6703 -0.5739 0.4705
vn -0.8059 -0.5870 0.0767
vn 0.9567 -0.2064 -0.2052
vn 0.9813 -0.1927 -0.0012
vn -0.8050 -0.5872 -0.0845
vn -0.6652 -0.5742 -0.4772
vn -0.9651 -0.1517 0.2135
vn -0.9877 -0.1491 0.0482
vn -0.9775 -0.2056 0.0467
vn -0.9570 -0.1970 0.2127
vn 0.7875 -0.5436 -0.2902
vn 0.7725 -0.6347 -0.0207
vn 0.9964 -0.0847 0.0079
vn 0.9887 -0.0724 -0.1316
vn 0.4988 -0.2588 0.8272
vn -0.4818 -0.1972 0.8538
vn -0.5143 -0.2176 0.8296
vn 0.7641 -0.0896 0.6388
vn 0.7726 -0.6344 0.0252
vn 0.7860 -0.5428 0.2958
vn 0.9878 -0.0718 0.1383
vn 0.9964 -0.0844 -0.0015
vn 0.7530 0.6129 0.2394
vn 0.7876 0.6161 0.0076
vn -0.6245 0.7792 0.0540
vn -0.5373 0.7705 0.3429
vn 0.7876 0.6161 -0.0012
vn 0.7549 0.6129 -0.2333
vn -0.5345 0.7705 -0.3473
vn -0.6240 0.7792 -0.0591
vn -0.9725 0.0777 -0.2194
vn -0.9968 0.0553 -0.0576
vn -0.9672 0.2473 -0.0577
vn -0.9425 0.2382 -0.2344
vn 0.7860 0.2293 -0.5741
vn -0.5956 0.2696 -0.7567
vn -0.4904 0.3428 -0.8012
vn 0.7379 0.2063 -0.6426
vn 0.9954 -0.0871 0.0409
vn 0.9981 0.0009 0.0613
vn 0.9971 0.0460 -0.0614
vn 0.9988 0.0410 0.0251
vn -0.9972 0.0553 0.0496
vn -0.9743 0.0777 0.2116
vn -0.9444 0.2382 0.2268
vn -0.9677 0.2473 0.0499
vn -0.7735 0.6338 0.0010
vn -0.7419 0.6306 0.2279
vn 0.5188 0.7848 0.3391
vn 0.6063 0.7932 0.0576
vn -0.7400 0.6306 -0.2339
vn -0.7735 0.6338 -0.0073
vn 0.6067 0.7932 -0.0527
vn 0.5215 0.7848 -0.3349
vn -0.7837 0.2427 0.5717
vn 0.5959 0.2765 0.7539
vn 0.4876 0.3542 0.7980
vn -0.7365 0.2187 0.6401
vn -0.9986 0.0062 0.0533
vn -0.9958 -0.0858 0.0328
vn -0.9987 0.0480 0.0171
vn -0.9962 0.0532 -0.0693
vn 0.9726 0.0766 0.2195
vn 0.9969 0.0534 0.0577
vn 0.9658 0.2530 0.0576
vn 0.9412 0.2436 0.2341
vn -0.9955 -0.0858 -0.0409
vn -0.9981 0.0062 -0.0613
vn -0.9967 0.0532 0.0613
vn -0.9985 0.0480 -0.0251
vn -0.9574 -0.2272 0.1782
vn -0.9778 -0.2097 0.0007
vn 0.7494 -0.6568 0.0835
vn 0.6027 -0.6444 0.4707
vn -0.9778 -0.2094 -0.0053
vn -0.9565 -0.2267 -0.1834
vn 0.6083 -0.6439 -0.4641
vn 0.7504 -0.6566 -0.0758
vn -0.4979 -0.3212 -0.8056
vn 0.4858 -0.2164 -0.8469
vn 0.5137 -0.2411 -0.8234
vn -0.7844 -0.1225 -0.6081
vn -0.7291 -0.6321 0.2624
vn -0.6978 -0.7160 0.0200
vn -0.9916 -0.1289 -0.0064
vn -0.9854 -0.1150 0.1255
vn -0.6980 -0.7157 -0.0236
vn -0.7281 -0.6311 -0.2673
vn -0.9847 -0.1141 -0.1316
vn -0.9917 -0.1285 0.0006
vn 0.4784 -0.2163 0.8511
vn -0.5041 -0.3226 0.8011
vn -0.7892 -0.1234 0.6017
vn 0.5058 -0.2411 0.8283
vn 0.0027 -1.0000 -0.0036
vn 0.0030 -1.0000 -0.0033
vn 0.0003 -1.0000 -0.0004
vn 0.0040 -1.0000 0.0019
vn 0.0038 -1.0000 0.0023
vn 0.0004 -1.0000 0.0003
vn 0.0004 -1.0000 0.0002
vn -0.0220 -0.9992 -0.0328
vn -0.1256 -0.9586 -0.2555
vn -0.0203 -0.9982 -0.0566
vn -0.0057 -0.9999 -0.0120
vn -0.0023 -1.0000 -0.0038
vn -0.0019 -1.0000 -0.0040
vn -0.0002 -1.0000 -0.0004
vn 0.0033 -1.0000 -0.0030
vn 0.0036 -1.0000 -0.0026
vn 0.0004 -1.0000 -0.0003
vn 0.0199 -0.9849 0.1720
vn 0.1542 -0.9744 0.1638
vn 0.0441 -0.9988 0.0211
vn 0.0080 -0.9998 0.0184
vn 0.0036 -1.0000 0.0027
vn 0.0033 -1.0000 0.0030
vn -0.1502 -0.9783 -0.1425
vn -0.1582 -0.9872 -0.0187
vn -0.0168 -0.9998 -0.0073
vn -0.0190 -0.9990 -0.0404
vn 0.0385 -0.9990 -0.0249
vn 0.2984 -0.9433 -0.1452
vn 0.0683 -0.9974 -0.0244
vn 0.0145 -0.9999 -0.0067
vn 0.0038 -1.0000 -0.0023
vn 0.0040 -1.0000 -0.0019
vn 0.0004 -1.0000 -0.0002
vn 0.2748 -0.9516 0.1374
vn 0.0356 -0.9991 0.0239
vn 0.0131 -0.9999 0.0063
vn 0.0615 -0.9979 0.0226
vn 0.0030 -1.0000 0.0033
vn 0.0026 -1.0000 0.0036
vn 0.0003 -1.0000 0.0004
vn -0.1583 -0.9872 0.0182
vn -0.1511 -0.9783 0.1414
vn -0.0193 -0.9990 0.0403
vn -0.0168 -0.9998 0.0073
vn 0.1823 -0.9668 -0.1792
vn 0.0193 -0.9816 -0.1899
vn 0.0079 -0.9998 -0.0202
vn 0.0498 -0.9985 -0.0230
vn 0.0257 -0.9989 0.0398
vn 0.1485 -0.9409 0.3043
vn 0.0245 -0.9974 0.0685
vn 0.0068 -0.9999 0.0146
vn -0.0019 -1.0000 0.0040
vn -0.0023 -1.0000 0.0038
vn -0.0003 -1.0000 0.0004
vn -0.0002 -1.0000 0.0004
vn 0.0023 -1.0000 0.0038
vn 0.0019 -1.0000 0.0040
vn 0.0002 -1.0000 0.0004
vn -0.1273 -0.9588 0.2538
vn -0.0222 -0.9992 0.0325
vn -0.0058 -0.9999 0.0119
vn -0.0207 -0.9982 0.0563
vn -0.0170 -0.9816 -0.1901
vn -0.1807 -0.9668 -0.1809
vn -0.0496 -0.9985 -0.0235
vn -0.0075 -0.9998 -0.0202
vn 0.1802 -0.9681 0.1740
vn 0.1908 -0.9814 0.0223
vn 0.0202 -0.9998 0.0087
vn 0.0230 -0.9985 0.0492
vn -0.0027 -1.0000 0.0036
vn -0.0030 -1.0000 0.0033
vn -0.0359 -0.9991 0.0236
vn -0.2767 -0.9514 0.1356
vn -0.0618 -0.9978 0.0222
vn -0.0131 -0.9999 0.0062
vn -0.0040 -1.0000 -0.0019
vn -0.0038 -1.0000 -0.0023
vn -0.0004 -1.0000 -0.0003
vn -0.0004 -1.0000 -0.0002
vn -0.2978 -0.9431 -0.1479
vn -0.0384 -0.9989 -0.0253
vn -0.0144 -0.9999 -0.0069
vn -0.0683 -0.9974 -0.0250
vn 0.1909 -0.9814 -0.0214
vn 0.1814 -0.9681 -0.1727
vn 0.0233 -0.9985 -0.0490
vn 0.0203 -0.9998 -0.0087
vn -0.0033 -1.0000 0.0030
vn -0.0036 -1.0000 0.0026
vn -0.0004 -1.0000 0.0003
vn -0.1553 -0.9743 0.1629
vn -0.0204 -0.9849 0.1719
vn -0.0079 -0.9998 0.0183
vn -0.0442 -0.9988 0.0207
vn -0.0036 -1.0000 -0.0027
vn -0.0033 -1.0000 -0.0030
vn 0.0019 -1.0000 -0.0040
vn 0.0023 -1.0000 -0.0038
vn 0.0002 -1.0000 -0.0004
vn 0.1507 -0.9412 -0.3025
vn 0.0259 -0.9989 -0.0395
vn 0.0069 -0.9999 -0.0145
vn 0.0250 -0.9974 -0.0682
vn -0.0038 -1.0000 0.0023
vn -0.0040 -1.0000 0.0019
vn -0.0004 -1.0000 0.0002
vn -0.0030 -1.0000 -0.0033
vn -0.0026 -1.0000 -0.0036
vn -0.0003 -1.0000 -0.0004
vt 0.918619 0.081381
vt 0.934334 0.098721
vt 0.934383 0.098681
vt 0.918709 0.081291
vt 0.948275 0.117517
vt 0.948381 0.117446
vt 0.949553 0.116663
vt 0.934629 0.098479
vt 0.919706 0.080294
vt 0.529689 0.158744
vt 0.539695 0.137590
vt 0.539639 0.137560
vt 0.529571 0.158695
vt 0.551725 0.117517
vt 0.551619 0.117446
vt 0.550447 0.116663
vt 0.539358 0.137410
vt 0.528269 0.158156
vt 0.000000 0.000000
vt 0.960305 0.137590
vt 0.960361 0.137560
vt 0.970311 0.158744
vt 0.970429 0.158695
vt 0.971731 0.158156
vt 0.960642 0.137410
vt 0.796822 0.485388
vt 0.803075 0.483492
vt 0.796797 0.485263
vt 0.796822 0.485388
vt 0.790319 0.486029
vt 0.750000 0.552083
vt 0.765625 0.552951
vt 0.765625 0.561415
vt 0.750000 0.561198
vt 0.781250 0.562500
vt 0.781250 0.562500
vt 0.765625 0.562500
vt 0.750000 0.562500
vt 0.565667 0.098721
vt 0.565617 0.098681
vt 0.581381 0.081381
vt 0.581291 0.081291
vt 0.580294 0.080294
vt 0.565371 0.098479
vt 0.978335 0.180584
vt 0.978222 0.180103
vt 0.985388 0.203178
vt 0.983492 0.196925
vt 0.978560 0.180667
vt 0.703178 0.485388
vt 0.680584 0.478335
vt 0.680103 0.478222
vt 0.696925 0.483492
vt 0.658744 0.470311
vt 0.658695 0.470429
vt 0.658156 0.471731
vt 0.680667 0.478560
vt 0.968750 0.562500
vt 0.984375 0.553820
vt 0.984375 0.561632
vt 0.968750 0.562500
vt 1.000000 0.562500
vt 1.000000 0.562500
vt 0.984375 0.562500
vt 0.968750 0.562500
vt 0.781250 0.500000
vt 0.765625 0.509549
vt 0.765625 0.501085
vt 0.781250 0.500000
vt 0.750000 0.510417
vt 0.750000 0.501302
vt 0.750000 0.500000
vt 0.765625 0.500000
vt 0.598721 0.065666
vt 0.598681 0.065617
vt 0.617517 0.051725
vt 0.617446 0.051619
vt 0.616663 0.050447
vt 0.598479 0.065371
vt 0.637590 0.460305
vt 0.637560 0.460361
vt 0.617517 0.448275
vt 0.617446 0.448381
vt 0.616663 0.449553
vt 0.637410 0.460642
vt 0.734375 0.509549
vt 0.734375 0.501085
vt 0.718750 0.500000
vt 0.718750 0.500000
vt 0.734375 0.500000
vt 0.598721 0.434334
vt 0.598681 0.434383
vt 0.581381 0.418619
vt 0.581291 0.418709
vt 0.580294 0.419706
vt 0.598479 0.434629
vt 0.637590 0.039695
vt 0.637560 0.039639
vt 0.658744 0.029689
vt 0.658695 0.029571
vt 0.658156 0.028269
vt 0.637410 0.039358
vt 0.985388 0.296822
vt 0.978335 0.319416
vt 0.978222 0.319897
vt 0.983492 0.303075
vt 0.970311 0.341256
vt 0.970429 0.341305
vt 0.971731 0.341844
vt 0.978560 0.319333
vt 0.565666 0.401279
vt 0.565617 0.401319
vt 0.551726 0.382483
vt 0.551619 0.382554
vt 0.550447 0.383337
vt 0.565371 0.401521
vt 1.000000 0.500000
vt 1.000000 0.531250
vt 0.984375 0.531250
vt 0.984375 0.508681
vt 0.984375 0.553820
vt 0.968750 0.531250
vt 0.968750 0.500000
vt 0.953125 0.531250
vt 0.953125 0.500000
vt 0.953125 0.562500
vt 0.937500 0.562500
vt 0.937500 0.531250
vt 0.937500 0.500000
vt 0.921875 0.531250
vt 0.921875 0.500000
vt 0.921875 0.562500
vt 0.906250 0.562500
vt 0.906250 0.531250
vt 0.906250 0.500000
vt 0.890625 0.531250
vt 0.890625 0.500000
vt 0.890625 0.562500
vt 0.875000 0.562500
vt 0.875000 0.531250
vt 0.875000 0.500000
vt 0.859375 0.531250
vt 0.859375 0.500000
vt 0.859375 0.562500
vt 0.843750 0.562500
vt 0.843750 0.531250
vt 0.843750 0.500000
vt 0.828125 0.531250
vt 0.828125 0.500000
vt 0.828125 0.562500
vt 0.812500 0.562500
vt 0.812500 0.531250
vt 0.812500 0.500000
vt 0.796875 0.531250
vt 0.796875 0.500000
vt 0.796875 0.562500
vt 0.781250 0.531250
vt 0.765625 0.531250
vt 0.765625 0.509549
vt 0.765625 0.552951
vt 0.750000 0.552083
vt 0.750000 0.531250
vt 0.734375 0.531250
vt 0.734375 0.509549
vt 0.734375 0.552951
vt 0.718750 0.562500
vt 0.718750 0.531250
vt 0.703125 0.531250
vt 0.703125 0.500000
vt 0.703125 0.562500
vt 0.687500 0.562500
vt 0.687500 0.531250
vt 0.687500 0.500000
vt 0.671875 0.531250
vt 0.671875 0.500000
vt 0.671875 0.562500
vt 0.656250 0.562500
vt 0.656250 0.531250
vt 0.656250 0.500000
vt 0.640625 0.531250
vt 0.640625 0.500000
vt 0.640625 0.562500
vt 0.625000 0.562500
vt 0.625000 0.531250
vt 0.625000 0.500000
vt 0.609375 0.531250
vt 0.609375 0.500000
vt 0.609375 0.562500
vt 0.593750 0.562500
vt 0.593750 0.531250
vt 0.593750 0.500000
vt 0.578125 0.531250
vt 0.578125 0.500000
vt 0.578125 0.562500
vt 0.562500 0.562500
vt 0.562500 0.531250
vt 0.562500 0.500000
vt 0.546875 0.531250
vt 0.546875 0.500000
vt 0.546875 0.562500
vt 0.531250 0.562500
vt 0.531250 0.531250
vt 0.531250 0.500000
vt 0.515625 0.531250
vt 0.515625 0.509549
vt 0.515625 0.552951
vt 0.500000 0.552083
vt 0.500000 0.531250
vt 0.500000 0.510417
vt 0.484375 0.531250
vt 0.484375 0.509549
vt 0.484375 0.552951
vt 0.468750 0.562500
vt 0.468750 0.531250
vt 0.468750 0.500000
vt 0.453125 0.531250
vt 0.453125 0.500000
vt 0.453125 0.562500
vt 0.437500 0.562500
vt 0.437500 0.531250
vt 0.437500 0.500000
vt 0.421875 0.531250
vt 0.421875 0.500000
vt 0.421875 0.562500
vt 0.406250 0.562500
vt 0.406250 0.531250
vt 0.406250 0.500000
vt 0.390625 0.531250
vt 0.390625 0.500000
vt 0.390625 0.562500
vt 0.375000 0.562500
vt 0.375000 0.531250
vt 0.375000 0.500000
vt 0.359375 0.531250
vt 0.359375 0.500000
vt 0.359375 0.562500
vt 0.343750 0.562500
vt 0.343750 0.531250
vt 0.343750 0.500000
vt 0.328125 0.531250
vt 0.328125 0.500000
vt 0.328125 0.562500
vt 0.312500 0.562500
vt 0.312500 0.531250
vt 0.312500 0.500000
vt 0.296875 0.531250
vt 0.296875 0.500000
vt 0.296875 0.562500
vt 0.281250 0.562500
vt 0.281250 0.531250
vt 0.281250 0.500000
vt 0.265625 0.531250
vt 0.265625 0.509549
vt 0.265625 0.552951
vt 0.250000 0.552083
vt 0.250000 0.531250
vt 0.250000 0.510417
vt 0.234375 0.531250
vt 0.234375 0.509549
vt 0.234375 0.552951
vt 0.218750 0.562500
vt 0.218750 0.531250
vt 0.218750 0.500000
vt 0.203125 0.531250
vt 0.203125 0.500000
vt 0.203125 0.562500
vt 0.187500 0.562500
vt 0.187500 0.531250
vt 0.187500 0.500000
vt 0.171875 0.531250
vt 0.171875 0.500000
vt 0.171875 0.562500
vt 0.156250 0.562500
vt 0.156250 0.531250
vt 0.156250 0.500000
vt 0.140625 0.531250
vt 0.140625 0.500000
vt 0.140625 0.562500
vt 0.125000 0.562500
vt 0.125000 0.531250
vt 0.125000 0.500000
vt 0.109375 0.531250
vt 0.109375 0.500000
vt 0.109375 0.562500
vt 0.093750 0.562500
vt 0.093750 0.531250
vt 0.093750 0.500000
vt 0.078125 0.531250
vt 0.078125 0.500000
vt 0.078125 0.562500
vt 0.062500 0.562500
vt 0.062500 0.531250
vt 0.062500 0.500000
vt 0.046875 0.531250
vt 0.046875 0.500000
vt 0.046875 0.562500
vt 0.031250 0.562500
vt 0.031250 0.531250
vt 0.031250 0.500000
vt 0.015625 0.531250
vt 0.015625 0.508681
vt 0.015625 0.553820
vt 0.000000 0.562500
vt 0.000000 0.531250
vt 0.000000 0.500000
vt 0.882483 0.051725
vt 0.901279 0.065666
vt 0.901319 0.065617
vt 0.882554 0.051619
vt 0.901521 0.065371
vt 0.883337 0.050447
vt 0.514612 0.203178
vt 0.521665 0.180584
vt 0.521778 0.180103
vt 0.516508 0.196925
vt 0.521440 0.180667
vt 0.841256 0.029689
vt 0.862410 0.039695
vt 0.862440 0.039639
vt 0.841305 0.029571
vt 0.862591 0.039358
vt 0.841844 0.028269
vt 0.984375 0.500868
vt 1.000000 0.500000
vt 0.968750 0.500000
vt 0.968750 0.500000
vt 0.984375 0.500000
vt 0.484375 0.552951
vt 0.484375 0.561415
vt 0.468750 0.562500
vt 0.500000 0.552083
vt 0.500000 0.561198
vt 0.500000 0.562500
vt 0.484375 0.562500
vt 0.468750 0.562500
vt 0.234375 0.501085
vt 0.250000 0.501302
vt 0.218750 0.500000
vt 0.234375 0.500000
vt 0.250000 0.500000
vt 0.796822 0.014612
vt 0.819416 0.021665
vt 0.819897 0.021778
vt 0.803075 0.016508
vt 0.819333 0.021440
vt 0.841256 0.470311
vt 0.819416 0.478335
vt 0.819897 0.478222
vt 0.841305 0.470429
vt 0.819333 0.478560
vt 0.841844 0.471731
vt 0.803075 0.016508
vt 0.796797 0.014737
vt 0.796822 0.014612
vt 0.790319 0.013971
vt 0.882483 0.448275
vt 0.862410 0.460305
vt 0.862440 0.460361
vt 0.882554 0.448381
vt 0.862591 0.460642
vt 0.883337 0.449553
vt 0.514612 0.296822
vt 0.516508 0.303075
vt 0.514737 0.296797
vt 0.514612 0.296822
vt 0.513971 0.290319
vt 0.918619 0.418619
vt 0.901279 0.434334
vt 0.901319 0.434383
vt 0.918709 0.418709
vt 0.901521 0.434629
vt 0.919706 0.419706
vt 0.703178 0.014612
vt 0.696925 0.016508
vt 0.703203 0.014737
vt 0.703178 0.014612
vt 0.709681 0.013971
vt 0.529689 0.341256
vt 0.521665 0.319416
vt 0.521778 0.319897
vt 0.529571 0.341305
vt 0.521440 0.319333
vt 0.528269 0.341844
vt 0.948275 0.382483
vt 0.934334 0.401279
vt 0.934383 0.401319
vt 0.948381 0.382554
vt 0.934629 0.401521
vt 0.949553 0.383337
vt 0.539696 0.362410
vt 0.539639 0.362440
vt 0.539358 0.362590
vt 0.680584 0.021665
vt 0.680103 0.021778
vt 0.696925 0.016508
vt 0.680667 0.021440
vt 0.960305 0.362410
vt 0.960361 0.362440
vt 0.960642 0.362590
vt 0.750000 0.010000
vt 0.773411 0.012306
vt 0.772761 0.012370
vt 0.750000 0.011281
vt 0.790319 0.013971
vt 0.726589 0.012306
vt 0.727239 0.012370
vt 0.500000 0.510417
vt 0.484375 0.509549
vt 0.484375 0.501085
vt 0.500000 0.501302
vt 0.468750 0.500000
vt 0.468750 0.500000
vt 0.484375 0.500000
vt 0.500000 0.500000
vt 0.515625 0.501085
vt 0.531250 0.500000
vt 0.515625 0.500000
vt 0.515625 0.561415
vt 0.531250 0.562500
vt 0.515625 0.562500
vt 0.750000 0.490000
vt 0.726589 0.487694
vt 0.727239 0.487630
vt 0.750000 0.488719
vt 0.709681 0.486029
vt 0.773411 0.487694
vt 0.772761 0.487630
vt 0.790319 0.486029
vt 0.015625 0.500868
vt 0.031250 0.500000
vt 0.000000 0.500000
vt 0.015625 0.500000
vt 0.696925 0.483492
vt 0.703203 0.485263
vt 0.703178 0.485388
vt 0.709681 0.486029
vt 0.015625 0.561632
vt 0.000000 0.562500
vt 0.031250 0.562500
vt 0.015625 0.562500
vt 0.510000 0.250000
vt 0.512306 0.226589
vt 0.512370 0.227239
vt 0.511281 0.250000
vt 0.513971 0.209681
vt 0.512306 0.273411
vt 0.512370 0.272761
vt 0.513971 0.290319
vt 0.265625 0.501085
vt 0.281250 0.500000
vt 0.265625 0.500000
vt 0.516508 0.196925
vt 0.514737 0.203203
vt 0.514612 0.203178
vt 0.513971 0.209681
vt 0.234375 0.552951
vt 0.234375 0.561415
vt 0.218750 0.562500
vt 0.250000 0.561198
vt 0.250000 0.562500
vt 0.234375 0.562500
vt 0.218750 0.562500
vt 0.265625 0.552951
vt 0.265625 0.561415
vt 0.281250 0.562500
vt 0.265625 0.562500
vt 0.734375 0.552951
vt 0.734375 0.561415
vt 0.718750 0.562500
vt 0.734375 0.562500
vt 0.718750 0.562500
vt 0.987694 0.226589
vt 0.987630 0.227239
vt 0.986029 0.209681
vt 0.990000 0.250000
vt 0.988719 0.250000
vt 0.987694 0.273411
vt 0.987630 0.272761
vt 0.986029 0.290319
vt 0.983492 0.303075
vt 0.985263 0.296797
vt 0.985389 0.296822
vt 0.985263 0.203203
vt 0.985389 0.203178
vt 0.986029 0.209681
vt 0.617517 0.051725
vt 0.598721 0.065666
vt 0.598681 0.065617
vt 0.617446 0.051619
vt 0.598479 0.065371
vt 0.539695 0.362410
vt 0.539639 0.362440
vt 0.529571 0.341305
vt 0.551725 0.382483
vt 0.539358 0.362590
vt 0.970311 0.341256
vt 0.978335 0.319416
vt 0.978412 0.319272
vt 0.970429 0.341305
vt 0.978560 0.319333
vt 0.882483 0.051725
vt 0.841256 0.029689
vt 0.841305 0.029571
vt 0.565666 0.098721
vt 0.565617 0.098681
vt 0.551726 0.117517
vt 0.551619 0.117446
vt 0.565667 0.401279
vt 0.565617 0.401319
vt 0.581381 0.418619
vt 0.581291 0.418709
vt 0.565371 0.401521
vt 0.819416 0.021665
vt 0.819272 0.021588
vt 0.796822 0.014612
vt 0.539696 0.137590
vt 0.539639 0.137560
vt 0.529689 0.158744
vt 0.529571 0.158695
vt 0.539358 0.137410
vt 0.819416 0.478335
vt 0.819272 0.478412
vt 0.841256 0.470311
vt 0.841305 0.470429
vt 0.796822 0.485389
vt 0.598721 0.434334
vt 0.598681 0.434383
vt 0.617517 0.448275
vt 0.598479 0.434629
vt 0.521665 0.180584
vt 0.521588 0.180728
vt 0.514612 0.203178
vt 0.882483 0.448275
vt 0.637590 0.460305
vt 0.637560 0.460361
vt 0.658695 0.470429
vt 0.978335 0.180584
vt 0.978412 0.180728
vt 0.970311 0.158744
vt 0.970429 0.158695
vt 0.978560 0.180667
vt 0.985389 0.203178
vt 0.901279 0.434334
vt 0.918619 0.418619
vt 0.918709 0.418709
vt 0.680584 0.478335
vt 0.680729 0.478412
vt 0.703178 0.485389
vt 0.960361 0.137560
vt 0.948381 0.117446
vt 0.960642 0.137410
vt 0.680728 0.021588
vt 0.658744 0.029689
vt 0.658695 0.029571
vt 0.703178 0.014612
vt 0.934334 0.401279
vt 0.934383 0.401319
vt 0.948381 0.382554
vt 0.934629 0.401521
vt 0.918619 0.081381
vt 0.918709 0.081291
vt 0.637560 0.039639
vt 0.521665 0.319416
vt 0.521588 0.319272
vt 0.521440 0.319333
vt 0.960361 0.362440
vt 0.960642 0.362590
s 0
usemtl Material.002
f 847/1130/833 1065/1131/833 1427/1132/833 1238/1133/833
f 1065/1131/834 846/1134/834 1044/1135/834 1427/1132/834
f 1427/1132/835 1044/1135/835 920/1136/835 1161/1137/835
f 1238/1133/836 1427/1132/836 1161/1137/836 922/1138/836
f 857/1139/837 1085/1140/837 1428/1141/837 1237/1142/837
f 1085/1140/838 856/1143/838 1050/1144/838 1428/1141/838
f 1428/1141/839 1050/1144/839 940/1145/839 1181/1146/839
f 1237/1142/840 1428/1141/840 1181/1146/840 942/1147/840
f 875/1148/841 1116/1148/841 1429/1148/841 1235/1148/841
f 1116/1148/842 876/1148/842 1236/1148/842 1429/1148/842
f 1429/1148/843 1236/1148/843 919/1148/843 1212/1148/843
f 1235/1148/844 1429/1148/844 1212/1148/844 917/1148/844
f 913/1148/845 1052/1148/845 1430/1148/845 1048/1148/845
f 1052/1148/846 873/1148/846 1347/1148/846 1430/1148/846
f 1430/1148/847 1347/1148/847 1001/1148/847 1340/1148/847
f 1048/1148/848 1430/1148/848 1340/1148/848 1002/1148/848
f 846/1134/849 1063/1149/849 1431/1150/849 1044/1135/849
f 1063/1149/850 845/1151/850 1054/1152/850 1431/1150/850
f 1431/1150/851 1054/1152/851 918/1153/851 1159/1154/851
f 1044/1135/852 1431/1150/852 1159/1154/852 920/1136/852
f 900/1155/853 1247/1156/853 1432/1157/853 1046/1158/853
f 1247/1156/854 836/1155/854 1299/1158/854 1432/1157/854
f 1432/1157/855 1299/1158/855 976/1155/855 1297/1159/855
f 1046/1158/856 1432/1157/856 1297/1159/856 980/1155/856
f 915/1160/857 1210/1161/857 1433/1162/857 1346/1163/857
f 1210/1161/858 913/1164/858 1048/1165/858 1433/1162/858
f 1433/1162/859 1048/1165/859 1002/1165/859 1343/1166/859
f 1346/1163/860 1433/1162/860 1343/1166/860 1000/1167/860
f 856/1143/861 1083/1168/861 1434/1169/861 1050/1144/861
f 1083/1168/862 855/1170/862 1066/1171/862 1434/1169/862
f 1434/1169/863 1066/1171/863 938/1172/863 1179/1173/863
f 1050/1144/864 1434/1169/864 1179/1173/864 940/1145/864
f 872/1148/865 1113/1148/865 1435/1148/865 1058/1148/865
f 1113/1148/866 873/1148/866 1052/1148/866 1435/1148/866
f 1435/1148/867 1052/1148/867 913/1148/867 1209/1148/867
f 1058/1148/868 1435/1148/868 1209/1148/868 911/1148/868
f 845/1151/869 1061/1174/869 1436/1175/869 1054/1152/869
f 1061/1174/870 844/1176/870 1062/1177/870 1436/1175/870
f 1436/1175/871 1062/1177/871 916/1176/871 1157/1178/871
f 1054/1152/872 1436/1175/872 1157/1178/872 918/1153/872
f 866/1179/873 1103/1180/873 1437/1181/873 1056/1182/873
f 1103/1180/874 865/1183/874 1068/1184/874 1437/1181/874
f 1437/1181/875 1068/1184/875 958/1185/875 1199/1186/875
f 1056/1182/876 1437/1181/876 1199/1186/876 960/1179/876
f 871/1148/877 1112/1148/877 1438/1148/877 1060/1148/877
f 1112/1148/878 872/1148/878 1058/1148/878 1438/1148/878
f 1438/1148/879 1058/1148/879 911/1148/879 1208/1148/879
f 1060/1148/880 1438/1148/880 1208/1148/880 909/1148/880
f 901/1187/881 1203/1188/881 1439/1189/881 1312/1190/881
f 1203/1188/882 962/1191/882 1311/1192/882 1439/1189/882
f 1439/1189/883 1311/1192/883 983/1192/883 1308/1193/883
f 1312/1190/884 1439/1189/884 1308/1193/884 986/1194/884
f 870/1148/885 1111/1148/885 1440/1148/885 1070/1148/885
f 1111/1148/886 871/1148/886 1060/1148/886 1440/1148/886
f 1440/1148/887 1060/1148/887 909/1148/887 1207/1148/887
f 1070/1148/888 1440/1148/888 1207/1148/888 907/1148/888
f 912/1195/889 1153/1196/889 1441/1197/889 1359/1198/889
f 1153/1196/890 914/1199/890 1358/1200/890 1441/1197/890
f 1441/1197/891 1358/1200/891 1009/1201/891 1356/1202/891
f 1359/1198/892 1441/1197/892 1356/1202/892 1010/1198/892
f 896/1148/893 1137/1148/893 1442/1148/893 1072/1148/893
f 1137/1148/894 897/1148/894 1064/1148/894 1442/1148/894
f 1442/1148/895 1064/1148/895 961/1148/895 1233/1148/895
f 1072/1148/896 1442/1148/896 1233/1148/896 959/1148/896
f 855/1170/897 1081/1203/897 1443/1204/897 1066/1171/897
f 1081/1203/898 854/1205/898 1086/1206/898 1443/1204/898
f 1443/1204/899 1086/1206/899 936/1207/899 1177/1208/899
f 1066/1171/900 1443/1204/900 1177/1208/900 938/1172/900
f 865/1183/901 1101/1209/901 1444/1210/901 1068/1184/901
f 1101/1209/902 864/1211/902 1080/1212/902 1444/1210/902
f 1444/1210/903 1080/1212/903 956/1213/903 1197/1214/903
f 1068/1184/904 1444/1210/904 1197/1214/904 958/1185/904
f 869/1148/905 1110/1148/905 1445/1148/905 1074/1148/905
f 1110/1148/906 870/1148/906 1070/1148/906 1445/1148/906
f 1445/1148/907 1070/1148/907 907/1148/907 1206/1148/907
f 1074/1148/908 1445/1148/908 1206/1148/908 905/1148/908
f 895/1148/909 1136/1148/909 1446/1148/909 1078/1148/909
f 1136/1148/910 896/1148/910 1072/1148/910 1446/1148/910
f 1446/1148/911 1072/1148/911 959/1148/911 1232/1148/911
f 1078/1148/912 1446/1148/912 1232/1148/912 957/1148/912
f 868/1148/913 1109/1148/913 1447/1148/913 1082/1148/913
f 1109/1148/914 869/1148/914 1074/1148/914 1447/1148/914
f 1447/1148/915 1074/1148/915 905/1148/915 1205/1148/915
f 1082/1148/916 1447/1148/916 1205/1148/916 903/1148/916
f 914/1199/917 1155/1215/917 1448/1216/917 1358/1200/917
f 1155/1215/918 916/1217/918 1076/1218/918 1448/1216/918
f 1448/1216/919 1076/1218/919 1008/1218/919 1357/1219/919
f 1358/1200/920 1448/1216/920 1357/1219/920 1009/1201/920
f 894/1148/921 1135/1148/921 1449/1148/921 1084/1148/921
f 1135/1148/922 895/1148/922 1078/1148/922 1449/1148/922
f 1449/1148/923 1078/1148/923 957/1148/923 1231/1148/923
f 1084/1148/924 1449/1148/924 1231/1148/924 955/1148/924
f 864/1211/925 1099/1220/925 1450/1221/925 1080/1212/925
f 1099/1220/926 863/1222/926 1100/1223/926 1450/1221/926
f 1450/1221/927 1100/1223/927 954/1224/927 1195/1225/927
f 1080/1212/928 1450/1221/928 1195/1225/928 956/1213/928
f 867/1148/929 1108/1148/929 1451/1148/929 1092/1148/929
f 1108/1148/930 868/1148/930 1082/1148/930 1451/1148/930
f 1451/1148/931 1082/1148/931 903/1148/931 1204/1148/931
f 1092/1148/932 1451/1148/932 1204/1148/932 901/1148/932
f 893/1148/933 1134/1148/933 1452/1148/933 1098/1148/933
f 1134/1148/934 894/1148/934 1084/1148/934 1452/1148/934
f 1452/1148/935 1084/1148/935 955/1148/935 1230/1148/935
f 1098/1148/936 1452/1148/936 1230/1148/936 953/1148/936
f 854/1205/937 1079/1226/937 1453/1227/937 1086/1206/937
f 1079/1226/938 853/1228/938 1088/1229/938 1453/1227/938
f 1453/1227/939 1088/1229/939 934/1230/939 1175/1231/939
f 1086/1206/940 1453/1227/940 1175/1231/940 936/1207/940
f 961/1148/941 1064/1148/941 1454/1148/941 1310/1148/941
f 1064/1148/942 897/1148/942 1090/1148/942 1454/1148/942
f 1454/1148/943 1090/1148/943 981/1148/943 1303/1148/943
f 1310/1148/944 1454/1148/944 1303/1148/944 982/1148/944
f 842/1232/945 1055/1233/945 1455/1234/945 1094/1235/945
f 1055/1233/946 841/1236/946 1096/1237/946 1455/1234/946
f 1455/1234/947 1096/1237/947 910/1238/947 1151/1239/947
f 1094/1235/948 1455/1234/948 1151/1239/948 912/1232/948
f 892/1148/949 1133/1148/949 1456/1148/949 1106/1148/949
f 1133/1148/950 893/1148/950 1098/1148/950 1456/1148/950
f 1456/1148/951 1098/1148/951 953/1148/951 1229/1148/951
f 1106/1148/952 1456/1148/952 1229/1148/952 951/1148/952
f 863/1222/953 1097/1240/953 1457/1241/953 1100/1223/953
f 1097/1240/954 862/1242/954 1102/1243/954 1457/1241/954
f 1457/1241/955 1102/1243/955 952/1244/955 1193/1245/955
f 1100/1223/956 1457/1241/956 1193/1245/956 954/1224/956
f 891/1148/957 1132/1148/957 1458/1148/957 1104/1148/957
f 1132/1148/958 892/1148/958 1106/1148/958 1458/1148/958
f 1458/1148/959 1106/1148/959 951/1148/959 1228/1148/959
f 1104/1148/960 1458/1148/960 1228/1148/960 949/1148/960
f 899/1246/961 1202/1247/961 1459/1248/961 1139/1249/961
f 1202/1247/962 962/1191/962 1203/1250/962 1459/1248/962
f 1459/1248/963 1203/1250/963 901/1187/963 1140/1251/963
f 1139/1249/964 1459/1248/964 1140/1251/964 900/1252/964
f 900/1252/965 1140/1251/965 1460/1253/965 1141/1254/965
f 1140/1251/966 901/1187/966 1204/1255/966 1460/1253/966
f 1460/1253/967 1204/1255/967 903/1256/967 1142/1257/967
f 1141/1254/968 1460/1253/968 1142/1257/968 902/1258/968
f 902/1258/969 1142/1257/969 1461/1259/969 1143/1260/969
f 1142/1257/970 903/1256/970 1205/1261/970 1461/1259/970
f 1461/1259/971 1205/1261/971 905/1262/971 1144/1263/971
f 1143/1260/972 1461/1259/972 1144/1263/972 904/1264/972
f 904/1264/973 1144/1263/973 1462/1265/973 1145/1266/973
f 1144/1263/974 905/1262/974 1206/1267/974 1462/1265/974
f 1462/1265/975 1206/1267/975 907/1268/975 1146/1269/975
f 1145/1266/976 1462/1265/976 1146/1269/976 906/1270/976
f 906/1270/977 1146/1269/977 1463/1271/977 1147/1272/977
f 1146/1269/978 907/1268/978 1207/1273/978 1463/1271/978
f 1463/1271/979 1207/1273/979 909/1274/979 1148/1275/979
f 1147/1272/980 1463/1271/980 1148/1275/980 908/1276/980
f 908/1276/981 1148/1275/981 1464/1277/981 1149/1278/981
f 1148/1275/982 909/1274/982 1208/1279/982 1464/1277/982
f 1464/1277/983 1208/1279/983 911/1280/983 1150/1281/983
f 1149/1278/984 1464/1277/984 1150/1281/984 910/1282/984
f 910/1282/985 1150/1281/985 1465/1283/985 1151/1284/985
f 1150/1281/986 911/1280/986 1209/1285/986 1465/1283/986
f 1465/1283/987 1209/1285/987 913/1164/987 1152/1286/987
f 1151/1284/988 1465/1283/988 1152/1286/988 912/1195/988
f 912/1195/989 1152/1286/989 1466/1287/989 1153/1288/989
f 1152/1286/990 913/1164/990 1210/1289/990 1466/1287/990
f 1466/1287/991 1210/1289/991 915/1290/991 1154/1291/991
f 1153/1288/992 1466/1287/992 1154/1291/992 914/1199/992
f 914/1199/993 1154/1291/993 1467/1292/993 1155/1293/993
f 1154/1291/994 915/1290/994 1211/1294/994 1467/1292/994
f 1467/1292/995 1211/1294/995 917/1295/995 1156/1296/995
f 1155/1293/996 1467/1292/996 1156/1296/996 916/1217/996
f 916/1217/997 1156/1296/997 1468/1297/997 1157/1298/997
f 1156/1296/998 917/1295/998 1212/1299/998 1468/1297/998
f 1468/1297/999 1212/1299/999 919/1300/999 1158/1301/999
f 1157/1298/1000 1468/1297/1000 1158/1301/1000 918/1302/1000
f 918/1302/1001 1158/1301/1001 1469/1303/1001 1159/1304/1001
f 1158/1301/1002 919/1300/1002 1213/1305/1002 1469/1303/1002
f 1469/1303/1003 1213/1305/1003 921/1306/1003 1160/1307/1003
f 1159/1304/1004 1469/1303/1004 1160/1307/1004 920/1308/1004
f 920/1308/1005 1160/1307/1005 1470/1309/1005 1161/1310/1005
f 1160/1307/1006 921/1306/1006 1214/1311/1006 1470/1309/1006
f 1470/1309/1007 1214/1311/1007 923/1312/1007 1162/1313/1007
f 1161/1310/1008 1470/1309/1008 1162/1313/1008 922/1314/1008
f 922/1314/1009 1162/1313/1009 1471/1315/1009 1163/1316/1009
f 1162/1313/1010 923/1312/1010 1215/1317/1010 1471/1315/1010
f 1471/1315/1011 1215/1317/1011 925/1318/1011 1164/1319/1011
f 1163/1316/1012 1471/1315/1012 1164/1319/1012 924/1320/1012
f 924/1320/1013 1164/1319/1013 1472/1321/1013 1165/1322/1013
f 1164/1319/1014 925/1318/1014 1216/1323/1014 1472/1321/1014
f 1472/1321/1015 1216/1323/1015 927/1324/1015 1166/1325/1015
f 1165/1322/1016 1472/1321/1016 1166/1325/1016 926/1326/1016
f 926/1326/1017 1166/1325/1017 1473/1327/1017 1167/1328/1017
f 1166/1325/1018 927/1324/1018 1217/1329/1018 1473/1327/1018
f 1473/1327/1019 1217/1329/1019 929/1330/1019 1168/1331/1019
f 1167/1328/1020 1473/1327/1020 1168/1331/1020 928/1332/1020
f 928/1332/1021 1168/1331/1021 1474/1333/1021 1169/1334/1021
f 1168/1331/1022 929/1330/1022 1218/1335/1022 1474/1333/1022
f 1474/1333/1023 1218/1335/1023 931/1336/1023 1170/1337/1023
f 1169/1334/1024 1474/1333/1024 1170/1337/1024 930/1338/1024
f 930/1338/1025 1170/1337/1025 1475/1339/1025 1171/1340/1025
f 1170/1337/1026 931/1336/1026 1219/1341/1026 1475/1339/1026
f 1475/1339/1027 1219/1341/1027 933/1342/1027 1172/1343/1027
f 1171/1340/1028 1475/1339/1028 1172/1343/1028 932/1344/1028
f 932/1344/1029 1172/1343/1029 1476/1345/1029 1173/1346/1029
f 1172/1343/1030 933/1342/1030 1220/1347/1030 1476/1345/1030
f 1476/1345/1031 1220/1347/1031 935/1348/1031 1174/1349/1031
f 1173/1346/1032 1476/1345/1032 1174/1349/1032 934/1350/1032
f 934/1350/1033 1174/1349/1033 1477/1351/1033 1175/1352/1033
f 1174/1349/1034 935/1348/1034 1221/1353/1034 1477/1351/1034
f 1477/1351/1035 1221/1353/1035 937/1354/1035 1176/1355/1035
f 1175/1352/1036 1477/1351/1036 1176/1355/1036 936/1356/1036
f 936/1356/1037 1176/1355/1037 1478/1357/1037 1177/1358/1037
f 1176/1355/1038 937/1354/1038 1222/1359/1038 1478/1357/1038
f 1478/1357/1039 1222/1359/1039 939/1360/1039 1178/1361/1039
f 1177/1358/1040 1478/1357/1040 1178/1361/1040 938/1362/1040
f 938/1362/1041 1178/1361/1041 1479/1363/1041 1179/1364/1041
f 1178/1361/1042 939/1360/1042 1223/1365/1042 1479/1363/1042
f 1479/1363/1043 1223/1365/1043 941/1366/1043 1180/1367/1043
f 1179/1364/1044 1479/1363/1044 1180/1367/1044 940/1368/1044
f 940/1368/1045 1180/1367/1045 1480/1369/1045 1181/1370/1045
f 1180/1367/1046 941/1366/1046 1224/1371/1046 1480/1369/1046
f 1480/1369/1047 1224/1371/1047 943/1372/1047 1182/1373/1047
f 1181/1370/1048 1480/1369/1048 1182/1373/1048 942/1374/1048
f 942/1374/1049 1182/1373/1049 1481/1375/1049 1183/1376/1049
f 1182/1373/1050 943/1372/1050 1225/1377/1050 1481/1375/1050
f 1481/1375/1051 1225/1377/1051 945/1378/1051 1184/1379/1051
f 1183/1376/1052 1481/1375/1052 1184/1379/1052 944/1380/1052
f 944/1380/1053 1184/1379/1053 1482/1381/1053 1185/1382/1053
f 1184/1379/1054 945/1378/1054 1226/1383/1054 1482/1381/1054
f 1482/1381/1055 1226/1383/1055 947/1384/1055 1186/1385/1055
f 1185/1382/1056 1482/1381/1056 1186/1385/1056 946/1386/1056
f 946/1386/1057 1186/1385/1057 1483/1387/1057 1187/1388/1057
f 1186/1385/1058 947/1384/1058 1227/1389/1058 1483/1387/1058
f 1483/1387/1059 1227/1389/1059 949/1390/1059 1188/1391/1059
f 1187/1388/1060 1483/1387/1060 1188/1391/1060 948/1392/1060
f 948/1392/1061 1188/1391/1061 1484/1393/1061 1189/1394/1061
f 1188/1391/1062 949/1390/1062 1228/1395/1062 1484/1393/1062
f 1484/1393/1063 1228/1395/1063 951/1396/1063 1190/1397/1063
f 1189/1394/1064 1484/1393/1064 1190/1397/1064 950/1398/1064
f 950/1398/1065 1190/1397/1065 1485/1399/1065 1191/1400/1065
f 1190/1397/1066 951/1396/1066 1229/1401/1066 1485/1399/1066
f 1485/1399/1067 1229/1401/1067 953/1402/1067 1192/1403/1067
f 1191/1400/1068 1485/1399/1068 1192/1403/1068 952/1404/1068
f 952/1404/1069 1192/1403/1069 1486/1405/1069 1193/1406/1069
f 1192/1403/1070 953/1402/1070 1230/1407/1070 1486/1405/1070
f 1486/1405/1071 1230/1407/1071 955/1408/1071 1194/1409/1071
f 1193/1406/1072 1486/1405/1072 1194/1409/1072 954/1410/1072
f 954/1410/1073 1194/1409/1073 1487/1411/1073 1195/1412/1073
f 1194/1409/1074 955/1408/1074 1231/1413/1074 1487/1411/1074
f 1487/1411/1075 1231/1413/1075 957/1414/1075 1196/1415/1075
f 1195/1412/1076 1487/1411/1076 1196/1415/1076 956/1416/1076
f 956/1416/1077 1196/1415/1077 1488/1417/1077 1197/1418/1077
f 1196/1415/1078 957/1414/1078 1232/1419/1078 1488/1417/1078
f 1488/1417/1079 1232/1419/1079 959/1420/1079 1198/1421/1079
f 1197/1418/1080 1488/1417/1080 1198/1421/1080 958/1422/1080
f 958/1422/1081 1198/1421/1081 1489/1423/1081 1199/1424/1081
f 1198/1421/1082 959/1420/1082 1233/1425/1082 1489/1423/1082
f 1489/1423/1083 1233/1425/1083 961/1426/1083 1200/1427/1083
f 1199/1424/1084 1489/1423/1084 1200/1427/1084 960/1428/1084
f 960/1428/1085 1200/1427/1085 1490/1429/1085 1201/1430/1085
f 1200/1427/1086 961/1426/1086 1234/1431/1086 1490/1429/1086
f 1490/1429/1087 1234/1431/1087 962/1432/1087 1202/1433/1087
f 1201/1430/1088 1490/1429/1088 1202/1433/1088 899/1434/1088
f 876/1148/1089 1117/1148/1089 1491/1148/1089 1236/1148/1089
f 1117/1148/1090 877/1148/1090 1239/1148/1090 1491/1148/1090
f 1491/1148/1091 1239/1148/1091 921/1148/1091 1213/1148/1091
f 1236/1148/1092 1491/1148/1092 1213/1148/1092 919/1148/1092
f 877/1148/1093 1118/1148/1093 1492/1148/1093 1239/1148/1093
f 1118/1148/1094 878/1148/1094 1240/1148/1094 1492/1148/1094
f 1492/1148/1095 1240/1148/1095 923/1148/1095 1214/1148/1095
f 1239/1148/1096 1492/1148/1096 1214/1148/1096 921/1148/1096
f 848/1435/1097 1067/1436/1097 1493/1437/1097 1241/1438/1097
f 1067/1436/1098 847/1130/1098 1238/1133/1098 1493/1437/1098
f 1493/1437/1099 1238/1133/1099 922/1138/1099 1163/1439/1099
f 1241/1438/1100 1493/1437/1100 1163/1439/1100 924/1440/1100
f 878/1148/1101 1119/1148/1101 1494/1148/1101 1240/1148/1101
f 1119/1148/1102 879/1148/1102 1242/1148/1102 1494/1148/1102
f 1494/1148/1103 1242/1148/1103 925/1148/1103 1215/1148/1103
f 1240/1148/1104 1494/1148/1104 1215/1148/1104 923/1148/1104
f 858/1441/1105 1087/1442/1105 1495/1443/1105 1243/1444/1105
f 1087/1442/1106 857/1139/1106 1237/1142/1106 1495/1443/1106
f 1495/1443/1107 1237/1142/1107 942/1147/1107 1183/1445/1107
f 1243/1444/1108 1495/1443/1108 1183/1445/1108 944/1441/1108
f 879/1148/1109 1120/1148/1109 1496/1148/1109 1242/1148/1109
f 1120/1148/1110 880/1148/1110 1244/1148/1110 1496/1148/1110
f 1496/1148/1111 1244/1148/1111 927/1148/1111 1216/1148/1111
f 1242/1148/1112 1496/1148/1112 1216/1148/1112 925/1148/1112
f 849/1446/1113 1069/1447/1113 1497/1448/1113 1245/1449/1113
f 1069/1447/1114 848/1435/1114 1241/1438/1114 1497/1448/1114
f 1497/1448/1115 1241/1438/1115 924/1440/1115 1165/1450/1115
f 1245/1449/1116 1497/1448/1116 1165/1450/1116 926/1451/1116
f 880/1148/1117 1121/1148/1117 1498/1148/1117 1244/1148/1117
f 1121/1148/1118 881/1148/1118 1246/1148/1118 1498/1148/1118
f 1498/1148/1119 1246/1148/1119 929/1148/1119 1217/1148/1119
f 1244/1148/1120 1498/1148/1120 1217/1148/1120 927/1148/1120
f 899/1246/1121 1139/1249/1121 1499/1452/1121 1298/1453/1121
f 1139/1249/1122 900/1252/1122 1046/1454/1122 1499/1452/1122
f 1499/1452/1123 1046/1454/1123 980/1455/1123 1295/1456/1123
f 1298/1453/1124 1499/1452/1124 1295/1456/1124 977/1453/1124
f 933/1342/1125 1219/1457/1125 1500/1458/1125 1288/1459/1125
f 1219/1457/1126 931/1460/1126 1287/1461/1126 1500/1458/1126
f 1500/1458/1127 1287/1461/1127 973/1462/1127 1282/1463/1127
f 1288/1459/1128 1500/1458/1128 1282/1463/1128 974/1464/1128
f 946/1386/1129 1187/1388/1129 1501/1465/1129 1323/1466/1129
f 1187/1388/1130 948/1392/1130 1322/1467/1130 1501/1465/1130
f 1501/1465/1131 1322/1467/1131 992/1467/1131 1318/1468/1131
f 1323/1466/1132 1501/1465/1132 1318/1468/1132 991/1469/1132
f 850/1470/1133 1071/1471/1133 1502/1472/1133 1250/1473/1133
f 1071/1471/1134 849/1446/1134 1245/1449/1134 1502/1472/1134
f 1502/1472/1135 1245/1449/1135 926/1451/1135 1167/1474/1135
f 1250/1473/1136 1502/1472/1136 1167/1474/1136 928/1470/1136
f 881/1148/1137 1122/1148/1137 1503/1148/1137 1286/1148/1137
f 1122/1148/1138 882/1148/1138 1248/1148/1138 1503/1148/1138
f 1503/1148/1139 1248/1148/1139 970/1148/1139 1279/1148/1139
f 1286/1148/1140 1503/1148/1140 1279/1148/1140 969/1148/1140
f 837/1475/1141 1045/1476/1141 1504/1477/1141 1252/1478/1141
f 1045/1476/1142 836/1155/1142 1247/1156/1142 1504/1477/1142
f 1504/1477/1143 1247/1156/1143 900/1155/1143 1141/1479/1143
f 1252/1478/1144 1504/1477/1144 1141/1479/1144 902/1480/1144
f 883/1148/1145 1124/1148/1145 1505/1148/1145 1251/1148/1145
f 1124/1148/1146 884/1148/1146 1253/1148/1146 1505/1148/1146
f 1505/1148/1147 1253/1148/1147 935/1148/1147 1220/1148/1147
f 1251/1148/1148 1505/1148/1148 1220/1148/1148 933/1148/1148
f 850/1470/1149 1250/1481/1149 1506/1482/1149 1276/1483/1149
f 1250/1481/1150 928/1470/1150 1275/1483/1150 1506/1482/1150
f 1506/1482/1151 1275/1483/1151 966/1470/1151 1271/1484/1151
f 1276/1483/1152 1506/1482/1152 1271/1484/1152 963/1470/1152
f 838/1485/1153 1047/1486/1153 1507/1487/1153 1255/1488/1153
f 1047/1486/1154 837/1475/1154 1252/1478/1154 1507/1487/1154
f 1507/1487/1155 1252/1478/1155 902/1480/1155 1143/1489/1155
f 1255/1488/1156 1507/1487/1156 1143/1489/1156 904/1490/1156
f 884/1148/1157 1125/1148/1157 1508/1148/1157 1253/1148/1157
f 1125/1148/1158 885/1148/1158 1256/1148/1158 1508/1148/1158
f 1508/1148/1159 1256/1148/1159 937/1148/1159 1221/1148/1159
f 1253/1148/1160 1508/1148/1160 1221/1148/1160 935/1148/1160
f 948/1491/1161 1257/1492/1161 1509/1493/1161 1322/1494/1161
f 1257/1492/1162 860/1491/1162 1249/1494/1162 1509/1493/1162
f 1509/1493/1163 1249/1494/1163 989/1491/1163 1321/1495/1163
f 1322/1494/1164 1509/1493/1164 1321/1495/1164 992/1491/1164
f 885/1148/1165 1126/1148/1165 1510/1148/1165 1256/1148/1165
f 1126/1148/1166 886/1148/1166 1258/1148/1166 1510/1148/1166
f 1510/1148/1167 1258/1148/1167 939/1148/1167 1222/1148/1167
f 1256/1148/1168 1510/1148/1168 1222/1148/1168 937/1148/1168
f 886/1148/1169 1127/1148/1169 1511/1148/1169 1258/1148/1169
f 1127/1148/1170 887/1148/1170 1259/1148/1170 1511/1148/1170
f 1511/1148/1171 1259/1148/1171 941/1148/1171 1223/1148/1171
f 1258/1148/1172 1511/1148/1172 1223/1148/1172 939/1148/1172
f 839/1496/1173 1049/1497/1173 1512/1498/1173 1260/1499/1173
f 1049/1497/1174 838/1485/1174 1255/1488/1174 1512/1498/1174
f 1512/1498/1175 1255/1488/1175 904/1490/1175 1145/1500/1175
f 1260/1499/1176 1512/1498/1176 1145/1500/1176 906/1501/1176
f 932/1502/1177 1261/1503/1177 1513/1504/1177 1274/1505/1177
f 1261/1503/1178 852/1502/1178 1254/1505/1178 1513/1504/1178
f 1513/1504/1179 1254/1505/1179 965/1502/1179 1273/1506/1179
f 1274/1505/1180 1513/1504/1180 1273/1506/1180 968/1502/1180
f 887/1148/1181 1128/1148/1181 1514/1148/1181 1259/1148/1181
f 1128/1148/1182 888/1148/1182 1262/1148/1182 1514/1148/1182
f 1514/1148/1183 1262/1148/1183 943/1148/1183 1224/1148/1183
f 1259/1148/1184 1514/1148/1184 1224/1148/1184 941/1148/1184
f 861/1507/1185 1093/1508/1185 1515/1509/1185 1263/1510/1185
f 1093/1508/1186 860/1491/1186 1257/1492/1186 1515/1509/1186
f 1515/1509/1187 1257/1492/1187 948/1491/1187 1189/1511/1187
f 1263/1510/1188 1515/1509/1188 1189/1511/1188 950/1512/1188
f 888/1148/1189 1129/1148/1189 1516/1148/1189 1262/1148/1189
f 1129/1148/1190 889/1148/1190 1264/1148/1190 1516/1148/1190
f 1516/1148/1191 1264/1148/1191 945/1148/1191 1225/1148/1191
f 1262/1148/1192 1516/1148/1192 1225/1148/1192 943/1148/1192
f 840/1513/1193 1051/1514/1193 1517/1515/1193 1265/1516/1193
f 1051/1514/1194 839/1496/1194 1260/1499/1194 1517/1515/1194
f 1517/1515/1195 1260/1499/1195 906/1501/1195 1147/1517/1195
f 1265/1516/1196 1517/1515/1196 1147/1517/1196 908/1518/1196
f 889/1148/1197 1130/1148/1197 1518/1148/1197 1266/1148/1197
f 1130/1148/1198 890/1148/1198 1335/1148/1198 1518/1148/1198
f 1518/1148/1199 1335/1148/1199 996/1148/1199 1328/1148/1199
f 1266/1148/1200 1518/1148/1200 1328/1148/1200 995/1148/1200
f 862/1242/1201 1095/1519/1201 1519/1520/1201 1102/1243/1201
f 1095/1519/1202 861/1507/1202 1263/1510/1202 1519/1520/1202
f 1519/1520/1203 1263/1510/1203 950/1512/1203 1191/1521/1203
f 1102/1243/1204 1519/1520/1204 1191/1521/1204 952/1244/1204
f 853/1228/1205 1077/1522/1205 1520/1523/1205 1088/1229/1205
f 1077/1522/1206 852/1502/1206 1261/1524/1206 1520/1523/1206
f 1520/1523/1207 1261/1524/1207 932/1502/1207 1173/1525/1207
f 1088/1229/1208 1520/1523/1208 1173/1525/1208 934/1230/1208
f 945/1148/1209 1264/1148/1209 1521/1148/1209 1334/1148/1209
f 1264/1148/1210 889/1148/1210 1266/1148/1210 1521/1148/1210
f 1521/1148/1211 1266/1148/1211 995/1148/1211 1332/1148/1211
f 1334/1148/1212 1521/1148/1212 1332/1148/1212 997/1148/1212
f 841/1236/1213 1053/1526/1213 1522/1527/1213 1096/1237/1213
f 1053/1526/1214 840/1513/1214 1265/1516/1214 1522/1527/1214
f 1522/1527/1215 1265/1516/1215 908/1518/1215 1149/1528/1215
f 1096/1237/1216 1522/1527/1216 1149/1528/1216 910/1238/1216
f 964/1529/1217 1267/1530/1217 1523/1531/1217 1272/1532/1217
f 1267/1530/1218 963/1470/1218 1271/1533/1218 1523/1531/1218
f 1523/1531/1219 1271/1533/1219 966/1470/1219 1269/1530/1219
f 1272/1532/1220 1523/1531/1220 1269/1530/1220 967/1529/1220
f 965/1502/1221 1268/1534/1221 1524/1535/1221 1273/1506/1221
f 1268/1534/1222 964/1529/1222 1272/1532/1222 1524/1535/1222
f 1524/1535/1223 1272/1532/1223 967/1529/1223 1270/1534/1223
f 1273/1506/1224 1524/1535/1224 1270/1534/1224 968/1502/1224
f 930/1536/1225 1171/1537/1225 1525/1538/1225 1277/1539/1225
f 1171/1537/1226 932/1344/1226 1274/1540/1226 1525/1538/1226
f 1525/1538/1227 1274/1540/1227 968/1541/1227 1270/1542/1227
f 1277/1539/1228 1525/1538/1228 1270/1542/1228 967/1543/1228
f 928/1332/1229 1169/1334/1229 1526/1544/1229 1275/1545/1229
f 1169/1334/1230 930/1536/1230 1277/1539/1230 1526/1544/1230
f 1526/1544/1231 1277/1539/1231 967/1543/1231 1269/1546/1231
f 1275/1545/1232 1526/1544/1232 1269/1546/1232 966/1545/1232
f 852/1148/1233 1075/1148/1233 1527/1148/1233 1254/1148/1233
f 1075/1148/1234 851/1148/1234 1278/1148/1234 1527/1148/1234
f 1527/1148/1235 1278/1148/1235 964/1148/1235 1268/1148/1235
f 1254/1148/1236 1527/1148/1236 1268/1148/1236 965/1148/1236
f 851/1148/1237 1073/1148/1237 1528/1148/1237 1278/1148/1237
f 1073/1148/1238 850/1148/1238 1276/1148/1238 1528/1148/1238
f 1528/1148/1239 1276/1148/1239 963/1148/1239 1267/1148/1239
f 1278/1148/1240 1528/1148/1240 1267/1148/1240 964/1148/1240
f 969/1148/1241 1279/1148/1241 1529/1148/1241 1283/1148/1241
f 1279/1148/1242 970/1148/1242 1284/1148/1242 1529/1148/1242
f 1529/1148/1243 1284/1148/1243 973/1148/1243 1281/1148/1243
f 1283/1148/1244 1529/1148/1244 1281/1148/1244 972/1148/1244
f 970/1148/1245 1280/1148/1245 1530/1148/1245 1284/1148/1245
f 1280/1148/1246 971/1148/1246 1285/1148/1246 1530/1148/1246
f 1530/1148/1247 1285/1148/1247 974/1148/1247 1282/1148/1247
f 1284/1148/1248 1530/1148/1248 1282/1148/1248 973/1148/1248
f 929/1148/1249 1246/1148/1249 1531/1148/1249 1289/1148/1249
f 1246/1148/1250 881/1148/1250 1286/1148/1250 1531/1148/1250
f 1531/1148/1251 1286/1148/1251 969/1148/1251 1283/1148/1251
f 1289/1148/1252 1531/1148/1252 1283/1148/1252 972/1148/1252
f 882/1148/1253 1123/1148/1253 1532/1148/1253 1248/1148/1253
f 1123/1148/1254 883/1148/1254 1290/1148/1254 1532/1148/1254
f 1532/1148/1255 1290/1148/1255 971/1148/1255 1280/1148/1255
f 1248/1148/1256 1532/1148/1256 1280/1148/1256 970/1148/1256
f 883/1148/1257 1251/1148/1257 1533/1148/1257 1290/1148/1257
f 1251/1148/1258 933/1148/1258 1288/1148/1258 1533/1148/1258
f 1533/1148/1259 1288/1148/1259 974/1148/1259 1285/1148/1259
f 1290/1148/1260 1533/1148/1260 1285/1148/1260 971/1148/1260
f 931/1460/1261 1218/1335/1261 1534/1547/1261 1287/1461/1261
f 1218/1335/1262 929/1330/1262 1289/1548/1262 1534/1547/1262
f 1534/1547/1263 1289/1548/1263 972/1548/1263 1281/1549/1263
f 1287/1461/1264 1534/1547/1264 1281/1549/1264 973/1462/1264
f 975/1550/1265 1294/1551/1265 1535/1552/1265 1292/1553/1265
f 1294/1551/1266 979/1179/1266 1293/1554/1266 1535/1552/1266
f 1535/1552/1267 1293/1554/1267 978/1179/1267 1296/1551/1267
f 1292/1553/1268 1535/1552/1268 1296/1551/1268 977/1550/1268
f 976/1155/1269 1291/1555/1269 1536/1556/1269 1297/1557/1269
f 1291/1555/1270 975/1550/1270 1292/1553/1270 1536/1556/1270
f 1536/1556/1271 1292/1553/1271 977/1550/1271 1295/1555/1271
f 1297/1557/1272 1536/1556/1272 1295/1555/1272 980/1155/1272
f 960/1428/1273 1201/1430/1273 1537/1558/1273 1300/1559/1273
f 1201/1430/1274 899/1434/1274 1298/1560/1274 1537/1558/1274
f 1537/1558/1275 1298/1560/1275 977/1560/1275 1296/1561/1275
f 1300/1559/1276 1537/1558/1276 1296/1561/1276 978/1559/1276
f 866/1179/1277 1056/1562/1277 1538/1563/1277 1301/1564/1277
f 1056/1562/1278 960/1179/1278 1300/1564/1278 1538/1563/1278
f 1538/1563/1279 1300/1564/1279 978/1179/1279 1293/1565/1279
f 1301/1564/1280 1538/1563/1280 1293/1565/1280 979/1179/1280
f 836/1148/1281 1043/1148/1281 1539/1148/1281 1299/1148/1281
f 1043/1148/1282 835/1148/1282 1302/1148/1282 1539/1148/1282
f 1539/1148/1283 1302/1148/1283 975/1148/1283 1291/1148/1283
f 1299/1148/1284 1539/1148/1284 1291/1148/1284 976/1148/1284
f 835/1148/1285 1105/1148/1285 1540/1148/1285 1302/1148/1285
f 1105/1148/1286 866/1148/1286 1301/1148/1286 1540/1148/1286
f 1540/1148/1287 1301/1148/1287 979/1148/1287 1294/1148/1287
f 1302/1148/1288 1540/1148/1288 1294/1148/1288 975/1148/1288
f 981/1148/1289 1307/1148/1289 1541/1148/1289 1303/1148/1289
f 1307/1148/1290 984/1148/1290 1304/1148/1290 1541/1148/1290
f 1541/1148/1291 1304/1148/1291 983/1148/1291 1309/1148/1291
f 1303/1148/1292 1541/1148/1292 1309/1148/1292 982/1148/1292
f 984/1148/1293 1306/1148/1293 1542/1148/1293 1304/1148/1293
f 1306/1148/1294 985/1148/1294 1305/1148/1294 1542/1148/1294
f 1542/1148/1295 1305/1148/1295 986/1148/1295 1308/1148/1295
f 1304/1148/1296 1542/1148/1296 1308/1148/1296 983/1148/1296
f 962/1432/1297 1234/1431/1297 1543/1566/1297 1311/1567/1297
f 1234/1431/1298 961/1426/1298 1310/1568/1298 1543/1566/1298
f 1543/1566/1299 1310/1568/1299 982/1568/1299 1309/1569/1299
f 1311/1567/1300 1543/1566/1300 1309/1569/1300 983/1567/1300
f 898/1148/1301 1107/1148/1301 1544/1148/1301 1314/1148/1301
f 1107/1148/1302 867/1148/1302 1313/1148/1302 1544/1148/1302
f 1544/1148/1303 1313/1148/1303 985/1148/1303 1306/1148/1303
f 1314/1148/1304 1544/1148/1304 1306/1148/1304 984/1148/1304
f 897/1148/1305 1138/1148/1305 1545/1148/1305 1090/1148/1305
f 1138/1148/1306 898/1148/1306 1314/1148/1306 1545/1148/1306
f 1545/1148/1307 1314/1148/1307 984/1148/1307 1307/1148/1307
f 1090/1148/1308 1545/1148/1308 1307/1148/1308 981/1148/1308
f 867/1148/1309 1092/1148/1309 1546/1148/1309 1313/1148/1309
f 1092/1148/1310 901/1148/1310 1312/1148/1310 1546/1148/1310
f 1546/1148/1311 1312/1148/1311 986/1148/1311 1305/1148/1311
f 1313/1148/1312 1546/1148/1312 1305/1148/1312 985/1148/1312
f 988/1570/1313 1315/1571/1313 1547/1572/1313 1320/1573/1313
f 1315/1571/1314 987/1441/1314 1319/1574/1314 1547/1572/1314
f 1547/1572/1315 1319/1574/1315 990/1441/1315 1317/1571/1315
f 1320/1573/1316 1547/1572/1316 1317/1571/1316 991/1570/1316
f 989/1491/1317 1316/1575/1317 1548/1576/1317 1321/1577/1317
f 1316/1575/1318 988/1570/1318 1320/1573/1318 1548/1576/1318
f 1548/1576/1319 1320/1573/1319 991/1570/1319 1318/1575/1319
f 1321/1577/1320 1548/1576/1320 1318/1575/1320 992/1491/1320
f 944/1380/1321 1185/1382/1321 1549/1578/1321 1324/1579/1321
f 1185/1382/1322 946/1386/1322 1323/1466/1322 1549/1578/1322
f 1549/1578/1323 1323/1466/1323 991/1469/1323 1317/1580/1323
f 1324/1579/1324 1549/1578/1324 1317/1580/1324 990/1579/1324
f 860/1148/1325 1091/1148/1325 1550/1148/1325 1249/1148/1325
f 1091/1148/1326 859/1148/1326 1325/1148/1326 1550/1148/1326
f 1550/1148/1327 1325/1148/1327 988/1148/1327 1316/1148/1327
f 1249/1148/1328 1550/1148/1328 1316/1148/1328 989/1148/1328
f 858/1441/1329 1243/1581/1329 1551/1582/1329 1326/1583/1329
f 1243/1581/1330 944/1441/1330 1324/1583/1330 1551/1582/1330
f 1551/1582/1331 1324/1583/1331 990/1441/1331 1319/1584/1331
f 1326/1583/1332 1551/1582/1332 1319/1584/1332 987/1441/1332
f 859/1148/1333 1089/1148/1333 1552/1148/1333 1325/1148/1333
f 1089/1148/1334 858/1148/1334 1326/1148/1334 1552/1148/1334
f 1552/1148/1335 1326/1148/1335 987/1148/1335 1315/1148/1335
f 1325/1148/1336 1552/1148/1336 1315/1148/1336 988/1148/1336
f 995/1148/1337 1328/1148/1337 1553/1148/1337 1332/1148/1337
f 1328/1148/1338 996/1148/1338 1333/1148/1338 1553/1148/1338
f 1553/1148/1339 1333/1148/1339 998/1148/1339 1330/1148/1339
f 1332/1148/1340 1553/1148/1340 1330/1148/1340 997/1148/1340
f 996/1148/1341 1329/1148/1341 1554/1148/1341 1333/1148/1341
f 1329/1148/1342 994/1148/1342 1327/1148/1342 1554/1148/1342
f 1554/1148/1343 1327/1148/1343 993/1148/1343 1331/1148/1343
f 1333/1148/1344 1554/1148/1344 1331/1148/1344 998/1148/1344
f 949/1390/1345 1227/1585/1345 1555/1586/1345 1337/1587/1345
f 1227/1585/1346 947/1384/1346 1336/1588/1346 1555/1586/1346
f 1555/1586/1347 1336/1588/1347 998/1589/1347 1331/1590/1347
f 1337/1587/1348 1555/1586/1348 1331/1590/1348 993/1591/1348
f 891/1148/1349 1104/1148/1349 1556/1148/1349 1338/1148/1349
f 1104/1148/1350 949/1148/1350 1337/1148/1350 1556/1148/1350
f 1556/1148/1351 1337/1148/1351 993/1148/1351 1327/1148/1351
f 1338/1148/1352 1556/1148/1352 1327/1148/1352 994/1148/1352
f 890/1148/1353 1131/1148/1353 1557/1148/1353 1335/1148/1353
f 1131/1148/1354 891/1148/1354 1338/1148/1354 1557/1148/1354
f 1557/1148/1355 1338/1148/1355 994/1148/1355 1329/1148/1355
f 1335/1148/1356 1557/1148/1356 1329/1148/1356 996/1148/1356
f 947/1384/1357 1226/1592/1357 1558/1593/1357 1336/1588/1357
f 1226/1592/1358 945/1378/1358 1334/1594/1358 1558/1593/1358
f 1558/1593/1359 1334/1594/1359 997/1594/1359 1330/1595/1359
f 1336/1588/1360 1558/1593/1360 1330/1595/1360 998/1589/1360
f 999/1148/1361 1342/1148/1361 1559/1148/1361 1339/1148/1361
f 1342/1148/1362 1003/1148/1362 1345/1148/1362 1559/1148/1362
f 1559/1148/1363 1345/1148/1363 1004/1148/1363 1344/1148/1363
f 1339/1148/1364 1559/1148/1364 1344/1148/1364 1000/1148/1364
f 1001/1148/1365 1341/1148/1365 1560/1148/1365 1340/1148/1365
f 1341/1148/1366 999/1148/1366 1339/1148/1366 1560/1148/1366
f 1560/1148/1367 1339/1148/1367 1000/1148/1367 1343/1148/1367
f 1340/1148/1368 1560/1148/1368 1343/1148/1368 1002/1148/1368
f 875/1148/1369 1235/1148/1369 1561/1148/1369 1349/1148/1369
f 1235/1148/1370 917/1148/1370 1348/1148/1370 1561/1148/1370
f 1561/1148/1371 1348/1148/1371 1004/1148/1371 1345/1148/1371
f 1349/1148/1372 1561/1148/1372 1345/1148/1372 1003/1148/1372
f 873/1148/1373 1114/1148/1373 1562/1148/1373 1347/1148/1373
f 1114/1148/1374 874/1148/1374 1350/1148/1374 1562/1148/1374
f 1562/1148/1375 1350/1148/1375 999/1148/1375 1341/1148/1375
f 1347/1148/1376 1562/1148/1376 1341/1148/1376 1001/1148/1376
f 917/1295/1377 1211/1596/1377 1563/1597/1377 1348/1598/1377
f 1211/1596/1378 915/1160/1378 1346/1163/1378 1563/1597/1378
f 1563/1597/1379 1346/1163/1379 1000/1167/1379 1344/1599/1379
f 1348/1598/1380 1563/1597/1380 1344/1599/1380 1004/1600/1380
f 874/1148/1381 1115/1148/1381 1564/1148/1381 1350/1148/1381
f 1115/1148/1382 875/1148/1382 1349/1148/1382 1564/1148/1382
f 1564/1148/1383 1349/1148/1383 1003/1148/1383 1342/1148/1383
f 1350/1148/1384 1564/1148/1384 1342/1148/1384 999/1148/1384
f 1007/1176/1385 1352/1601/1385 1565/1602/1385 1353/1603/1385
f 1352/1601/1386 1006/1604/1386 1354/1605/1386 1565/1602/1386
f 1565/1602/1387 1354/1605/1387 1009/1604/1387 1357/1601/1387
f 1353/1603/1388 1565/1602/1388 1357/1601/1388 1008/1176/1388
f 1006/1604/1389 1351/1606/1389 1566/1607/1389 1354/1605/1389
f 1351/1606/1390 1005/1232/1390 1355/1608/1390 1566/1607/1390
f 1566/1607/1391 1355/1608/1391 1010/1232/1391 1356/1606/1391
f 1354/1605/1392 1566/1607/1392 1356/1606/1392 1009/1604/1392
f 842/1232/1393 1094/1609/1393 1567/1610/1393 1360/1611/1393
f 1094/1609/1394 912/1232/1394 1359/1611/1394 1567/1610/1394
f 1567/1610/1395 1359/1611/1395 1010/1232/1395 1355/1608/1395
f 1360/1611/1396 1567/1610/1396 1355/1608/1396 1005/1232/1396
f 844/1148/1397 1059/1148/1397 1568/1148/1397 1362/1148/1397
f 1059/1148/1398 843/1148/1398 1361/1148/1398 1568/1148/1398
f 1568/1148/1399 1361/1148/1399 1006/1148/1399 1352/1148/1399
f 1362/1148/1400 1568/1148/1400 1352/1148/1400 1007/1148/1400
f 843/1148/1401 1057/1148/1401 1569/1148/1401 1361/1148/1401
f 1057/1148/1402 842/1148/1402 1360/1148/1402 1569/1148/1402
f 1569/1148/1403 1360/1148/1403 1005/1148/1403 1351/1148/1403
f 1361/1148/1404 1569/1148/1404 1351/1148/1404 1006/1148/1404
f 916/1176/1405 1062/1177/1405 1570/1612/1405 1076/1613/1405
f 1062/1177/1406 844/1176/1406 1362/1613/1406 1570/1612/1406
f 1570/1612/1407 1362/1613/1407 1007/1176/1407 1353/1614/1407
f 1076/1613/1408 1570/1612/1408 1353/1614/1408 1008/1176/1408
f 854/1615/1409 1081/1616/1409 1571/1617/1409 1395/1618/1409
f 1081/1616/1410 855/1170/1410 1396/1171/1410 1571/1617/1410
f 1571/1617/1411 1396/1171/1411 1031/1172/1411 1382/1619/1411
f 1395/1618/1411 1571/1617/1411 1382/1619/1411 1030/1207/1411
f 861/1507/1412 1095/1620/1412 1572/1621/1412 1397/1622/1412
f 1095/1620/1413 862/1623/1413 1398/1243/1413 1572/1621/1413
f 1572/1621/1414 1398/1243/1414 1038/1244/1414 1389/1624/1414
f 1397/1622/1415 1572/1621/1415 1389/1624/1415 1037/1512/1415
f 841/1625/1416 1055/1626/1416 1573/1627/1416 1399/1628/1416
f 1055/1626/1417 842/1232/1417 1400/1611/1417 1573/1627/1417
f 1573/1627/1418 1400/1611/1418 1018/1611/1418 1369/1629/1418
f 1399/1628/1419 1573/1627/1419 1369/1629/1419 1017/1238/1419
f 848/1630/1420 1069/1447/1420 1574/1448/1420 1401/1438/1420
f 1069/1447/1421 849/1631/1421 1402/1632/1421 1574/1448/1421
f 1574/1448/1422 1402/1632/1422 1025/1451/1422 1376/1450/1422
f 1401/1438/1422 1574/1448/1422 1376/1450/1422 1024/1440/1422
f 855/1170/1423 1083/1633/1423 1575/1634/1423 1396/1171/1423
f 1083/1633/1424 856/1635/1424 1403/1636/1424 1575/1634/1424
f 1575/1634/1425 1403/1636/1425 1032/1145/1425 1383/1173/1425
f 1396/1171/1425 1575/1634/1425 1383/1173/1425 1031/1172/1425
f 835/1148/1426 1043/1148/1426 1576/1148/1426 1404/1148/1426
f 1043/1148/1427 836/1148/1427 1405/1148/1427 1576/1148/1427
f 1576/1148/1428 1405/1148/1428 1012/1148/1428 1363/1148/1428
f 1404/1148/1429 1576/1148/1429 1363/1148/1429 1011/1148/1429
f 862/1623/1430 1097/1637/1430 1577/1638/1430 1398/1243/1430
f 1097/1637/1431 863/1639/1431 1406/1640/1431 1577/1638/1431
f 1577/1638/1414 1406/1640/1414 1039/1224/1414 1390/1641/1414
f 1398/1243/1414 1577/1638/1414 1390/1641/1414 1038/1244/1414
f 842/1148/1432 1057/1148/1432 1578/1148/1432 1400/1148/1432
f 1057/1148/1433 843/1148/1433 1407/1148/1433 1578/1148/1433
f 1578/1148/1434 1407/1148/1434 1019/1148/1434 1370/1148/1434
f 1400/1148/1435 1578/1148/1435 1370/1148/1435 1018/1148/1435
f 849/1631/1436 1071/1642/1436 1579/1643/1436 1402/1632/1436
f 1071/1642/1437 850/1470/1437 1408/1483/1437 1579/1643/1437
f 1579/1643/1438 1408/1483/1438 1026/1644/1438 1377/1474/1438
f 1402/1632/1439 1579/1643/1439 1377/1474/1439 1025/1451/1439
f 856/1635/1440 1085/1645/1440 1580/1646/1440 1403/1636/1440
f 1085/1645/1441 857/1647/1441 1409/1648/1441 1580/1646/1441
f 1580/1646/1442 1409/1648/1442 1033/1147/1442 1384/1649/1442
f 1403/1636/1442 1580/1646/1442 1384/1649/1442 1032/1145/1442
f 836/1155/1443 1045/1650/1443 1581/1651/1443 1405/1158/1443
f 1045/1650/1444 837/1652/1444 1410/1653/1444 1581/1651/1444
f 1581/1651/1445 1410/1653/1445 1013/1480/1445 1364/1479/1445
f 1405/1158/1446 1581/1651/1446 1364/1479/1446 1012/1654/1446
f 863/1639/1447 1099/1655/1447 1582/1656/1447 1406/1640/1447
f 1099/1655/1448 864/1657/1448 1411/1212/1448 1582/1656/1448
f 1582/1656/1449 1411/1212/1449 1040/1213/1449 1391/1658/1449
f 1406/1640/1449 1582/1656/1449 1391/1658/1449 1039/1224/1449
f 843/1148/1450 1059/1148/1450 1583/1148/1450 1407/1148/1450
f 1059/1148/1451 844/1148/1451 1412/1148/1451 1583/1148/1451
f 1583/1148/1452 1412/1148/1452 1020/1148/1452 1371/1148/1452
f 1407/1148/1453 1583/1148/1453 1371/1148/1453 1019/1148/1453
f 850/1148/1454 1073/1148/1454 1584/1148/1454 1408/1148/1454
f 1073/1148/1455 851/1148/1455 1413/1148/1455 1584/1148/1455
f 1584/1148/1456 1413/1148/1456 1027/1148/1456 1378/1148/1456
f 1408/1148/1457 1584/1148/1457 1378/1148/1457 1026/1148/1457
f 857/1647/1458 1087/1659/1458 1585/1660/1458 1409/1648/1458
f 1087/1659/1459 858/1441/1459 1414/1583/1459 1585/1660/1459
f 1585/1660/1460 1414/1583/1460 1034/1661/1460 1385/1445/1460
f 1409/1648/1461 1585/1660/1461 1385/1445/1461 1033/1147/1461
f 837/1652/1462 1047/1486/1462 1586/1487/1462 1410/1653/1462
f 1047/1486/1463 838/1662/1463 1415/1488/1463 1586/1487/1463
f 1586/1487/1464 1415/1488/1464 1014/1490/1464 1365/1489/1464
f 1410/1653/1465 1586/1487/1465 1365/1489/1465 1013/1480/1465
f 864/1657/1466 1101/1663/1466 1587/1664/1466 1411/1212/1466
f 1101/1663/1467 865/1183/1467 1416/1665/1467 1587/1664/1467
f 1587/1664/1468 1416/1665/1468 1041/1185/1468 1392/1214/1468
f 1411/1212/1468 1587/1664/1468 1392/1214/1468 1040/1213/1468
f 844/1176/1469 1061/1666/1469 1588/1667/1469 1412/1613/1469
f 1061/1666/1470 845/1668/1470 1417/1669/1470 1588/1667/1470
f 1588/1667/1471 1417/1669/1471 1021/1153/1471 1372/1670/1471
f 1412/1613/1472 1588/1667/1472 1372/1670/1472 1020/1671/1472
f 851/1148/1473 1075/1148/1473 1589/1148/1473 1413/1148/1473
f 1075/1148/1474 852/1148/1474 1418/1148/1474 1589/1148/1474
f 1589/1148/1475 1418/1148/1475 1028/1148/1475 1379/1148/1475
f 1413/1148/1476 1589/1148/1476 1379/1148/1476 1027/1148/1476
f 858/1148/1477 1089/1148/1477 1590/1148/1477 1414/1148/1477
f 1089/1148/1478 859/1148/1478 1419/1148/1478 1590/1148/1478
f 1590/1148/1479 1419/1148/1479 1035/1148/1479 1386/1148/1479
f 1414/1148/1480 1590/1148/1480 1386/1148/1480 1034/1148/1480
f 838/1662/1481 1049/1672/1481 1591/1498/1481 1415/1488/1481
f 1049/1672/1482 839/1673/1482 1420/1674/1482 1591/1498/1482
f 1591/1498/1464 1420/1674/1464 1015/1501/1464 1366/1500/1464
f 1415/1488/1464 1591/1498/1464 1366/1500/1464 1014/1490/1464
f 865/1183/1483 1103/1675/1483 1592/1676/1483 1416/1665/1483
f 1103/1675/1484 866/1179/1484 1421/1564/1484 1592/1676/1484
f 1592/1676/1485 1421/1564/1485 1042/1677/1485 1393/1186/1485
f 1416/1665/1486 1592/1676/1486 1393/1186/1486 1041/1185/1486
f 845/1668/1487 1063/1149/1487 1593/1678/1487 1417/1669/1487
f 1063/1149/1488 846/1134/1488 1422/1679/1488 1593/1678/1488
f 1593/1678/1489 1422/1679/1489 1022/1136/1489 1373/1680/1489
f 1417/1669/1490 1593/1678/1490 1373/1680/1490 1021/1153/1490
f 852/1502/1491 1077/1522/1491 1594/1681/1491 1418/1505/1491
f 1077/1522/1492 853/1682/1492 1423/1683/1492 1594/1681/1492
f 1594/1681/1493 1423/1683/1493 1029/1230/1493 1380/1525/1493
f 1418/1505/1494 1594/1681/1494 1380/1525/1494 1028/1684/1494
f 859/1148/1495 1091/1148/1495 1595/1148/1495 1419/1148/1495
f 1091/1148/1496 860/1148/1496 1424/1148/1496 1595/1148/1496
f 1595/1148/1497 1424/1148/1497 1036/1148/1497 1387/1148/1497
f 1419/1148/1498 1595/1148/1498 1387/1148/1498 1035/1148/1498
f 839/1673/1499 1051/1685/1499 1596/1686/1499 1420/1674/1499
f 1051/1685/1500 840/1513/1500 1425/1687/1500 1596/1686/1500
f 1596/1686/1501 1425/1687/1501 1016/1518/1501 1367/1688/1501
f 1420/1674/1501 1596/1686/1501 1367/1688/1501 1015/1501/1501
f 866/1148/1502 1105/1148/1502 1597/1148/1502 1421/1148/1502
f 1105/1148/1503 835/1148/1503 1404/1148/1503 1597/1148/1503
f 1597/1148/1504 1404/1148/1504 1011/1148/1504 1394/1148/1504
f 1421/1148/1505 1597/1148/1505 1394/1148/1505 1042/1148/1505
f 846/1134/1506 1065/1131/1506 1598/1132/1506 1422/1679/1506
f 1065/1131/1507 847/1689/1507 1426/1690/1507 1598/1132/1507
f 1598/1132/1489 1426/1690/1489 1023/1138/1489 1374/1137/1489
f 1422/1679/1489 1598/1132/1489 1374/1137/1489 1022/1136/1489
f 853/1682/1508 1079/1226/1508 1599/1691/1508 1423/1683/1508
f 1079/1226/1509 854/1615/1509 1395/1618/1509 1599/1691/1509
f 1599/1691/1411 1395/1618/1411 1030/1207/1411 1381/1231/1411
f 1423/1683/1510 1599/1691/1510 1381/1231/1510 1029/1230/1510
f 860/1491/1511 1093/1692/1511 1600/1693/1511 1424/1494/1511
f 1093/1692/1512 861/1507/1512 1397/1622/1512 1600/1693/1512
f 1600/1693/1513 1397/1622/1513 1037/1512/1513 1388/1694/1513
f 1424/1494/1514 1600/1693/1514 1388/1694/1514 1036/1494/1514
f 840/1513/1515 1053/1526/1515 1601/1695/1515 1425/1687/1515
f 1053/1526/1516 841/1625/1516 1399/1628/1516 1601/1695/1516
f 1601/1695/1517 1399/1628/1517 1017/1238/1517 1368/1696/1517
f 1425/1687/1517 1601/1695/1517 1368/1696/1517 1016/1518/1517
f 847/1689/1518 1067/1436/1518 1602/1437/1518 1426/1690/1518
f 1067/1436/1519 848/1630/1519 1401/1438/1519 1602/1437/1519
f 1602/1437/1520 1401/1438/1520 1024/1440/1520 1375/1439/1520
f 1426/1690/1520 1602/1437/1520 1375/1439/1520 1023/1138/1520
o Cylinder.002
v 0.000000 3.858013 -5.197880
v 1.014056 3.858013 -5.098004
v 1.989143 3.858013 -4.802215
v 2.887788 3.858013 -4.321879
v 3.675456 3.858013 -3.675457
v 4.321879 3.858013 -2.887788
v 4.802215 3.858013 -1.989143
v 5.098004 3.858013 -1.014056
v 5.197880 3.858013 0.000000
v 5.098004 3.858013 1.014056
v 4.802215 3.858013 1.989143
v 4.321879 3.858013 2.887788
v 3.675457 3.858013 3.675456
v 2.887788 3.858013 4.321879
v 1.989143 3.858013 4.802215
v 1.014056 3.858013 5.098004
v -0.000000 3.858013 5.197880
v -1.014056 3.858013 5.098004
v -1.989143 3.858013 4.802215
v -2.887788 3.858013 4.321879
v -3.675456 3.858013 3.675457
v -4.321879 3.858013 2.887788
v -4.802215 3.858013 1.989143
v -5.098004 3.858013 1.014056
v -5.197880 3.858013 -0.000000
v -5.098004 3.858013 -1.014056
v -4.802216 3.858013 -1.989143
v -4.321879 3.858013 -2.887788
v -3.675457 3.858013 -3.675456
v -2.887788 3.858013 -4.321879
v -1.989143 3.858013 -4.802215
v -1.014056 3.858013 -5.098004
v 0.000000 9.083608 -0.013563
v 0.002646 9.083608 -0.013303
v 0.005191 9.083608 -0.012531
v 0.007535 9.083608 -0.011278
v 0.009591 9.083608 -0.009591
v 0.011278 9.083608 -0.007536
v 0.012531 9.083608 -0.005191
v 0.013303 9.083608 -0.002646
v 0.013563 9.083608 -0.000000
v 0.013303 9.083608 0.002646
v 0.012531 9.083608 0.005190
v 0.011278 9.083608 0.007535
v 0.009591 9.083608 0.009591
v 0.007535 9.083608 0.011277
v 0.005191 9.083608 0.012531
v 0.002646 9.083608 0.013303
v 0.000000 9.083608 0.013563
v -0.002646 9.083608 0.013303
v -0.005190 9.083608 0.012531
v -0.007535 9.083608 0.011277
v -0.009591 9.083608 0.009591
v -0.011277 9.083608 0.007535
v -0.012531 9.083608 0.005190
v -0.013303 9.083608 0.002646
v -0.013563 9.083608 -0.000000
v -0.013303 9.083608 -0.002646
v -0.012531 9.083608 -0.005191
v -0.011277 9.083608 -0.007536
v -0.009591 9.083608 -0.009591
v -0.007535 9.083608 -0.011278
v -0.005190 9.083608 -0.012531
v -0.002646 9.083608 -0.013303
v 0.000000 2.398909 -5.197880
v 1.014056 2.398910 -5.098004
v 1.989143 2.398910 -4.802215
v 2.887788 2.398910 -4.321879
v 3.675456 2.398910 -3.675457
v 4.321879 2.398910 -2.887788
v 4.802215 2.398910 -1.989143
v 5.098004 2.398910 -1.014056
v 5.197880 2.398910 -0.000000
v 5.098004 2.398910 1.014056
v 4.802215 2.398909 1.989143
v 4.321879 2.398910 2.887788
v 3.675457 2.398910 3.675456
v 2.887788 2.398910 4.321879
v 1.989143 2.398910 4.802215
v 1.014056 2.398910 5.098004
v 0.000000 2.398910 5.197880
v -1.014056 2.398910 5.098004
v -1.989143 2.398910 4.802215
v -2.887788 2.398910 4.321879
v -3.675456 2.398910 3.675457
v -4.321879 2.398910 2.887788
v -4.802215 2.398910 1.989143
v -5.098004 2.398910 1.014056
v -5.197880 2.398909 -0.000000
v -5.098004 2.398910 -1.014056
v -4.802215 2.398910 -1.989143
v -4.321879 2.398910 -2.887788
v -3.675457 2.398910 -3.675456
v -2.887788 2.398910 -4.321879
v -1.989143 2.398910 -4.802215
v -1.014056 2.398910 -5.098004
v 4.712030 3.128461 1.951787
v 4.240715 3.128461 2.833555
v -5.100265 3.128461 0.000000
v -5.002265 3.128461 -0.995012
v 3.606431 3.128461 3.606432
v -4.712030 3.128461 -1.951787
v 2.833555 3.128461 4.240716
v -4.240715 3.128461 -2.833555
v 1.951787 3.128461 4.712030
v 0.000000 3.128461 -5.100265
v 0.995012 3.128461 -5.002265
v -3.606431 3.128461 -3.606432
v 0.995012 3.128461 5.002264
v 1.951787 3.128461 -4.712030
v -2.833555 3.128461 -4.240716
v 0.000000 3.128461 5.100265
v 2.833555 3.128461 -4.240715
v -1.951787 3.128461 -4.712030
v -0.995012 3.128461 5.002265
v 3.606432 3.128461 -3.606431
v -0.995012 3.128461 -5.002264
v -1.951787 3.128461 4.712030
v 4.240716 3.128461 -2.833555
v -2.833555 3.128461 4.240715
v 4.712030 3.128461 -1.951787
v -3.606432 3.128461 3.606431
v 5.002264 3.128461 -0.995012
v -4.240716 3.128461 2.833555
v 5.100265 3.128461 0.000000
v -4.712030 3.128461 1.951787
v 5.002265 3.128461 0.995012
v -5.002264 3.128461 0.995012
v 1.090231 3.907152 -5.480962
v 0.000000 3.907152 -5.588341
v 2.138565 3.907152 -5.162953
v 3.104716 3.907152 -4.646535
v 3.951554 3.907152 -3.951554
v 4.646536 3.907152 -3.104716
v 5.162953 3.907152 -2.138566
v 5.480962 3.907152 -1.090231
v 5.588340 3.907152 0.000000
v 5.480962 3.907152 1.090231
v 5.162953 3.907152 2.138565
v 4.646535 3.907152 3.104716
v 3.951554 3.907152 3.951554
v 3.104716 3.907152 4.646536
v 2.138566 3.907152 5.162953
v 1.090231 3.907152 5.480962
v -0.000000 3.907152 5.588340
v -1.090231 3.907152 5.480962
v -2.138565 3.907152 5.162953
v -3.104716 3.907152 4.646535
v -3.951554 3.907152 3.951554
v -4.646536 3.907152 3.104716
v -5.162953 3.907152 2.138566
v -5.480962 3.907152 1.090231
v -5.588341 3.907152 -0.000000
v -5.480962 3.907152 -1.090231
v -5.162953 3.907152 -2.138565
v -4.646535 3.907152 -3.104716
v -3.951554 3.907152 -3.951554
v -3.104716 3.907152 -4.646536
v -2.138566 3.907152 -5.162953
v -1.090231 3.907152 -5.480962
v 1.090231 2.349772 -5.480962
v 0.000000 2.349772 -5.588341
v 2.138566 2.349772 -5.162953
v 3.104716 2.349772 -4.646535
v 3.951554 2.349772 -3.951554
v 4.646535 2.349772 -3.104716
v 5.162953 2.349772 -2.138565
v 5.480962 2.349772 -1.090231
v 5.588341 2.349772 -0.000000
v 5.480962 2.349772 1.090231
v 5.162953 2.349772 2.138566
v 4.646535 2.349772 3.104716
v 3.951554 2.349772 3.951554
v 3.104716 2.349772 4.646535
v 2.138565 2.349772 5.162953
v 1.090231 2.349772 5.480962
v 0.000000 2.349772 5.588341
v -1.090231 2.349772 5.480962
v -2.138566 2.349772 5.162953
v -3.104716 2.349772 4.646535
v -3.951554 2.349772 3.951554
v -4.646535 2.349772 3.104716
v -5.162953 2.349772 2.138565
v -5.480962 2.349772 1.090231
v -5.588341 2.349772 -0.000000
v -5.480962 2.349772 -1.090231
v -5.162953 2.349772 -2.138566
v -4.646535 2.349772 -3.104716
v -3.951554 2.349772 -3.951554
v -3.104716 2.349772 -4.646535
v -2.138565 2.349772 -5.162953
v -1.090231 2.349772 -5.480962
v 5.253138 3.128462 2.175921
v 4.727700 3.128462 3.158948
v -5.685956 3.128462 0.000000
v -5.576702 3.128462 -1.109275
v 4.020578 3.128462 4.020578
v -5.253138 3.128462 -2.175921
v 3.158948 3.128461 4.727700
v -4.727700 3.128462 -3.158948
v 2.175921 3.128462 5.253138
v 0.000000 3.128462 -5.685956
v 1.109275 3.128462 -5.576702
v -4.020578 3.128462 -4.020578
v 1.109275 3.128462 5.576702
v 2.175921 3.128462 -5.253138
v -3.158948 3.128461 -4.727700
v 0.000000 3.128462 5.685956
v 3.158948 3.128462 -4.727700
v -2.175921 3.128462 -5.253138
v -1.109275 3.128462 5.576702
v 4.020578 3.128462 -4.020578
v -1.109275 3.128462 -5.576702
v -2.175921 3.128462 5.253138
v 4.727700 3.128461 -3.158948
v -3.158948 3.128462 4.727700
v 5.253138 3.128462 -2.175921
v -4.020578 3.128462 4.020578
v 5.576702 3.128462 -1.109275
v -4.727700 3.128461 3.158948
v 5.685956 3.128462 0.000000
v -5.253138 3.128462 2.175921
v 5.576702 3.128462 1.109275
v -5.576702 3.128462 1.109275
v 0.509479 3.858013 -5.172831
v 1.508859 3.858013 -4.974042
v 2.450254 3.858013 -4.584103
v 3.297488 3.858013 -4.018000
v 4.018000 3.858013 -3.297488
v 4.584103 3.858013 -2.450254
v 4.974042 3.858013 -1.508859
v 5.172831 3.858013 -0.509479
v 5.172831 3.858013 0.509479
v 4.974042 3.858013 1.508859
v 4.584103 3.858013 2.450254
v 4.018000 3.858013 3.297488
v 3.297488 3.858013 4.018000
v 2.450254 3.858013 4.584103
v 1.508859 3.858013 4.974042
v 0.509479 3.858013 5.172831
v -0.509479 3.858013 5.172831
v -1.508859 3.858013 4.974042
v -2.450254 3.858013 4.584103
v -3.297488 3.858013 4.018000
v -4.018000 3.858013 3.297488
v -4.584103 3.858013 2.450254
v -4.974042 3.858013 1.508859
v -5.172831 3.858013 0.509479
v -5.172831 3.858013 -0.509479
v -4.974042 3.858013 -1.508859
v -4.584103 3.858013 -2.450254
v -4.018000 3.858013 -3.297488
v -3.297488 3.858013 -4.018000
v -2.450254 3.858013 -4.584103
v -1.508859 3.858013 -4.974042
v -0.509479 3.858013 -5.172831
v 0.001329 9.083607 -0.013497
v 0.003937 9.083607 -0.012978
v 0.006393 9.083607 -0.011961
v 0.008604 9.083607 -0.010484
v 0.010484 9.083607 -0.008604
v 0.011961 9.083607 -0.006393
v 0.012978 9.083607 -0.003937
v 0.013497 9.083607 -0.001329
v 0.013497 9.083607 0.001329
v 0.012978 9.083607 0.003937
v 0.011961 9.083607 0.006393
v 0.010484 9.083607 0.008603
v 0.008604 9.083607 0.010483
v 0.006393 9.083607 0.011960
v 0.003937 9.083607 0.012978
v 0.001329 9.083607 0.013497
v -0.001329 9.083607 0.013497
v -0.003937 9.083607 0.012978
v -0.006393 9.083607 0.011960
v -0.008604 9.083607 0.010483
v -0.010483 9.083607 0.008603
v -0.011960 9.083607 0.006393
v -0.012978 9.083607 0.003937
v -0.013497 9.083607 0.001329
v -0.013497 9.083607 -0.001329
v -0.012978 9.083607 -0.003937
v -0.011960 9.083607 -0.006393
v -0.010483 9.083607 -0.008604
v -0.008604 9.083607 -0.010484
v -0.006393 9.083607 -0.011961
v -0.003937 9.083607 -0.012978
v -0.001329 9.083607 -0.013497
v 0.509479 2.398910 -5.172831
v 1.508859 2.398910 -4.974042
v 2.450254 2.398910 -4.584103
v 3.297488 2.398910 -4.018000
v 4.018000 2.398910 -3.297488
v 4.584103 2.398910 -2.450254
v 4.974042 2.398910 -1.508859
v 5.172831 2.398910 -0.509479
v 5.172831 2.398910 0.509479
v 4.974042 2.398910 1.508859
v 4.584103 2.398910 2.450254
v 4.018000 2.398910 3.297488
v 3.297488 2.398910 4.018000
v 2.450254 2.398910 4.584103
v 1.508859 2.398910 4.974042
v 0.509479 2.398910 5.172831
v -0.509479 2.398910 5.172831
v -1.508859 2.398910 4.974042
v -2.450254 2.398910 4.584103
v -3.297488 2.398910 4.018000
v -4.018000 2.398910 3.297488
v -4.584103 2.398910 2.450254
v -4.974042 2.398910 1.508859
v -5.172831 2.398910 0.509479
v -5.172831 2.398910 -0.509479
v -4.974042 2.398910 -1.508859
v -4.584103 2.398910 -2.450254
v -4.018000 2.398910 -3.297488
v -3.297488 2.398910 -4.018000
v -2.450254 2.398910 -4.584103
v -1.508859 2.398910 -4.974042
v -0.509479 2.398910 -5.172831
v 4.723303 3.540583 1.956457
v 4.250861 2.716340 2.840335
v -5.112467 3.540583 0.000000
v -5.014232 2.716340 -0.997393
v 3.615060 2.716340 3.615060
v -4.723303 2.716340 -1.956457
v 2.840335 2.716340 4.250861
v -4.250861 2.716340 -2.840335
v 1.956457 2.716340 4.723303
v -0.000000 3.540583 -5.112467
v 0.997393 2.716340 -5.014232
v -3.615060 2.716340 -3.615060
v 0.997393 2.716340 5.014233
v 1.956457 2.716340 -4.723303
v -2.840335 2.716340 -4.250861
v -0.000000 2.716340 5.112467
v 2.840335 2.716340 -4.250861
v -1.956457 2.716340 -4.723303
v -0.997393 2.716340 5.014232
v 3.615060 2.716340 -3.615060
v -0.997393 2.716340 -5.014233
v -1.956457 2.716340 4.723303
v 4.250861 2.716340 -2.840335
v -2.840335 2.716340 4.250861
v 4.723303 2.716340 -1.956457
v -3.615060 2.716340 3.615060
v 5.014233 2.716340 -0.997393
v -4.250861 2.716340 2.840335
v 5.112467 2.716340 0.000000
v -4.723303 2.716340 1.956457
v 5.014232 2.716340 0.997393
v -5.014233 2.716340 0.997393
v 4.723303 2.716340 1.956457
v 4.250861 3.540583 2.840335
v -5.112467 2.716340 -0.000000
v -5.014232 3.540583 -0.997393
v 3.615060 3.540583 3.615060
v -4.723303 3.540583 -1.956457
v 2.840334 3.540583 4.250861
v -4.250861 3.540583 -2.840335
v 1.956456 3.540583 4.723303
v 0.000000 2.716340 -5.112467
v 0.997393 3.540583 -5.014232
v -3.615060 3.540583 -3.615060
v 0.997393 3.540583 5.014232
v 1.956457 3.540583 -4.723303
v -2.840334 3.540583 -4.250861
v 0.000000 3.540583 5.112467
v 2.840335 3.540583 -4.250861
v -1.956456 3.540583 -4.723303
v -0.997393 3.540583 5.014232
v 3.615060 3.540583 -3.615060
v -0.997393 3.540583 -5.014232
v -1.956457 3.540583 4.723303
v 4.250861 3.540583 -2.840334
v -2.840335 3.540583 4.250861
v 4.723303 3.540583 -1.956456
v -3.615060 3.540583 3.615060
v 5.014232 3.540583 -0.997393
v -4.250861 3.540583 2.840334
v 5.112467 3.540583 -0.000000
v -4.723303 3.540583 1.956456
v 5.014232 3.540583 0.997393
v -5.014232 3.540583 0.997393
v -5.075686 3.128461 0.499911
v 4.880630 3.128461 1.480523
v -4.880630 3.128461 1.480523
v 5.075686 3.128461 0.499911
v -4.498014 3.128461 2.404239
v 5.075686 3.128461 -0.499911
v -3.942543 3.128461 3.235561
v 4.880630 3.128461 -1.480523
v -3.235562 3.128461 3.942543
v 4.498014 3.128461 -2.404239
v -2.404239 3.128461 4.498015
v -0.499911 3.128461 -5.075686
v 3.942543 3.128461 -3.235561
v -1.480523 3.128461 4.880630
v -1.480523 3.128461 -4.880630
v 3.235562 3.128461 -3.942543
v -0.499911 3.128461 5.075686
v -2.404239 3.128461 -4.498014
v 2.404239 3.128461 -4.498015
v 0.499911 3.128461 5.075686
v -3.235561 3.128461 -3.942543
v 1.480523 3.128461 -4.880630
v 1.480523 3.128461 4.880630
v -3.942543 3.128461 -3.235562
v 0.499911 3.128461 -5.075686
v 2.404239 3.128461 4.498014
v -4.498015 3.128461 -2.404239
v 3.235561 3.128461 3.942543
v -4.880630 3.128461 -1.480523
v 3.942543 3.128461 3.235562
v -5.075686 3.128461 -0.499911
v 4.498015 3.128461 2.404239
v 0.547751 3.907152 -5.561410
v 1.622203 3.907152 -5.347687
v 2.634315 3.907152 -4.928457
v 3.545192 3.907152 -4.319829
v 4.319829 3.907152 -3.545192
v 4.928457 3.907152 -2.634315
v 5.347687 3.907152 -1.622203
v 5.561409 3.907152 -0.547751
v 5.561410 3.907152 0.547751
v 5.347687 3.907152 1.622203
v 4.928457 3.907152 2.634315
v 4.319829 3.907152 3.545192
v 3.545192 3.907152 4.319829
v 2.634315 3.907152 4.928457
v 1.622203 3.907152 5.347687
v 0.547751 3.907152 5.561409
v -0.547751 3.907152 5.561410
v -1.622203 3.907152 5.347687
v -2.634315 3.907152 4.928457
v -3.545192 3.907152 4.319829
v -4.319829 3.907152 3.545192
v -4.928457 3.907152 2.634315
v -5.347687 3.907152 1.622203
v -5.561409 3.907152 0.547751
v -5.561410 3.907152 -0.547751
v -5.347687 3.907152 -1.622203
v -4.928457 3.907152 -2.634315
v -4.319829 3.907152 -3.545192
v -3.545192 3.907152 -4.319829
v -2.634315 3.907152 -4.928457
v -1.622203 3.907152 -5.347687
v -0.547751 3.907152 -5.561409
v 0.547751 2.349771 -5.561409
v 1.622203 2.349771 -5.347687
v 2.634315 2.349771 -4.928457
v 3.545192 2.349771 -4.319829
v 4.319829 2.349771 -3.545192
v 4.928457 2.349771 -2.634315
v 5.347688 2.349771 -1.622203
v 5.561409 2.349771 -0.547751
v 5.561409 2.349771 0.547751
v 5.347687 2.349771 1.622203
v 4.928457 2.349771 2.634315
v 4.319829 2.349771 3.545192
v 3.545192 2.349771 4.319829
v 2.634315 2.349771 4.928457
v 1.622203 2.349771 5.347688
v 0.547751 2.349771 5.561409
v -0.547751 2.349771 5.561409
v -1.622203 2.349771 5.347687
v -2.634315 2.349771 4.928457
v -3.545192 2.349771 4.319829
v -4.319829 2.349771 3.545192
v -4.928457 2.349771 2.634315
v -5.347688 2.349771 1.622203
v -5.561409 2.349771 0.547751
v -5.561409 2.349771 -0.547751
v -5.347687 2.349771 -1.622203
v -4.928457 2.349771 -2.634315
v -4.319829 2.349771 -3.545192
v -3.545192 2.349771 -4.319829
v -2.634315 2.349771 -4.928457
v -1.622203 2.349771 -5.347688
v -0.547751 2.349771 -5.561409
v 5.241865 3.583580 2.171252
v 4.717554 2.673344 3.152169
v -5.673755 3.583580 0.000000
v -5.564734 2.673344 -1.106894
v 4.011950 2.673344 4.011950
v -5.241865 2.673344 -2.171252
v 3.152169 2.673344 4.717554
v -4.717554 2.673344 -3.152169
v 2.171252 2.673344 5.241865
v 0.000000 3.583580 -5.673755
v 1.106894 2.673344 -5.564734
v -4.011950 2.673344 -4.011950
v 1.106894 2.673344 5.564734
v 2.171252 2.673344 -5.241865
v -3.152169 2.673344 -4.717554
v 0.000000 2.673344 5.673754
v 3.152169 2.673344 -4.717554
v -2.171252 2.673344 -5.241865
v -1.106894 2.673344 5.564734
v 4.011950 2.673344 -4.011950
v -1.106894 2.673344 -5.564734
v -2.171252 2.673344 5.241865
v 4.717554 2.673344 -3.152169
v -3.152169 2.673344 4.717554
v 5.241865 2.673344 -2.171252
v -4.011950 2.673344 4.011950
v 5.564734 2.673344 -1.106894
v -4.717554 2.673344 3.152169
v 5.673754 2.673344 0.000000
v -5.241865 2.673344 2.171252
v 5.564734 2.673344 1.106894
v -5.564734 2.673344 1.106894
v 5.241865 2.673344 2.171252
v 4.717554 3.583579 3.152169
v -5.673753 2.673344 0.000000
v -5.564734 3.583579 -1.106895
v 4.011950 3.583579 4.011950
v -5.241865 3.583579 -2.171252
v 3.152169 3.583579 4.717555
v -4.717554 3.583579 -3.152169
v 2.171252 3.583579 5.241865
v 0.000000 2.673344 -5.673753
v 1.106895 3.583579 -5.564734
v -4.011950 3.583579 -4.011950
v 1.106894 3.583579 5.564734
v 2.171252 3.583579 -5.241865
v -3.152169 3.583579 -4.717555
v 0.000000 3.583579 5.673755
v 3.152169 3.583579 -4.717554
v -2.171252 3.583579 -5.241865
v -1.106895 3.583579 5.564734
v 4.011950 3.583579 -4.011950
v -1.106894 3.583579 -5.564734
v -2.171252 3.583579 5.241865
v 4.717555 3.583579 -3.152169
v -3.152169 3.583579 4.717554
v 5.241865 3.583579 -2.171252
v -4.011950 3.583579 4.011950
v 5.564734 3.583579 -1.106894
v -4.717555 3.583579 3.152169
v 5.673755 3.583579 0.000000
v -5.241865 3.583579 2.171252
v 5.564734 3.583579 1.106895
v -5.564734 3.583579 1.106894
v -5.658555 3.128462 0.557319
v 5.441099 3.128462 1.650540
v -5.441099 3.128462 1.650540
v 5.658555 3.128462 0.557319
v -5.014546 3.128462 2.680331
v 5.658555 3.128462 -0.557319
v -4.395287 3.128462 3.607119
v 5.441099 3.128462 -1.650540
v -3.607118 3.128462 4.395286
v 5.014546 3.128462 -2.680331
v -2.680331 3.128462 5.014546
v -0.557319 3.128462 -5.658555
v 4.395287 3.128462 -3.607119
v -1.650540 3.128462 5.441099
v -1.650540 3.128462 -5.441099
v 3.607118 3.128462 -4.395286
v -0.557319 3.128462 5.658555
v -2.680331 3.128462 -5.014546
v 2.680331 3.128462 -5.014546
v 0.557319 3.128462 5.658555
v -3.607119 3.128462 -4.395287
v 1.650540 3.128462 -5.441099
v 1.650540 3.128462 5.441099
v -4.395286 3.128462 -3.607118
v 0.557319 3.128462 -5.658555
v 2.680331 3.128462 5.014546
v -5.014546 3.128462 -2.680331
v 3.607119 3.128462 4.395287
v -5.441099 3.128462 -1.650540
v 4.395286 3.128462 3.607118
v -5.658555 3.128462 -0.557319
v 5.014546 3.128462 2.680331
v 2.063854 2.261222 4.982584
v 1.052144 2.261222 5.289484
v -4.484207 3.995701 -2.996252
v -4.982584 3.995701 -2.063854
v 1.052144 3.995701 -5.289484
v 0.000000 3.995701 -5.393111
v 0.000000 2.261222 5.393111
v -3.813505 3.995701 -3.813505
v 2.063854 3.995701 -4.982584
v -1.052144 2.261222 5.289484
v -2.996252 3.995701 -4.484208
v 2.996252 3.995701 -4.484207
v -2.063854 2.261222 4.982584
v -2.063854 3.995701 -4.982584
v 3.813505 3.995701 -3.813505
v -2.996252 2.261222 4.484208
v -1.052144 3.995701 -5.289483
v 4.484208 3.995701 -2.996252
v -3.813505 2.261222 3.813505
v 4.982584 3.995701 -2.063854
v -4.484207 2.261222 2.996252
v 5.289483 3.995701 -1.052144
v -4.982584 2.261222 2.063854
v 5.393111 3.995701 -0.000000
v -5.289484 2.261222 1.052144
v 5.289484 3.995701 1.052144
v -5.393111 2.261222 0.000000
v 4.982584 3.995701 2.063854
v -5.289484 2.261222 -1.052144
v 4.484207 3.995701 2.996252
v -4.982584 2.261222 -2.063854
v 3.813505 3.995701 3.813505
v -4.484208 2.261222 -2.996252
v 0.000000 2.261222 -5.393111
v 1.052144 2.261222 -5.289484
v 2.996252 3.995701 4.484208
v -3.813505 2.261222 -3.813505
v 2.063854 2.261222 -4.982584
v 2.063854 3.995701 4.982584
v -2.996252 2.261222 -4.484207
v 2.996252 2.261222 -4.484208
v 1.052144 3.995701 5.289483
v -2.063854 2.261222 -4.982584
v 3.813505 2.261222 -3.813505
v 0.000000 3.995701 5.393111
v -1.052144 2.261222 -5.289484
v 4.484207 2.261222 -2.996252
v -1.052144 3.995701 5.289484
v 4.982584 2.261222 -2.063854
v -2.063854 3.995701 4.982584
v 5.289484 2.261222 -1.052144
v -2.996252 3.995701 4.484207
v 5.393111 2.261222 0.000000
v -3.813505 3.995701 3.813505
v 5.289484 2.261222 1.052144
v -4.484208 3.995701 2.996252
v 4.982584 2.261222 2.063854
v -4.982584 3.995701 2.063854
v 4.484208 2.261222 2.996252
v -5.289483 3.995701 1.052144
v 3.813505 2.261222 3.813505
v -5.393111 3.995701 0.000000
v 2.996252 2.261222 4.484207
v -5.289484 3.995701 -1.052144
v 0.000000 9.083611 -0.000000
v 4.508776 2.716340 2.409991
v -5.087829 2.716340 -0.501107
v 3.951975 2.716340 3.243302
v -4.892306 2.716340 -1.484065
v 3.243302 2.716340 3.951975
v -4.508777 2.716340 -2.409991
v 2.409991 2.716340 4.508776
v 0.501107 2.716340 -5.087829
v -3.951975 2.716340 -3.243302
v 1.484065 2.716340 4.892307
v 1.484065 2.716340 -4.892306
v -3.243302 2.716340 -3.951975
v 0.501107 2.716340 5.087829
v 2.409991 2.716340 -4.508777
v -2.409991 2.716340 -4.508776
v -0.501107 2.716340 5.087829
v 3.243302 2.716340 -3.951975
v -1.484065 2.716340 -4.892307
v -1.484065 2.716340 4.892306
v 3.951975 2.716340 -3.243302
v -0.501107 2.716340 -5.087829
v -2.409991 2.716340 4.508777
v 4.508776 2.716340 -2.409991
v -3.243302 2.716340 3.951975
v 4.892307 2.716340 -1.484065
v -3.951975 2.716340 3.243302
v 5.087829 2.716340 -0.501107
v -4.508776 2.716340 2.409991
v 5.087829 2.716340 0.501107
v -4.892307 2.716340 1.484065
v 4.892306 2.716340 1.484065
v -5.087829 2.716340 0.501107
v -5.087829 3.540583 0.501107
v 4.892307 3.540583 1.484065
v -4.892306 3.540583 1.484065
v 5.087830 3.540583 0.501107
v -4.508776 3.540583 2.409991
v 5.087829 3.540583 -0.501107
v -3.951975 3.540582 3.243302
v 4.892306 3.540583 -1.484065
v -3.243302 3.540583 3.951975
v 4.508776 3.540583 -2.409991
v -2.409991 3.540583 4.508776
v -0.501107 3.540583 -5.087829
v 3.951975 3.540582 -3.243302
v -1.484065 3.540583 4.892307
v -1.484065 3.540583 -4.892306
v 3.243302 3.540583 -3.951975
v -0.501107 3.540583 5.087830
v -2.409991 3.540583 -4.508776
v 2.409991 3.540583 -4.508776
v 0.501107 3.540583 5.087829
v -3.243302 3.540582 -3.951975
v 1.484065 3.540583 -4.892307
v 1.484065 3.540583 4.892306
v -3.951975 3.540583 -3.243302
v 0.501107 3.540583 -5.087830
v 2.409991 3.540583 4.508776
v -4.508776 3.540583 -2.409991
v 3.243302 3.540582 3.951975
v -4.892307 3.540583 -1.484065
v 3.951975 3.540583 3.243302
v -5.087830 3.540583 -0.501107
v 4.508776 3.540583 2.409991
v 5.003784 2.673344 2.674579
v -5.646411 2.673344 -0.556123
v 4.385854 2.673344 3.599378
v -5.429422 2.673344 -1.646997
v 3.599378 2.673344 4.385854
v -5.003784 2.673344 -2.674579
v 2.674578 2.673344 5.003784
v 0.556123 2.673344 -5.646411
v -4.385854 2.673344 -3.599378
v 1.646997 2.673344 5.429423
v 1.646997 2.673344 -5.429422
v -3.599378 2.673344 -4.385854
v 0.556123 2.673344 5.646411
v 2.674579 2.673344 -5.003784
v -2.674578 2.673344 -5.003784
v -0.556123 2.673344 5.646411
v 3.599378 2.673344 -4.385854
v -1.646997 2.673344 -5.429423
v -1.646997 2.673344 5.429422
v 4.385854 2.673344 -3.599378
v -0.556123 2.673344 -5.646411
v -2.674579 2.673344 5.003784
v 5.003784 2.673344 -2.674578
v -3.599378 2.673344 4.385854
v 5.429423 2.673344 -1.646997
v -4.385854 2.673344 3.599378
v 5.646411 2.673344 -0.556123
v -5.003784 2.673344 2.674578
v 5.646411 2.673344 0.556123
v -5.429423 2.673344 1.646997
v 5.429422 2.673344 1.646997
v -5.646411 2.673344 0.556123
v -5.646411 3.583580 0.556123
v 5.429422 3.583580 1.646997
v -5.429423 3.583580 1.646998
v 5.646411 3.583580 0.556123
v -5.003785 3.583580 2.674579
v 5.646411 3.583580 -0.556123
v -4.385854 3.583579 3.599378
v 5.429423 3.583580 -1.646998
v -3.599378 3.583580 4.385854
v 5.003785 3.583580 -2.674579
v -2.674579 3.583580 5.003785
v -0.556123 3.583580 -5.646411
v 4.385854 3.583579 -3.599378
v -1.646997 3.583580 5.429422
v -1.646998 3.583580 -5.429423
v 3.599378 3.583580 -4.385854
v -0.556123 3.583580 5.646411
v -2.674579 3.583580 -5.003785
v 2.674579 3.583580 -5.003785
v 0.556123 3.583580 5.646411
v -3.599378 3.583579 -4.385854
v 1.646997 3.583580 -5.429422
v 1.646998 3.583580 5.429423
v -4.385854 3.583580 -3.599378
v 0.556123 3.583580 -5.646411
v 2.674579 3.583580 5.003785
v -5.003785 3.583580 -2.674579
v 3.599378 3.583579 4.385854
v -5.429422 3.583580 -1.646997
v 4.385854 3.583580 3.599378
v -5.646411 3.583580 -0.556123
v 5.003785 3.583580 2.674579
v 1.565531 2.261222 5.160865
v -4.756280 3.995701 -2.542285
v 0.528615 3.995701 -5.367120
v 0.528615 2.261222 5.367121
v -4.168915 3.995701 -3.421340
v 1.565531 3.995701 -5.160865
v -0.528615 2.261222 5.367121
v -3.421340 3.995701 -4.168915
v 2.542285 3.995701 -4.756280
v -1.565531 2.261222 5.160865
v -2.542285 3.995701 -4.756280
v 3.421340 3.995701 -4.168915
v -2.542285 2.261222 4.756280
v -1.565531 3.995701 -5.160865
v 4.168915 3.995701 -3.421340
v -3.421340 2.261222 4.168915
v -0.528615 3.995701 -5.367121
v 4.756280 3.995701 -2.542285
v -4.168915 2.261222 3.421340
v 5.160865 3.995701 -1.565531
v -4.756280 2.261222 2.542285
v 5.367121 3.995701 -0.528615
v -5.160865 2.261222 1.565531
v 5.367121 3.995701 0.528615
v -5.367120 2.261222 0.528615
v 5.160865 3.995701 1.565531
v -5.367121 2.261222 -0.528615
v 4.756280 3.995701 2.542285
v -5.160865 2.261222 -1.565531
v 4.168915 3.995701 3.421340
v -4.756280 2.261222 -2.542285
v 0.528615 2.261222 -5.367121
v 3.421340 3.995701 4.168915
v -4.168915 2.261222 -3.421340
v 1.565531 2.261222 -5.160865
v 2.542285 3.995701 4.756280
v -3.421340 2.261222 -4.168915
v 2.542285 2.261222 -4.756280
v 1.565531 3.995701 5.160865
v -2.542285 2.261222 -4.756280
v 3.421340 2.261222 -4.168915
v 0.528615 3.995701 5.367121
v -1.565531 2.261222 -5.160865
v 4.168915 2.261222 -3.421340
v -0.528615 3.995701 5.367121
v -0.528615 2.261222 -5.367120
v 4.756280 2.261222 -2.542285
v -1.565531 3.995701 5.160865
v 5.160865 2.261222 -1.565531
v -2.542285 3.995701 4.756280
v 5.367121 2.261222 -0.528615
v -3.421340 3.995701 4.168915
v 5.367121 2.261222 0.528615
v -4.168915 3.995701 3.421340
v 5.160864 2.261222 1.565531
v -4.756280 3.995701 2.542285
v 4.756280 2.261222 2.542285
v -5.160865 3.995701 1.565531
v 4.168915 2.261222 3.421340
v -5.367121 3.995701 0.528615
v 3.421340 2.261222 4.168915
v -5.367120 3.995701 -0.528615
v 2.542285 2.261222 4.756280
v -5.160865 3.995701 -1.565531
vn -0.0000 1.0000 -0.0003
vn -0.0007 1.0000 -0.0003
vn -0.0000 1.0000 -0.0002
vn -0.0003 1.0000 -0.0002
vn -0.0003 1.0000 -0.0001
vn -0.0003 1.0000 -0.0000
vn -0.0003 1.0000 0.0001
vn -0.0002 1.0000 0.0001
vn -0.0003 1.0000 0.0002
vn -0.0000 1.0000 0.0002
vn -0.0000 1.0000 0.0003
vn -0.0007 1.0000 0.0003
vn 0.0007 1.0000 0.0003
vn 0.0003 1.0000 0.0002
vn 0.0003 1.0000 0.0001
vn 0.0002 1.0000 0.0001
vn 0.0002 1.0000 -0.0000
vn 0.0003 1.0000 -0.0001
vn 0.0002 1.0000 -0.0001
vn 0.0003 1.0000 -0.0002
vn 0.0007 1.0000 -0.0003
vn -0.9036 -0.0296 -0.4274
vn -0.8730 -0.2595 -0.4129
vn -0.8284 -0.2595 -0.4965
vn -0.8574 -0.0296 -0.5138
vn 0.9984 -0.0296 0.0491
vn 0.9646 -0.2595 0.0474
vn 0.9553 -0.2595 0.1417
vn 0.9887 -0.0296 0.1466
vn -0.8028 -0.0296 -0.5955
vn -0.7757 -0.2595 -0.5753
vn -0.7156 -0.2595 -0.6485
vn -0.7407 -0.0296 -0.6712
vn 0.9696 -0.0296 0.2429
vn 0.9368 -0.2595 0.2347
vn 0.9093 -0.2595 0.3253
vn 0.9411 -0.0296 0.3367
vn -0.6712 -0.0296 -0.7407
vn -0.6485 -0.2595 -0.7156
vn -0.5753 -0.2595 -0.7757
vn -0.5955 -0.0296 -0.8028
vn 0.9036 -0.0296 0.4274
vn 0.8730 -0.2595 0.4129
vn 0.8284 -0.2595 0.4965
vn 0.8574 -0.0296 0.5138
vn -0.5138 -0.0296 -0.8574
vn -0.4965 -0.2595 -0.8284
vn -0.4129 -0.2595 -0.8730
vn -0.4274 -0.0296 -0.9036
vn -0.0491 -0.0296 0.9984
vn -0.0474 -0.2595 0.9646
vn -0.1417 -0.2595 0.9553
vn -0.1466 -0.0296 0.9888
vn 0.8028 -0.0296 0.5955
vn 0.7757 -0.2595 0.5753
vn 0.7156 -0.2595 0.6485
vn 0.7407 -0.0296 0.6712
vn -0.3367 -0.0296 -0.9411
vn -0.3253 -0.2595 -0.9093
vn -0.2347 -0.2595 -0.9368
vn -0.2429 -0.0296 -0.9696
vn -0.2429 -0.0296 0.9696
vn -0.2347 -0.2595 0.9368
vn -0.3253 -0.2595 0.9093
vn -0.3367 -0.0296 0.9411
vn 0.6712 -0.0296 0.7407
vn 0.6485 -0.2595 0.7156
vn 0.5753 -0.2595 0.7757
vn 0.5955 -0.0296 0.8028
vn -0.1466 -0.0296 -0.9888
vn -0.1417 -0.2595 -0.9553
vn -0.0474 -0.2595 -0.9646
vn -0.0491 -0.0296 -0.9984
vn -0.4274 -0.0296 0.9036
vn -0.4129 -0.2595 0.8730
vn -0.4965 -0.2595 0.8284
vn -0.5138 -0.0296 0.8574
vn 0.5138 -0.0296 0.8574
vn 0.4965 -0.2595 0.8284
vn 0.4129 -0.2595 0.8730
vn 0.4274 -0.0296 0.9036
vn 0.0491 -0.0296 -0.9984
vn 0.0474 -0.2595 -0.9646
vn 0.1417 -0.2595 -0.9553
vn 0.1466 -0.0296 -0.9888
vn -0.5955 -0.0296 0.8028
vn -0.5753 -0.2595 0.7757
vn -0.6485 -0.2595 0.7156
vn -0.6712 -0.0296 0.7407
vn 0.3367 -0.0296 0.9411
vn 0.3253 -0.2595 0.9093
vn 0.2347 -0.2595 0.9368
vn 0.2429 -0.0296 0.9696
vn 0.2429 -0.0296 -0.9696
vn 0.2347 -0.2595 -0.9368
vn 0.3253 -0.2595 -0.9093
vn 0.3367 -0.0296 -0.9411
vn -0.7407 -0.0296 0.6712
vn -0.7156 -0.2595 0.6485
vn -0.7757 -0.2595 0.5753
vn -0.8028 -0.0296 0.5955
vn 0.1466 -0.0296 0.9888
vn 0.1417 -0.2595 0.9553
vn 0.0474 -0.2595 0.9646
vn 0.0491 -0.0296 0.9984
vn 0.4274 -0.0296 -0.9036
vn 0.4129 -0.2595 -0.8730
vn 0.4965 -0.2595 -0.8284
vn 0.5138 -0.0296 -0.8574
vn -0.8574 -0.0296 0.5138
vn -0.8284 -0.2595 0.4965
vn -0.8730 -0.2595 0.4129
vn -0.9036 -0.0296 0.4274
vn 0.5955 -0.0296 -0.8028
vn 0.5753 -0.2595 -0.7757
vn 0.6485 -0.2595 -0.7156
vn 0.6712 -0.0296 -0.7407
vn -0.9411 -0.0296 0.3367
vn -0.9093 -0.2595 0.3253
vn -0.9368 -0.2595 0.2347
vn -0.9696 -0.0296 0.2429
vn 0.7407 -0.0296 -0.6712
vn 0.7156 -0.2595 -0.6485
vn 0.7757 -0.2595 -0.5753
vn 0.8028 -0.0296 -0.5955
vn -0.9888 -0.0296 0.1466
vn -0.9553 -0.2595 0.1417
vn -0.9646 -0.2595 0.0474
vn -0.9984 -0.0296 0.0491
vn 0.8574 -0.0296 -0.5138
vn 0.8284 -0.2595 -0.4965
vn 0.8730 -0.2595 -0.4129
vn 0.9036 -0.0296 -0.4274
vn -0.9984 -0.0296 -0.0491
vn -0.9646 -0.2595 -0.0474
vn -0.9553 -0.2595 -0.1417
vn -0.9888 -0.0296 -0.1466
vn 0.9411 -0.0296 -0.3367
vn 0.9093 -0.2595 -0.3253
vn 0.9368 -0.2595 -0.2347
vn 0.9696 -0.0296 -0.2429
vn -0.9696 -0.0296 -0.2429
vn -0.9368 -0.2595 -0.2347
vn -0.9093 -0.2595 -0.3253
vn -0.9411 -0.0296 -0.3367
vn 0.9888 -0.0296 -0.1466
vn 0.9553 -0.2595 -0.1417
vn 0.9646 -0.2595 -0.0474
vn 0.9984 -0.0296 -0.0491
vn 0.9553 0.2595 -0.1417
vn 0.9887 0.0296 -0.1466
vn 0.9984 0.0296 -0.0491
vn 0.9646 0.2595 -0.0474
vn -0.9368 0.2595 -0.2347
vn -0.9696 0.0296 -0.2429
vn -0.9411 0.0296 -0.3367
vn -0.9093 0.2595 -0.3253
vn 0.9093 0.2595 -0.3253
vn 0.9411 0.0296 -0.3367
vn 0.9696 0.0296 -0.2429
vn 0.9368 0.2595 -0.2347
vn -0.9646 0.2595 -0.0474
vn -0.9984 0.0296 -0.0491
vn -0.9888 0.0296 -0.1466
vn -0.9553 0.2595 -0.1417
vn 0.8284 0.2595 -0.4965
vn 0.8574 0.0296 -0.5138
vn 0.9036 0.0296 -0.4274
vn 0.8730 0.2595 -0.4129
vn -0.9553 0.2595 0.1417
vn -0.9888 0.0296 0.1466
vn -0.9984 0.0296 0.0491
vn -0.9646 0.2595 0.0474
vn 0.7156 0.2595 -0.6485
vn 0.7407 0.0296 -0.6712
vn 0.8028 0.0296 -0.5955
vn 0.7757 0.2595 -0.5753
vn -0.9093 0.2595 0.3253
vn -0.9411 0.0296 0.3367
vn -0.9696 0.0296 0.2429
vn -0.9368 0.2595 0.2347
vn 0.5753 0.2595 -0.7757
vn 0.5955 0.0296 -0.8028
vn 0.6712 0.0296 -0.7407
vn 0.6485 0.2595 -0.7156
vn -0.8284 0.2595 0.4965
vn -0.8574 0.0296 0.5138
vn -0.9036 0.0296 0.4274
vn -0.8730 0.2595 0.4129
vn 0.4129 0.2595 -0.8730
vn 0.4274 0.0296 -0.9036
vn 0.5138 0.0296 -0.8574
vn 0.4965 0.2595 -0.8284
vn 0.1417 0.2595 0.9553
vn 0.1466 0.0296 0.9887
vn 0.0491 0.0296 0.9984
vn 0.0474 0.2595 0.9646
vn -0.7156 0.2595 0.6485
vn -0.7407 0.0296 0.6712
vn -0.8028 0.0296 0.5955
vn -0.7757 0.2595 0.5753
vn 0.2347 0.2595 -0.9368
vn 0.2429 0.0296 -0.9696
vn 0.3367 0.0296 -0.9411
vn 0.3253 0.2595 -0.9093
vn 0.3253 0.2595 0.9093
vn 0.3367 0.0296 0.9411
vn 0.2429 0.0296 0.9696
vn 0.2347 0.2595 0.9368
vn -0.5753 0.2595 0.7757
vn -0.5955 0.0296 0.8028
vn -0.6712 0.0296 0.7407
vn -0.6485 0.2595 0.7156
vn 0.0474 0.2595 -0.9646
vn 0.0491 0.0296 -0.9984
vn 0.1466 0.0296 -0.9888
vn 0.1417 0.2595 -0.9553
vn 0.4965 0.2595 0.8284
vn 0.5138 0.0296 0.8574
vn 0.4274 0.0296 0.9036
vn 0.4129 0.2595 0.8730
vn -0.4129 0.2595 0.8730
vn -0.4274 0.0296 0.9036
vn -0.5138 0.0296 0.8574
vn -0.4965 0.2595 0.8284
vn -0.1417 0.2595 -0.9553
vn -0.1466 0.0296 -0.9888
vn -0.0491 0.0296 -0.9984
vn -0.0474 0.2595 -0.9646
vn 0.6485 0.2595 0.7156
vn 0.6712 0.0296 0.7407
vn 0.5955 0.0296 0.8028
vn 0.5753 0.2595 0.7757
vn -0.2347 0.2595 0.9368
vn -0.2429 0.0296 0.9696
vn -0.3367 0.0296 0.9411
vn -0.3253 0.2595 0.9093
vn -0.3253 0.2595 -0.9093
vn -0.3367 0.0296 -0.9411
vn -0.2429 0.0296 -0.9696
vn -0.2347 0.2595 -0.9368
vn 0.7757 0.2595 0.5753
vn 0.8028 0.0296 0.5955
vn 0.7407 0.0296 0.6712
vn 0.7156 0.2595 0.6485
vn -0.0474 0.2595 0.9646
vn -0.0491 0.0296 0.9984
vn -0.1466 0.0296 0.9887
vn -0.1417 0.2595 0.9553
vn -0.4965 0.2595 -0.8284
vn -0.5138 0.0296 -0.8574
vn -0.4274 0.0296 -0.9036
vn -0.4129 0.2595 -0.8730
vn 0.8730 0.2595 0.4129
vn 0.9036 0.0296 0.4274
vn 0.8574 0.0296 0.5138
vn 0.8284 0.2595 0.4965
vn -0.6485 0.2595 -0.7156
vn -0.6712 0.0296 -0.7407
vn -0.5955 0.0296 -0.8028
vn -0.5753 0.2595 -0.7757
vn 0.9368 0.2595 0.2347
vn 0.9696 0.0296 0.2429
vn 0.9411 0.0296 0.3367
vn 0.9093 0.2595 0.3253
vn -0.7757 0.2595 -0.5753
vn -0.8028 0.0296 -0.5955
vn -0.7407 0.0296 -0.6712
vn -0.7156 0.2595 -0.6485
vn 0.9646 0.2595 0.0474
vn 0.9984 0.0296 0.0491
vn 0.9888 0.0296 0.1466
vn 0.9553 0.2595 0.1417
vn -0.8730 0.2595 -0.4129
vn -0.9036 0.0296 -0.4274
vn -0.8574 0.0296 -0.5138
vn -0.8284 0.2595 -0.4965
vn 0.9036 -0.0268 0.4274
vn 0.8574 -0.0268 0.5139
vn 0.8294 -0.2549 0.4971
vn 0.8741 -0.2549 0.4135
vn -0.9984 -0.0268 -0.0491
vn -0.9888 -0.0268 -0.1466
vn -0.9565 -0.2549 -0.1418
vn -0.9658 -0.2549 -0.0475
vn 0.8029 -0.0268 0.5955
vn 0.7407 -0.0268 0.6713
vn 0.7165 -0.2549 0.6493
vn 0.7766 -0.2549 0.5760
vn -0.9697 -0.0268 -0.2429
vn -0.9412 -0.0268 -0.3367
vn -0.9104 -0.2549 -0.3257
vn -0.9380 -0.2549 -0.2350
vn 0.6713 -0.0268 0.7407
vn 0.5955 -0.0268 0.8029
vn 0.5760 -0.2549 0.7766
vn 0.6493 -0.2549 0.7165
vn -0.9036 -0.0268 -0.4274
vn -0.8574 -0.0268 -0.5139
vn -0.8294 -0.2549 -0.4971
vn -0.8741 -0.2549 -0.4135
vn 0.5139 -0.0268 0.8574
vn 0.4274 -0.0268 0.9036
vn 0.4135 -0.2549 0.8741
vn 0.4971 -0.2549 0.8294
vn 0.0491 -0.0268 -0.9984
vn 0.1466 -0.0268 -0.9888
vn 0.1418 -0.2549 -0.9565
vn 0.0475 -0.2549 -0.9658
vn -0.8029 -0.0268 -0.5955
vn -0.7407 -0.0268 -0.6713
vn -0.7165 -0.2549 -0.6493
vn -0.7766 -0.2549 -0.5760
vn 0.3367 -0.0268 0.9412
vn 0.2429 -0.0268 0.9697
vn 0.2350 -0.2549 0.9380
vn 0.3257 -0.2549 0.9104
vn 0.2429 -0.0268 -0.9697
vn 0.3367 -0.0268 -0.9412
vn 0.3257 -0.2549 -0.9104
vn 0.2350 -0.2549 -0.9380
vn -0.6713 -0.0268 -0.7407
vn -0.5955 -0.0268 -0.8029
vn -0.5760 -0.2549 -0.7766
vn -0.6493 -0.2549 -0.7165
vn 0.1466 -0.0268 0.9888
vn 0.0491 -0.0268 0.9984
vn 0.0475 -0.2549 0.9658
vn 0.1418 -0.2549 0.9565
vn 0.4274 -0.0268 -0.9036
vn 0.5139 -0.0268 -0.8574
vn 0.4971 -0.2549 -0.8294
vn 0.4135 -0.2549 -0.8741
vn -0.5139 -0.0268 -0.8574
vn -0.4274 -0.0268 -0.9036
vn -0.4135 -0.2549 -0.8741
vn -0.4971 -0.2549 -0.8294
vn -0.0491 -0.0268 0.9984
vn -0.1466 -0.0268 0.9888
vn -0.1418 -0.2549 0.9565
vn -0.0475 -0.2549 0.9658
vn 0.5955 -0.0268 -0.8029
vn 0.6713 -0.0268 -0.7407
vn 0.6493 -0.2549 -0.7165
vn 0.5760 -0.2549 -0.7766
vn -0.3367 -0.0268 -0.9412
vn -0.2429 -0.0268 -0.9697
vn -0.2350 -0.2549 -0.9380
vn -0.3257 -0.2549 -0.9104
vn -0.2429 -0.0268 0.9697
vn -0.3367 -0.0268 0.9412
vn -0.3257 -0.2549 0.9104
vn -0.2350 -0.2549 0.9380
vn 0.7407 -0.0268 -0.6713
vn 0.8029 -0.0268 -0.5955
vn 0.7766 -0.2549 -0.5760
vn 0.7165 -0.2549 -0.6493
vn -0.1466 -0.0268 -0.9888
vn -0.0491 -0.0268 -0.9984
vn -0.0475 -0.2549 -0.9658
vn -0.1418 -0.2549 -0.9565
vn -0.4274 -0.0268 0.9036
vn -0.5139 -0.0268 0.8574
vn -0.4971 -0.2549 0.8294
vn -0.4135 -0.2549 0.8741
vn 0.8574 -0.0268 -0.5139
vn 0.9036 -0.0268 -0.4274
vn 0.8741 -0.2549 -0.4135
vn 0.8294 -0.2549 -0.4971
vn -0.5955 -0.0268 0.8029
vn -0.6713 -0.0268 0.7407
vn -0.6493 -0.2549 0.7165
vn -0.5760 -0.2549 0.7766
vn 0.9412 -0.0268 -0.3367
vn 0.9697 -0.0268 -0.2429
vn 0.9380 -0.2549 -0.2350
vn 0.9104 -0.2549 -0.3257
vn -0.7407 -0.0268 0.6713
vn -0.8029 -0.0268 0.5955
vn -0.7766 -0.2549 0.5760
vn -0.7165 -0.2549 0.6493
vn 0.9888 -0.0268 -0.1466
vn 0.9984 -0.0268 -0.0491
vn 0.9658 -0.2549 -0.0475
vn 0.9565 -0.2549 -0.1418
vn -0.8574 -0.0268 0.5139
vn -0.9036 -0.0268 0.4274
vn -0.8741 -0.2549 0.4135
vn -0.8294 -0.2549 0.4971
vn 0.9984 -0.0268 0.0491
vn 0.9888 -0.0268 0.1466
vn 0.9565 -0.2549 0.1418
vn 0.9658 -0.2549 0.0475
vn -0.9412 -0.0268 0.3367
vn -0.9697 -0.0268 0.2429
vn -0.9380 -0.2549 0.2350
vn -0.9104 -0.2549 0.3257
vn 0.9697 -0.0268 0.2429
vn 0.9412 -0.0268 0.3367
vn 0.9104 -0.2549 0.3257
vn 0.9380 -0.2549 0.2350
vn -0.9888 -0.0268 0.1466
vn -0.9984 -0.0268 0.0491
vn -0.9658 -0.2549 0.0475
vn -0.9565 -0.2549 0.1418
vn -0.9565 0.2549 0.1418
vn -0.9658 0.2549 0.0475
vn -0.9984 0.0268 0.0491
vn -0.9888 0.0268 0.1466
vn 0.9380 0.2549 0.2350
vn 0.9104 0.2549 0.3257
vn 0.9412 0.0268 0.3367
vn 0.9697 0.0268 0.2429
vn -0.9104 0.2549 0.3257
vn -0.9380 0.2549 0.2350
vn -0.9697 0.0268 0.2429
vn -0.9412 0.0268 0.3367
vn 0.9658 0.2549 0.0475
vn 0.9565 0.2549 0.1418
vn 0.9888 0.0268 0.1466
vn 0.9984 0.0268 0.0491
vn -0.8294 0.2549 0.4971
vn -0.8741 0.2549 0.4135
vn -0.9036 0.0268 0.4274
vn -0.8574 0.0268 0.5139
vn 0.9565 0.2549 -0.1418
vn 0.9658 0.2549 -0.0475
vn 0.9984 0.0268 -0.0491
vn 0.9888 0.0268 -0.1466
vn -0.7165 0.2549 0.6493
vn -0.7766 0.2549 0.5760
vn -0.8029 0.0268 0.5955
vn -0.7407 0.0268 0.6713
vn 0.9104 0.2549 -0.3257
vn 0.9380 0.2549 -0.2350
vn 0.9697 0.0268 -0.2429
vn 0.9412 0.0268 -0.3367
vn -0.5760 0.2549 0.7766
vn -0.6493 0.2549 0.7165
vn -0.6713 0.0268 0.7407
vn -0.5955 0.0268 0.8029
vn 0.8294 0.2549 -0.4971
vn 0.8741 0.2549 -0.4135
vn 0.9036 0.0268 -0.4274
vn 0.8574 0.0268 -0.5139
vn -0.4135 0.2549 0.8741
vn -0.4971 0.2549 0.8294
vn -0.5139 0.0268 0.8574
vn -0.4274 0.0268 0.9036
vn -0.1418 0.2549 -0.9565
vn -0.0475 0.2549 -0.9658
vn -0.0491 0.0268 -0.9984
vn -0.1466 0.0268 -0.9888
vn 0.7165 0.2549 -0.6493
vn 0.7766 0.2549 -0.5760
vn 0.8029 0.0268 -0.5955
vn 0.7407 0.0268 -0.6713
vn -0.2350 0.2549 0.9380
vn -0.3257 0.2549 0.9104
vn -0.3367 0.0268 0.9412
vn -0.2429 0.0268 0.9697
vn -0.3257 0.2549 -0.9104
vn -0.2350 0.2549 -0.9380
vn -0.2429 0.0268 -0.9697
vn -0.3367 0.0268 -0.9412
vn 0.5760 0.2549 -0.7766
vn 0.6493 0.2549 -0.7165
vn 0.6713 0.0268 -0.7407
vn 0.5955 0.0268 -0.8029
vn -0.0475 0.2549 0.9658
vn -0.1418 0.2549 0.9565
vn -0.1466 0.0268 0.9888
vn -0.0491 0.0268 0.9984
vn -0.4971 0.2549 -0.8294
vn -0.4135 0.2549 -0.8741
vn -0.4274 0.0268 -0.9036
vn -0.5139 0.0268 -0.8574
vn 0.4135 0.2549 -0.8741
vn 0.4971 0.2549 -0.8294
vn 0.5139 0.0268 -0.8574
vn 0.4274 0.0268 -0.9036
vn 0.1418 0.2549 0.9565
vn 0.0475 0.2549 0.9658
vn 0.0491 0.0268 0.9984
vn 0.1466 0.0268 0.9888
vn -0.6493 0.2549 -0.7165
vn -0.5760 0.2549 -0.7766
vn -0.5955 0.0268 -0.8029
vn -0.6713 0.0268 -0.7407
vn 0.2350 0.2549 -0.9380
vn 0.3257 0.2549 -0.9104
vn 0.3367 0.0268 -0.9412
vn 0.2429 0.0268 -0.9697
vn 0.3257 0.2549 0.9104
vn 0.2350 0.2549 0.9380
vn 0.2429 0.0268 0.9697
vn 0.3367 0.0268 0.9412
vn -0.7766 0.2549 -0.5760
vn -0.7165 0.2549 -0.6493
vn -0.7407 0.0268 -0.6713
vn -0.8029 0.0268 -0.5955
vn 0.0475 0.2549 -0.9658
vn 0.1418 0.2549 -0.9565
vn 0.1466 0.0268 -0.9888
vn 0.0491 0.0268 -0.9984
vn 0.4971 0.2549 0.8294
vn 0.4135 0.2549 0.8741
vn 0.4274 0.0268 0.9036
vn 0.5139 0.0268 0.8574
vn -0.8741 0.2549 -0.4135
vn -0.8294 0.2549 -0.4971
vn -0.8574 0.0268 -0.5139
vn -0.9036 0.0268 -0.4274
vn 0.6493 0.2549 0.7165
vn 0.5760 0.2549 0.7766
vn 0.5955 0.0268 0.8029
vn 0.6713 0.0268 0.7407
vn -0.9380 0.2549 -0.2350
vn -0.9104 0.2549 -0.3257
vn -0.9412 0.0268 -0.3367
vn -0.9697 0.0268 -0.2429
vn 0.7766 0.2549 0.5760
vn 0.7165 0.2549 0.6493
vn 0.7407 0.0268 0.6713
vn 0.8029 0.0268 0.5955
vn -0.9658 0.2549 -0.0475
vn -0.9565 0.2549 -0.1418
vn -0.9888 0.0268 -0.1466
vn -0.9984 0.0268 -0.0491
vn 0.8741 0.2549 0.4135
vn 0.8294 0.2549 0.4971
vn 0.8574 0.0268 0.5139
vn 0.9036 0.0268 0.4274
vn -0.1402 -0.8169 -0.5595
vn -0.1943 -0.8169 -0.5431
vn 0.1393 -0.9105 0.3893
vn 0.1005 -0.9105 0.4011
vn 0.5214 0.8169 0.2466
vn 0.4948 0.8169 0.2965
vn -0.3547 0.9105 -0.2126
vn -0.3738 0.9105 -0.1768
vn -0.0283 0.8169 0.5761
vn -0.0846 0.8169 0.5706
vn 0.0607 0.9105 -0.4090
vn 0.0203 0.9105 -0.4130
vn -0.0283 -0.8169 -0.5761
vn -0.0846 -0.8169 -0.5706
vn 0.0607 -0.9105 0.4090
vn 0.0203 -0.9105 0.4130
vn 0.4633 0.8169 0.3436
vn 0.4274 0.8169 0.3873
vn -0.3064 0.9105 -0.2777
vn -0.3321 0.9105 -0.2463
vn -0.1402 0.8169 0.5595
vn -0.1943 0.8169 0.5431
vn 0.1393 0.9105 -0.3893
vn 0.1005 0.9105 -0.4011
vn 0.0846 -0.8169 -0.5706
vn 0.0283 -0.8169 -0.5761
vn -0.0203 -0.9105 0.4130
vn -0.0607 -0.9105 0.4090
vn 0.3873 0.8169 0.4274
vn 0.3436 0.8169 0.4633
vn -0.2463 0.9105 -0.3321
vn -0.2777 0.9105 -0.3064
vn -0.2466 0.8169 0.5214
vn -0.2965 0.8169 0.4948
vn 0.2126 0.9105 -0.3547
vn 0.1768 0.9105 -0.3738
vn 0.1943 -0.8169 -0.5431
vn 0.1402 -0.8169 -0.5595
vn -0.1005 -0.9105 0.4011
vn -0.1393 -0.9105 0.3893
vn 0.2965 0.8169 0.4948
vn 0.2466 0.8169 0.5214
vn -0.1768 0.9105 -0.3738
vn -0.2126 0.9105 -0.3547
vn -0.3436 0.8169 0.4633
vn -0.3873 0.8169 0.4274
vn 0.2777 0.9105 -0.3064
vn 0.2463 0.9105 -0.3321
vn 0.2965 -0.8169 -0.4948
vn 0.2466 -0.8169 -0.5214
vn -0.1768 -0.9105 0.3738
vn -0.2126 -0.9105 0.3547
vn 0.1943 0.8169 0.5431
vn 0.1402 0.8169 0.5595
vn -0.1005 0.9105 -0.4011
vn -0.1393 0.9105 -0.3893
vn -0.4274 0.8169 0.3873
vn -0.4633 0.8169 0.3436
vn 0.3321 0.9105 -0.2463
vn 0.3064 0.9105 -0.2777
vn 0.3873 -0.8169 -0.4274
vn 0.3436 -0.8169 -0.4633
vn -0.2463 -0.9105 0.3321
vn -0.2777 -0.9105 0.3064
vn 0.0846 0.8169 0.5706
vn 0.0283 0.8169 0.5761
vn -0.0203 0.9105 -0.4130
vn -0.0607 0.9105 -0.4090
vn -0.4948 0.8169 0.2965
vn -0.5214 0.8169 0.2466
vn 0.3738 0.9105 -0.1768
vn 0.3547 0.9105 -0.2126
vn 0.4633 -0.8169 -0.3436
vn 0.4274 -0.8169 -0.3873
vn -0.3064 -0.9105 0.2777
vn -0.3321 -0.9105 0.2463
vn -0.5431 0.8169 0.1943
vn -0.5595 0.8169 0.1402
vn 0.4011 0.9105 -0.1005
vn 0.3893 0.9105 -0.1393
vn 0.5214 -0.8169 -0.2466
vn 0.4948 -0.8169 -0.2965
vn -0.3547 -0.9105 0.2126
vn -0.3738 -0.9105 0.1768
vn -0.5706 0.8169 0.0846
vn -0.5761 0.8169 0.0283
vn 0.4130 0.9105 -0.0203
vn 0.4090 0.9105 -0.0607
vn 0.5595 -0.8169 -0.1402
vn 0.5431 -0.8169 -0.1943
vn -0.3893 -0.9105 0.1393
vn -0.4011 -0.9105 0.1005
vn -0.5761 0.8169 -0.0283
vn -0.5706 0.8169 -0.0846
vn 0.4090 0.9105 0.0607
vn 0.4130 0.9105 0.0203
vn 0.5761 -0.8169 -0.0283
vn 0.5706 -0.8169 -0.0846
vn -0.4090 -0.9105 0.0607
vn -0.4130 -0.9105 0.0203
vn -0.5595 0.8169 -0.1402
vn -0.5431 0.8169 -0.1943
vn 0.3893 0.9105 0.1393
vn 0.4011 0.9105 0.1005
vn 0.5706 -0.8169 0.0846
vn 0.5761 -0.8169 0.0283
vn -0.4130 -0.9105 -0.0203
vn -0.4090 -0.9105 -0.0607
vn -0.5214 0.8169 -0.2466
vn -0.4948 0.8169 -0.2965
vn 0.3547 0.9105 0.2126
vn 0.3738 0.9105 0.1768
vn 0.5431 -0.8169 0.1943
vn 0.5595 -0.8169 0.1402
vn -0.4011 -0.9105 -0.1005
vn -0.3893 -0.9105 -0.1393
vn -0.4633 0.8169 -0.3436
vn -0.4274 0.8169 -0.3873
vn 0.3064 0.9105 0.2777
vn 0.3321 0.9105 0.2463
vn 0.4948 -0.8169 0.2965
vn 0.5214 -0.8169 0.2466
vn -0.3738 -0.9105 -0.1768
vn -0.3547 -0.9105 -0.2126
vn -0.0846 -0.8169 0.5706
vn -0.0283 -0.8169 0.5761
vn 0.0203 -0.9105 -0.4130
vn 0.0607 -0.9105 -0.4090
vn -0.3873 0.8169 -0.4274
vn -0.3436 0.8169 -0.4633
vn 0.2463 0.9105 0.3321
vn 0.2777 0.9105 0.3064
vn 0.4274 -0.8169 0.3873
vn 0.4633 -0.8169 0.3436
vn -0.3321 -0.9105 -0.2463
vn -0.3064 -0.9105 -0.2777
vn -0.1943 -0.8169 0.5431
vn -0.1402 -0.8169 0.5595
vn 0.1005 -0.9105 -0.4011
vn 0.1393 -0.9105 -0.3893
vn -0.2965 0.8169 -0.4948
vn -0.2466 0.8169 -0.5214
vn 0.1768 0.9105 0.3738
vn 0.2126 0.9105 0.3547
vn 0.3436 -0.8169 0.4633
vn 0.3873 -0.8169 0.4274
vn -0.2777 -0.9105 -0.3064
vn -0.2463 -0.9105 -0.3321
vn -0.2965 -0.8169 0.4948
vn -0.2466 -0.8169 0.5214
vn 0.1768 -0.9105 -0.3738
vn 0.2126 -0.9105 -0.3547
vn -0.1943 0.8169 -0.5431
vn -0.1402 0.8169 -0.5595
vn 0.1005 0.9105 0.4011
vn 0.1393 0.9105 0.3893
vn 0.2466 -0.8169 0.5214
vn 0.2965 -0.8169 0.4948
vn -0.2126 -0.9105 -0.3547
vn -0.1768 -0.9105 -0.3738
vn -0.3873 -0.8169 0.4274
vn -0.3436 -0.8169 0.4633
vn 0.2463 -0.9105 -0.3321
vn 0.2777 -0.9105 -0.3064
vn -0.0846 0.8169 -0.5706
vn -0.0283 0.8169 -0.5761
vn 0.0203 0.9105 0.4130
vn 0.0607 0.9105 0.4090
vn 0.1402 -0.8169 0.5595
vn 0.1943 -0.8169 0.5431
vn -0.1393 -0.9105 -0.3893
vn -0.1005 -0.9105 -0.4011
vn -0.4633 -0.8169 0.3436
vn -0.4274 -0.8169 0.3873
vn 0.3064 -0.9105 -0.2777
vn 0.3321 -0.9105 -0.2463
vn 0.0283 0.8169 -0.5761
vn 0.0846 0.8169 -0.5706
vn -0.0607 0.9105 0.4090
vn -0.0203 0.9105 0.4130
vn 0.0283 -0.8169 0.5761
vn 0.0846 -0.8169 0.5706
vn -0.0607 -0.9105 -0.4090
vn -0.0203 -0.9105 -0.4130
vn -0.5214 -0.8169 0.2466
vn -0.4948 -0.8169 0.2965
vn 0.3547 -0.9105 -0.2126
vn 0.3738 -0.9105 -0.1768
vn 0.1402 0.8169 -0.5595
vn 0.1943 0.8169 -0.5431
vn -0.1393 0.9105 0.3893
vn -0.1005 0.9105 0.4011
vn -0.5595 -0.8169 0.1402
vn -0.5431 -0.8169 0.1943
vn 0.3893 -0.9105 -0.1393
vn 0.4011 -0.9105 -0.1005
vn 0.2466 0.8169 -0.5214
vn 0.2965 0.8169 -0.4948
vn -0.2126 0.9105 0.3547
vn -0.1768 0.9105 0.3738
vn -0.5761 -0.8169 0.0283
vn -0.5706 -0.8169 0.0846
vn 0.4090 -0.9105 -0.0607
vn 0.4130 -0.9105 -0.0203
vn 0.3436 0.8169 -0.4633
vn 0.3873 0.8169 -0.4274
vn -0.2777 0.9105 0.3064
vn -0.2463 0.9105 0.3321
vn -0.5706 -0.8169 -0.0846
vn -0.5761 -0.8169 -0.0283
vn 0.4130 -0.9105 0.0203
vn 0.4090 -0.9105 0.0607
vn 0.4274 0.8169 -0.3873
vn 0.4633 0.8169 -0.3436
vn -0.3321 0.9105 0.2463
vn -0.3064 0.9105 0.2777
vn -0.5431 -0.8169 -0.1943
vn -0.5595 -0.8169 -0.1402
vn 0.4011 -0.9105 0.1005
vn 0.3893 -0.9105 0.1393
vn 0.4948 0.8169 -0.2965
vn 0.5214 0.8169 -0.2466
vn -0.3738 0.9105 0.1768
vn -0.3547 0.9105 0.2126
vn -0.4948 -0.8169 -0.2965
vn -0.5214 -0.8169 -0.2466
vn 0.3738 -0.9105 0.1768
vn 0.3547 -0.9105 0.2126
vn 0.5431 0.8169 -0.1943
vn 0.5595 0.8169 -0.1402
vn -0.4011 0.9105 0.1005
vn -0.3893 0.9105 0.1393
vn -0.4274 -0.8169 -0.3873
vn -0.4633 -0.8169 -0.3436
vn 0.3321 -0.9105 0.2463
vn 0.3064 -0.9105 0.2777
vn 0.5706 0.8169 -0.0846
vn 0.5761 0.8169 -0.0283
vn -0.4130 0.9105 0.0203
vn -0.4090 0.9105 0.0607
vn -0.3436 -0.8169 -0.4633
vn -0.3873 -0.8169 -0.4274
vn 0.2777 -0.9105 0.3064
vn 0.2463 -0.9105 0.3321
vn 0.5761 0.8169 0.0283
vn 0.5706 0.8169 0.0846
vn -0.4090 0.9105 -0.0607
vn -0.4130 0.9105 -0.0203
vn -0.2466 -0.8169 -0.5214
vn -0.2965 -0.8169 -0.4948
vn 0.2126 -0.9105 0.3547
vn 0.1768 -0.9105 0.3738
vn 0.5595 0.8169 0.1402
vn 0.5431 0.8169 0.1943
vn -0.3893 0.9105 -0.1393
vn -0.4011 0.9105 -0.1005
vt 0.743641 0.318195
vt 0.743592 0.318227
vt 0.743261 0.317732
vt 0.743683 0.318153
vt 0.743543 0.318260
vt 0.743489 0.318282
vt 0.743592 0.318227
vt 0.743435 0.318305
vt 0.743377 0.318316
vt 0.743489 0.318282
vt 0.743320 0.318328
vt 0.743261 0.318328
vt 0.743377 0.318316
vt 0.743202 0.318328
vt 0.743145 0.318316
vt 0.743087 0.318305
vt 0.743033 0.318282
vt 0.743145 0.318316
vt 0.742978 0.318260
vt 0.742930 0.318227
vt 0.743033 0.318282
vt 0.742881 0.318195
vt 0.742839 0.318153
vt 0.742930 0.318227
vt 0.742798 0.318112
vt 0.742765 0.318063
vt 0.742733 0.318014
vt 0.742710 0.317960
vt 0.742765 0.318063
vt 0.742688 0.317905
vt 0.742676 0.317848
vt 0.742710 0.317960
vt 0.742665 0.317790
vt 0.742665 0.317731
vt 0.742665 0.317673
vt 0.742676 0.317615
vt 0.742665 0.317731
vt 0.742688 0.317557
vt 0.742710 0.317503
vt 0.742733 0.317449
vt 0.742765 0.317400
vt 0.742710 0.317503
vt 0.742798 0.317351
vt 0.742839 0.317310
vt 0.742765 0.317400
vt 0.742881 0.317268
vt 0.742930 0.317236
vt 0.742978 0.317203
vt 0.743033 0.317180
vt 0.742930 0.317236
vt 0.743087 0.317158
vt 0.743145 0.317147
vt 0.743202 0.317135
vt 0.743261 0.317135
vt 0.743320 0.317135
vt 0.743377 0.317147
vt 0.743435 0.317158
vt 0.743489 0.317180
vt 0.743543 0.317203
vt 0.743592 0.317236
vt 0.743641 0.317268
vt 0.743683 0.317310
vt 0.743592 0.317236
vt 0.743724 0.317351
vt 0.743757 0.317400
vt 0.743789 0.317449
vt 0.743812 0.317503
vt 0.743757 0.317400
vt 0.743834 0.317557
vt 0.743846 0.317615
vt 0.743812 0.317503
vt 0.743857 0.317673
vt 0.743857 0.317731
vt 0.743857 0.317790
vt 0.743846 0.317848
vt 0.743857 0.317731
vt 0.743834 0.317905
vt 0.743812 0.317960
vt 0.743789 0.318014
vt 0.743757 0.318063
vt 0.743812 0.317960
vt 0.743724 0.318112
vt 0.743757 0.318063
vt 0.705097 0.196130
vt 0.723881 0.196142
vt 0.723881 0.217875
vt 0.705096 0.217864
vt 0.742665 0.196272
vt 0.742665 0.217934
vt 0.742665 0.239596
vt 0.723881 0.239212
vt 0.705097 0.239177
vt 0.705097 0.426328
vt 0.723881 0.426293
vt 0.723881 0.447630
vt 0.705097 0.447642
vt 0.742665 0.425909
vt 0.742665 0.447571
vt 0.742665 0.469234
vt 0.723881 0.469363
vt 0.705097 0.469375
vt 0.723881 0.259887
vt 0.705096 0.259864
vt 0.742665 0.260001
vt 0.742664 0.280407
vt 0.723881 0.279783
vt 0.705097 0.279726
vt 0.723881 0.491320
vt 0.705097 0.491320
vt 0.742665 0.491320
vt 0.742665 0.513407
vt 0.723881 0.513277
vt 0.705097 0.513265
vt 0.723881 0.298700
vt 0.705097 0.298686
vt 0.742665 0.298771
vt 0.742665 0.317135
vt 0.723881 0.317135
vt 0.705096 0.317135
vt 0.723881 0.535010
vt 0.705097 0.534999
vt 0.742665 0.535069
vt 0.742665 0.556731
vt 0.723881 0.556347
vt 0.705097 0.556312
vt 0.705097 0.634270
vt 0.723881 0.634270
vt 0.723881 0.649983
vt 0.705097 0.650002
vt 0.742665 0.634270
vt 0.742665 0.649888
vt 0.742665 0.665505
vt 0.723881 0.666344
vt 0.705097 0.666421
vt 0.780233 0.109193
vt 0.799017 0.109158
vt 0.799017 0.130495
vt 0.780233 0.130506
vt 0.817801 0.108774
vt 0.817801 0.130436
vt 0.817801 0.152099
vt 0.799017 0.152228
vt 0.780233 0.152240
vt 0.723881 0.577022
vt 0.705097 0.576999
vt 0.742665 0.577136
vt 0.742665 0.597542
vt 0.723881 0.596918
vt 0.705097 0.596861
vt 0.723881 0.684036
vt 0.705097 0.684069
vt 0.742665 0.683870
vt 0.742665 0.702234
vt 0.723881 0.702857
vt 0.705097 0.702914
vt 0.799017 0.174185
vt 0.780233 0.174185
vt 0.817801 0.174185
vt 0.817801 0.196272
vt 0.799017 0.196142
vt 0.780233 0.196130
vt 0.723881 0.615835
vt 0.705097 0.615821
vt 0.742665 0.615906
vt 0.723881 0.722754
vt 0.705097 0.722777
vt 0.742665 0.722639
vt 0.742665 0.743044
vt 0.723881 0.743428
vt 0.705097 0.743463
vt 0.799017 0.217875
vt 0.780233 0.217864
vt 0.817801 0.217934
vt 0.817801 0.239596
vt 0.799017 0.239212
vt 0.780233 0.239177
vt 0.780233 0.000000
vt 0.799017 0.000000
vt 0.799017 0.015713
vt 0.780233 0.015732
vt 0.817801 0.000000
vt 0.817801 0.015618
vt 0.817801 0.031235
vt 0.799017 0.032074
vt 0.780233 0.032151
vt 0.723881 0.764765
vt 0.705097 0.764777
vt 0.742665 0.764707
vt 0.742665 0.786369
vt 0.723881 0.786498
vt 0.705097 0.786510
vt 0.799017 0.259887
vt 0.780233 0.259864
vt 0.817801 0.260001
vt 0.817801 0.280406
vt 0.799017 0.279783
vt 0.780233 0.279726
vt 0.799017 0.049766
vt 0.780233 0.049799
vt 0.817801 0.049599
vt 0.817801 0.067964
vt 0.799017 0.068587
vt 0.780233 0.068644
vt 0.723881 0.808455
vt 0.705097 0.808455
vt 0.742665 0.808455
vt 0.742665 0.830542
vt 0.723881 0.830412
vt 0.705097 0.830400
vt 0.799017 0.298700
vt 0.780233 0.298686
vt 0.817801 0.298771
vt 0.817801 0.317135
vt 0.799017 0.317135
vt 0.780233 0.317135
vt 0.799017 0.088483
vt 0.780233 0.088506
vt 0.817801 0.088369
vt 0.723881 0.852146
vt 0.705097 0.852134
vt 0.742665 0.852204
vt 0.742665 0.873866
vt 0.723881 0.873482
vt 0.705097 0.873447
vt 0.705097 -0.000000
vt 0.723881 0.000000
vt 0.723881 0.015713
vt 0.705097 0.015732
vt 0.742665 0.000000
vt 0.742665 0.015618
vt 0.742665 0.031235
vt 0.723881 0.032074
vt 0.705097 0.032151
vt 0.723881 0.894157
vt 0.705097 0.894134
vt 0.742665 0.894271
vt 0.742665 0.914677
vt 0.723881 0.914053
vt 0.705097 0.913996
vt 0.723881 0.049766
vt 0.705097 0.049799
vt 0.742665 0.049599
vt 0.742665 0.067964
vt 0.723881 0.068587
vt 0.705097 0.068644
vt 0.723881 0.932970
vt 0.705097 0.932956
vt 0.742665 0.933041
vt 0.742665 0.951405
vt 0.723881 0.951405
vt 0.705096 0.951405
vt 0.723881 0.088483
vt 0.705097 0.088506
vt 0.742665 0.088369
vt 0.742665 0.108774
vt 0.723881 0.109158
vt 0.705097 0.109193
vt 0.705097 0.317135
vt 0.723881 0.317135
vt 0.723881 0.332848
vt 0.705097 0.332867
vt 0.742665 0.317135
vt 0.742665 0.332753
vt 0.742665 0.348370
vt 0.723881 0.349209
vt 0.705097 0.349286
vt 0.723881 0.130495
vt 0.705097 0.130506
vt 0.742665 0.130436
vt 0.742665 0.152099
vt 0.723881 0.152228
vt 0.705097 0.152240
vt 0.723881 0.366901
vt 0.705097 0.366934
vt 0.742665 0.366734
vt 0.742665 0.385099
vt 0.723881 0.385722
vt 0.705097 0.385779
vt 0.723881 0.174185
vt 0.705097 0.174185
vt 0.742665 0.174185
vt 0.723881 0.405619
vt 0.705097 0.405641
vt 0.742665 0.405504
vt 0.667529 0.385099
vt 0.686313 0.385722
vt 0.686313 0.405619
vt 0.667529 0.405504
vt 0.686313 0.426293
vt 0.667529 0.425909
vt 0.667529 0.152099
vt 0.686313 0.152228
vt 0.686313 0.174185
vt 0.667529 0.174185
vt 0.686313 0.196142
vt 0.667529 0.196272
vt 0.667529 0.348370
vt 0.686313 0.349209
vt 0.686313 0.366901
vt 0.667529 0.366734
vt 0.667529 0.108774
vt 0.686313 0.109158
vt 0.686313 0.130495
vt 0.667529 0.130436
vt 0.667529 0.317135
vt 0.686313 0.317135
vt 0.686313 0.332848
vt 0.667529 0.332753
vt 0.667529 0.067964
vt 0.686313 0.068587
vt 0.686313 0.088483
vt 0.667529 0.088369
vt 0.667529 0.914677
vt 0.686313 0.914053
vt 0.686313 0.932970
vt 0.667529 0.933041
vt 0.686313 0.951405
vt 0.667529 0.951405
vt 0.667529 0.031235
vt 0.686313 0.032074
vt 0.686313 0.049766
vt 0.667529 0.049599
vt 0.667529 0.873866
vt 0.686313 0.873482
vt 0.686313 0.894157
vt 0.667529 0.894271
vt 0.667529 -0.000000
vt 0.686313 -0.000000
vt 0.686313 0.015713
vt 0.667529 0.015618
vt 0.667529 0.830542
vt 0.686313 0.830412
vt 0.686313 0.852146
vt 0.667529 0.852204
vt 0.742665 0.067964
vt 0.761449 0.068587
vt 0.761449 0.088483
vt 0.761449 0.109158
vt 0.742665 0.108774
vt 0.742665 0.280406
vt 0.761449 0.279783
vt 0.761449 0.298700
vt 0.742665 0.298771
vt 0.761449 0.317135
vt 0.742665 0.317135
vt 0.667529 0.786369
vt 0.686313 0.786498
vt 0.686313 0.808455
vt 0.667529 0.808455
vt 0.742665 0.031235
vt 0.761449 0.032074
vt 0.761449 0.049766
vt 0.742665 0.239596
vt 0.761449 0.239212
vt 0.761449 0.259887
vt 0.742665 0.260001
vt 0.667529 0.743044
vt 0.686313 0.743428
vt 0.686313 0.764765
vt 0.667529 0.764707
vt 0.742665 0.000000
vt 0.761449 0.000000
vt 0.761449 0.015713
vt 0.742665 0.196272
vt 0.761449 0.196142
vt 0.761449 0.217875
vt 0.667529 0.702234
vt 0.686313 0.702857
vt 0.686313 0.722754
vt 0.667529 0.722639
vt 0.667529 0.597542
vt 0.686313 0.596918
vt 0.686313 0.615835
vt 0.667529 0.615906
vt 0.686313 0.634270
vt 0.667529 0.634270
vt 0.742665 0.152099
vt 0.761449 0.152228
vt 0.761449 0.174185
vt 0.667529 0.665505
vt 0.686313 0.666344
vt 0.686313 0.684036
vt 0.667529 0.683870
vt 0.667529 0.556731
vt 0.686313 0.556347
vt 0.686313 0.577022
vt 0.667529 0.577136
vt 0.761449 0.130495
vt 0.686313 0.649983
vt 0.667529 0.649888
vt 0.667529 0.513407
vt 0.686313 0.513277
vt 0.686313 0.535011
vt 0.667529 0.535069
vt 0.667529 0.280406
vt 0.686313 0.279783
vt 0.686313 0.298700
vt 0.667529 0.298771
vt 0.686313 0.317135
vt 0.667529 0.317135
vt 0.667529 0.469234
vt 0.686313 0.469363
vt 0.686313 0.491320
vt 0.667529 0.491320
vt 0.667529 0.239596
vt 0.686313 0.239212
vt 0.686313 0.259887
vt 0.667529 0.260001
vt 0.686313 0.447630
vt 0.667529 0.447571
vt 0.686313 0.217875
vt 0.667529 0.217934
vt 0.541882 0.134901
vt 0.541882 0.110671
vt 0.562823 0.110658
vt 0.562823 0.134887
vt 0.541882 0.086910
vt 0.562823 0.086872
vt 0.583764 0.086443
vt 0.583764 0.110593
vt 0.583764 0.134743
vt 0.541882 0.585374
vt 0.541882 0.561614
vt 0.562823 0.561627
vt 0.562823 0.585413
vt 0.541882 0.537384
vt 0.562823 0.537397
vt 0.583764 0.537542
vt 0.583764 0.561692
vt 0.583764 0.585841
vt 0.541882 0.063848
vt 0.562823 0.063823
vt 0.541882 0.041705
vt 0.562823 0.041642
vt 0.583764 0.040946
vt 0.583764 0.063695
vt 0.541882 0.512919
vt 0.562823 0.512919
vt 0.541882 0.488454
vt 0.562823 0.488441
vt 0.583764 0.488296
vt 0.583764 0.512919
vt 0.541882 0.020568
vt 0.562823 0.020552
vt 0.541882 0.000000
vt 0.562823 0.000000
vt 0.583764 0.000000
vt 0.583764 0.020473
vt 0.541882 0.464225
vt 0.562823 0.464212
vt 0.541882 0.440464
vt 0.562823 0.440425
vt 0.583764 0.439997
vt 0.583764 0.464147
vt 0.625646 0.353553
vt 0.625646 0.336015
vt 0.646587 0.336036
vt 0.646587 0.353553
vt 0.625646 0.317711
vt 0.646587 0.317796
vt 0.667528 0.318731
vt 0.667529 0.336142
vt 0.667529 0.353553
vt 0.625646 0.585374
vt 0.625646 0.561614
vt 0.646587 0.561627
vt 0.646587 0.585413
vt 0.625646 0.537384
vt 0.646587 0.537397
vt 0.667528 0.537542
vt 0.667529 0.561692
vt 0.667528 0.585841
vt 0.541882 0.417402
vt 0.562823 0.417376
vt 0.541882 0.395258
vt 0.562823 0.395195
vt 0.583764 0.394500
vt 0.583764 0.417248
vt 0.625646 0.298036
vt 0.646587 0.298073
vt 0.625646 0.277027
vt 0.646587 0.277090
vt 0.667528 0.277785
vt 0.667529 0.298258
vt 0.625646 0.512919
vt 0.646587 0.512919
vt 0.625646 0.488454
vt 0.646587 0.488441
vt 0.667529 0.488296
vt 0.667529 0.512919
vt 0.541882 0.374121
vt 0.562823 0.374106
vt 0.541882 0.353553
vt 0.562823 0.353553
vt 0.583764 0.353553
vt 0.583764 0.374027
vt 0.625646 0.254883
vt 0.646587 0.254909
vt 0.625646 0.231821
vt 0.646587 0.231860
vt 0.667528 0.232288
vt 0.667529 0.255037
vt 0.625646 0.464225
vt 0.646587 0.464212
vt 0.625646 0.440464
vt 0.646587 0.440425
vt 0.667529 0.439997
vt 0.667529 0.464147
vt 0.625646 0.707107
vt 0.625646 0.689568
vt 0.646587 0.689590
vt 0.646587 0.707107
vt 0.625646 0.671264
vt 0.646587 0.671349
vt 0.667528 0.672285
vt 0.667529 0.689696
vt 0.667529 0.707107
vt 0.625646 0.208060
vt 0.646587 0.208073
vt 0.625646 0.183831
vt 0.646587 0.183844
vt 0.667528 0.183989
vt 0.667529 0.208138
vt 0.625646 0.417402
vt 0.646587 0.417376
vt 0.625646 0.395258
vt 0.646587 0.395195
vt 0.667529 0.394500
vt 0.667529 0.417248
vt 0.625646 0.651589
vt 0.646587 0.651626
vt 0.625646 0.630580
vt 0.646587 0.630643
vt 0.667528 0.631339
vt 0.667529 0.651812
vt 0.625646 0.159366
vt 0.646587 0.159366
vt 0.625646 0.134901
vt 0.646587 0.134887
vt 0.667528 0.134743
vt 0.667529 0.159366
vt 0.625646 0.374121
vt 0.646587 0.374106
vt 0.625646 0.353553
vt 0.646587 0.353553
vt 0.667529 0.353553
vt 0.667529 0.374027
vt 0.625646 0.608437
vt 0.646587 0.608462
vt 0.667529 0.608590
vt 0.625646 0.110671
vt 0.646587 0.110658
vt 0.625646 0.086910
vt 0.646587 0.086872
vt 0.667528 0.086443
vt 0.667529 0.110593
vt 0.541882 0.353553
vt 0.541882 0.336015
vt 0.562823 0.336036
vt 0.541882 0.317711
vt 0.562823 0.317796
vt 0.583764 0.318731
vt 0.583764 0.336142
vt 0.583764 0.353553
vt 0.625646 0.063848
vt 0.646587 0.063823
vt 0.625646 0.041705
vt 0.646587 0.041642
vt 0.667528 0.040946
vt 0.667529 0.063695
vt 0.541882 0.298036
vt 0.562823 0.298073
vt 0.541882 0.277027
vt 0.562823 0.277090
vt 0.583764 0.277785
vt 0.583764 0.298258
vt 0.625646 0.020568
vt 0.646587 0.020552
vt 0.625646 -0.000000
vt 0.646587 -0.000000
vt 0.667529 -0.000000
vt 0.667529 0.020473
vt 0.541882 0.254883
vt 0.562823 0.254909
vt 0.541882 0.231821
vt 0.562823 0.231860
vt 0.583764 0.232288
vt 0.583764 0.255037
vt 0.541882 0.707107
vt 0.541882 0.689568
vt 0.562823 0.689590
vt 0.562823 0.707107
vt 0.541882 0.671264
vt 0.562823 0.671349
vt 0.583764 0.672285
vt 0.583764 0.689696
vt 0.583764 0.707107
vt 0.541882 0.208060
vt 0.562823 0.208073
vt 0.541882 0.183831
vt 0.562823 0.183844
vt 0.583764 0.183989
vt 0.583764 0.208138
vt 0.541882 0.651589
vt 0.562823 0.651626
vt 0.541882 0.630580
vt 0.562823 0.630643
vt 0.583764 0.631339
vt 0.583764 0.651812
vt 0.541882 0.159366
vt 0.562823 0.159366
vt 0.583764 0.159366
vt 0.541882 0.608437
vt 0.562823 0.608462
vt 0.583764 0.608590
vt 0.500000 0.631339
vt 0.500000 0.608590
vt 0.520941 0.608462
vt 0.520941 0.630643
vt 0.500000 0.585841
vt 0.520941 0.585413
vt 0.500000 0.183989
vt 0.500000 0.159366
vt 0.520941 0.159366
vt 0.520941 0.183844
vt 0.500000 0.134743
vt 0.520941 0.134887
vt 0.500000 0.672285
vt 0.500000 0.651812
vt 0.520941 0.651626
vt 0.520941 0.671349
vt 0.500000 0.232288
vt 0.500000 0.208138
vt 0.520941 0.208073
vt 0.520941 0.231860
vt 0.500000 0.707107
vt 0.500000 0.689696
vt 0.520941 0.689590
vt 0.520941 0.707107
vt 0.500000 0.277785
vt 0.500000 0.255037
vt 0.520941 0.254909
vt 0.520941 0.277090
vt 0.583764 0.040946
vt 0.583764 0.020473
vt 0.604705 0.020552
vt 0.604705 0.041642
vt 0.583764 -0.000000
vt 0.604705 -0.000000
vt 0.500000 0.318731
vt 0.500000 0.298258
vt 0.520941 0.298073
vt 0.520941 0.317796
vt 0.583764 0.086443
vt 0.583764 0.063695
vt 0.604705 0.063822
vt 0.604705 0.086872
vt 0.500000 0.353553
vt 0.500000 0.336142
vt 0.520941 0.336036
vt 0.520941 0.353553
vt 0.583764 0.134743
vt 0.583764 0.110593
vt 0.604705 0.110658
vt 0.604705 0.134887
vt 0.604705 0.608462
vt 0.604705 0.630643
vt 0.604705 0.585413
vt 0.604705 0.374106
vt 0.604705 0.395195
vt 0.604705 0.353553
vt 0.583764 0.183989
vt 0.583764 0.159366
vt 0.604705 0.159366
vt 0.604705 0.183844
vt 0.604705 0.651626
vt 0.604705 0.671349
vt 0.583764 0.439997
vt 0.604705 0.417376
vt 0.604705 0.440425
vt 0.583764 0.232288
vt 0.583764 0.208138
vt 0.604705 0.208073
vt 0.604705 0.231860
vt 0.604705 0.689590
vt 0.604705 0.707107
vt 0.583764 0.464147
vt 0.604705 0.464212
vt 0.604705 0.488441
vt 0.583764 0.277785
vt 0.583764 0.255037
vt 0.604705 0.254909
vt 0.604705 0.277090
vt 0.500000 0.394500
vt 0.500000 0.374027
vt 0.520941 0.374106
vt 0.520941 0.395195
vt 0.500000 0.353553
vt 0.520941 0.353553
vt 0.604705 0.512919
vt 0.604705 0.537398
vt 0.583764 0.318731
vt 0.583764 0.298258
vt 0.604705 0.298073
vt 0.604705 0.317796
vt 0.500000 0.439997
vt 0.500000 0.417248
vt 0.520941 0.417376
vt 0.520941 0.440425
vt 0.604705 0.561627
vt 0.583764 0.353553
vt 0.583764 0.336142
vt 0.604705 0.336036
vt 0.500000 0.488296
vt 0.500000 0.464147
vt 0.520941 0.464212
vt 0.520941 0.488441
vt 0.500000 0.040946
vt 0.500000 0.020473
vt 0.520941 0.020552
vt 0.520941 0.041642
vt 0.500000 -0.000000
vt 0.520941 -0.000000
vt 0.500000 0.537542
vt 0.500000 0.512919
vt 0.520941 0.512919
vt 0.520941 0.537398
vt 0.500000 0.086443
vt 0.500000 0.063695
vt 0.520941 0.063823
vt 0.520941 0.086872
vt 0.500000 0.561692
vt 0.520941 0.561627
vt 0.500000 0.110593
vt 0.520941 0.110658
vt 0.465631 0.184589
vt 0.457179 0.164184
vt 0.468840 0.159353
vt 0.476795 0.181203
vt 0.448726 0.143779
vt 0.459015 0.138279
vt 0.471547 0.131581
vt 0.480970 0.154329
vt 0.490393 0.177078
vt 0.143779 0.551274
vt 0.125414 0.563544
vt 0.118401 0.553049
vt 0.138279 0.540985
vt 0.107050 0.575815
vt 0.099649 0.566797
vt 0.090634 0.555812
vt 0.111107 0.542133
vt 0.131581 0.528453
vt 0.025752 0.772087
vt 0.030061 0.793749
vt 0.017680 0.796211
vt 0.014141 0.773230
vt 0.034369 0.815411
vt 0.023205 0.818798
vt 0.009607 0.822922
vt 0.004804 0.798773
vt 0.000000 0.774623
vt 0.474248 0.227913
vt 0.469940 0.206251
vt 0.482320 0.203789
vt 0.485859 0.226770
vt 0.495196 0.201227
vt 0.500000 0.225377
vt 0.091432 0.591433
vt 0.082507 0.582507
vt 0.075815 0.607050
vt 0.066797 0.599649
vt 0.055812 0.590634
vt 0.073223 0.573223
vt 0.042822 0.835816
vt 0.031160 0.840647
vt 0.051274 0.856221
vt 0.040985 0.861721
vt 0.028453 0.868419
vt 0.019030 0.845671
vt 0.474248 0.272086
vt 0.474248 0.250000
vt 0.486871 0.250000
vt 0.485859 0.273230
vt 0.500000 0.250000
vt 0.500000 0.274623
vt 0.063544 0.625414
vt 0.053049 0.618402
vt 0.051274 0.643779
vt 0.040985 0.638279
vt 0.028453 0.631581
vt 0.042133 0.611108
vt 0.063544 0.874586
vt 0.053049 0.881599
vt 0.075815 0.892950
vt 0.066797 0.900351
vt 0.055812 0.909366
vt 0.042133 0.888893
vt 0.465631 0.315411
vt 0.469940 0.293749
vt 0.482320 0.296211
vt 0.476795 0.318797
vt 0.495196 0.298773
vt 0.490393 0.322922
vt 0.042822 0.664184
vt 0.031160 0.659353
vt 0.034369 0.684589
vt 0.023205 0.681203
vt 0.009607 0.677078
vt 0.019030 0.654329
vt 0.091433 0.908568
vt 0.082507 0.917493
vt 0.107050 0.924185
vt 0.099649 0.933203
vt 0.090634 0.944188
vt 0.073223 0.926777
vt 0.448726 0.356221
vt 0.457179 0.335816
vt 0.468840 0.340647
vt 0.459015 0.361721
vt 0.480970 0.345671
vt 0.471547 0.368419
vt 0.030061 0.706251
vt 0.017680 0.703789
vt 0.025752 0.727914
vt 0.014141 0.726770
vt 0.000000 0.725377
vt 0.004804 0.701228
vt 0.125414 0.936456
vt 0.118402 0.946951
vt 0.143779 0.948726
vt 0.138279 0.959015
vt 0.131581 0.971547
vt 0.111108 0.957868
vt 0.424185 0.392950
vt 0.436456 0.374586
vt 0.446951 0.381599
vt 0.433203 0.400351
vt 0.457868 0.388893
vt 0.444188 0.409366
vt 0.025752 0.750000
vt 0.013129 0.750000
vt 0.000000 0.750000
vt 0.164184 0.957179
vt 0.159353 0.968840
vt 0.184589 0.965631
vt 0.181203 0.976795
vt 0.177078 0.990393
vt 0.154329 0.980970
vt 0.392950 0.424185
vt 0.408568 0.408568
vt 0.417493 0.417493
vt 0.400351 0.433203
vt 0.426777 0.426777
vt 0.409366 0.444188
vt 0.206251 0.969940
vt 0.203789 0.982320
vt 0.227914 0.974248
vt 0.226770 0.985859
vt 0.225377 1.000000
vt 0.201228 0.995196
vt 0.356221 0.448726
vt 0.374586 0.436456
vt 0.381599 0.446951
vt 0.361721 0.459015
vt 0.388893 0.457867
vt 0.368419 0.471547
vt 0.250000 0.974248
vt 0.250000 0.986871
vt 0.272087 0.974248
vt 0.273230 0.985859
vt 0.274623 1.000000
vt 0.250000 1.000000
vt 0.315411 0.465631
vt 0.335816 0.457179
vt 0.340647 0.468840
vt 0.318797 0.476795
vt 0.345671 0.480970
vt 0.322922 0.490393
vt 0.293749 0.969940
vt 0.296211 0.982320
vt 0.315411 0.965631
vt 0.318797 0.976795
vt 0.322922 0.990393
vt 0.298773 0.995196
vt 0.272087 0.474248
vt 0.293749 0.469940
vt 0.296211 0.482320
vt 0.273230 0.485859
vt 0.298773 0.495196
vt 0.274623 0.500000
vt 0.335816 0.957179
vt 0.340647 0.968840
vt 0.356221 0.948726
vt 0.361721 0.959015
vt 0.368419 0.971547
vt 0.345671 0.980970
vt 0.227914 0.474248
vt 0.250000 0.474248
vt 0.250000 0.486871
vt 0.226770 0.485859
vt 0.250000 0.500000
vt 0.225377 0.500000
vt 0.374586 0.936456
vt 0.381599 0.946951
vt 0.392950 0.924185
vt 0.400351 0.933203
vt 0.409366 0.944188
vt 0.388893 0.957868
vt 0.184589 0.465631
vt 0.206251 0.469940
vt 0.203789 0.482320
vt 0.181203 0.476795
vt 0.201227 0.495196
vt 0.177078 0.490393
vt 0.408568 0.908568
vt 0.417493 0.917493
vt 0.424185 0.892950
vt 0.433203 0.900351
vt 0.444188 0.909366
vt 0.426777 0.926777
vt 0.143779 0.448726
vt 0.164184 0.457179
vt 0.159353 0.468840
vt 0.138279 0.459015
vt 0.154329 0.480970
vt 0.131581 0.471547
vt 0.025752 0.227914
vt 0.025752 0.250000
vt 0.013129 0.250000
vt 0.014141 0.226770
vt 0.025752 0.272087
vt 0.014141 0.273230
vt 0.000000 0.274623
vt 0.000000 0.250000
vt 0.000000 0.225377
vt 0.436456 0.874586
vt 0.446951 0.881599
vt 0.448726 0.856221
vt 0.459015 0.861721
vt 0.471547 0.868419
vt 0.457868 0.888893
vt 0.107050 0.424185
vt 0.125414 0.436456
vt 0.118402 0.446951
vt 0.099649 0.433203
vt 0.111108 0.457868
vt 0.090634 0.444188
vt 0.034369 0.184589
vt 0.030061 0.206251
vt 0.017680 0.203789
vt 0.023205 0.181203
vt 0.004804 0.201227
vt 0.009607 0.177078
vt 0.457179 0.835816
vt 0.468840 0.840647
vt 0.465631 0.815411
vt 0.476795 0.818797
vt 0.490393 0.822922
vt 0.480970 0.845671
vt 0.075815 0.392950
vt 0.091433 0.408568
vt 0.082507 0.417493
vt 0.066797 0.400351
vt 0.073223 0.426777
vt 0.055812 0.409366
vt 0.051274 0.143779
vt 0.042822 0.164184
vt 0.031160 0.159353
vt 0.040985 0.138279
vt 0.019030 0.154329
vt 0.028453 0.131581
vt 0.469940 0.793749
vt 0.482320 0.796211
vt 0.474248 0.772087
vt 0.485859 0.773230
vt 0.500000 0.774623
vt 0.495196 0.798773
vt 0.051274 0.356221
vt 0.063544 0.374586
vt 0.053049 0.381599
vt 0.040985 0.361721
vt 0.042133 0.388893
vt 0.028453 0.368419
vt 0.075815 0.107050
vt 0.063544 0.125414
vt 0.053049 0.118402
vt 0.066797 0.099649
vt 0.042133 0.111107
vt 0.055812 0.090634
vt 0.474248 0.750000
vt 0.486871 0.750000
vt 0.474248 0.727913
vt 0.485859 0.726770
vt 0.500000 0.725377
vt 0.500000 0.750000
vt 0.034369 0.315411
vt 0.042822 0.335816
vt 0.031160 0.340647
vt 0.023205 0.318797
vt 0.019030 0.345671
vt 0.009607 0.322922
vt 0.107050 0.075815
vt 0.091432 0.091433
vt 0.082507 0.082507
vt 0.099649 0.066797
vt 0.073223 0.073223
vt 0.090634 0.055812
vt 0.469940 0.706251
vt 0.482320 0.703789
vt 0.465631 0.684589
vt 0.476795 0.681203
vt 0.490393 0.677078
vt 0.495196 0.701227
vt 0.030061 0.293749
vt 0.017680 0.296211
vt 0.004804 0.298773
vt 0.143779 0.051274
vt 0.125414 0.063544
vt 0.118401 0.053049
vt 0.138279 0.040985
vt 0.111107 0.042133
vt 0.131581 0.028453
vt 0.457179 0.664184
vt 0.468840 0.659353
vt 0.448726 0.643779
vt 0.459015 0.638279
vt 0.471547 0.631581
vt 0.480970 0.654329
vt 0.184589 0.034369
vt 0.164184 0.042822
vt 0.159353 0.031160
vt 0.181203 0.023205
vt 0.154329 0.019030
vt 0.177078 0.009607
vt 0.436456 0.625414
vt 0.446951 0.618402
vt 0.424185 0.607050
vt 0.433203 0.599649
vt 0.444188 0.590634
vt 0.457867 0.611107
vt 0.227913 0.025752
vt 0.206251 0.030061
vt 0.203789 0.017680
vt 0.226770 0.014141
vt 0.201227 0.004804
vt 0.225377 0.000000
vt 0.408568 0.591433
vt 0.417493 0.582507
vt 0.392950 0.575815
vt 0.400351 0.566797
vt 0.409366 0.555812
vt 0.426777 0.573223
vt 0.272087 0.025752
vt 0.250000 0.025752
vt 0.250000 0.013129
vt 0.273230 0.014141
vt 0.250000 0.000000
vt 0.274623 0.000000
vt 0.374586 0.563544
vt 0.381599 0.553049
vt 0.356221 0.551274
vt 0.361721 0.540985
vt 0.368419 0.528453
vt 0.388893 0.542133
vt 0.315411 0.034369
vt 0.293749 0.030061
vt 0.296211 0.017680
vt 0.318797 0.023205
vt 0.298773 0.004804
vt 0.322922 0.009607
vt 0.335816 0.542822
vt 0.340647 0.531160
vt 0.315411 0.534369
vt 0.318797 0.523205
vt 0.322922 0.509607
vt 0.345671 0.519030
vt 0.356221 0.051274
vt 0.335816 0.042822
vt 0.340647 0.031160
vt 0.361721 0.040985
vt 0.345671 0.019030
vt 0.368419 0.028453
vt 0.293749 0.530061
vt 0.296211 0.517680
vt 0.272087 0.525752
vt 0.273230 0.514142
vt 0.274623 0.500000
vt 0.298773 0.504804
vt 0.392950 0.075815
vt 0.374586 0.063544
vt 0.381599 0.053049
vt 0.400351 0.066797
vt 0.388893 0.042133
vt 0.409366 0.055812
vt 0.250000 0.525752
vt 0.250000 0.513129
vt 0.227913 0.525752
vt 0.226770 0.514141
vt 0.225377 0.500000
vt 0.250000 0.500000
vt 0.424185 0.107050
vt 0.408568 0.091432
vt 0.417493 0.082507
vt 0.433203 0.099649
vt 0.426777 0.073223
vt 0.444188 0.090634
vt 0.206251 0.530061
vt 0.203789 0.517680
vt 0.184589 0.534369
vt 0.181203 0.523205
vt 0.177078 0.509607
vt 0.201227 0.504804
vt 0.436456 0.125414
vt 0.446951 0.118401
vt 0.457867 0.111107
vt 0.164184 0.542822
vt 0.159353 0.531160
vt 0.154329 0.519030
s 0
usemtl Material.002
f 1636/1697/1521 1859/1698/1521 2243/1699/1521 1860/1700/1521
f 1635/1701/1521 1890/1702/1521 2243/1699/1521 1859/1703/1521
f 1666/1704/1521 1889/1705/1521 2243/1699/1521 1890/1706/1521
f 1665/1707/1522 1888/1708/1522 2243/1699/1522 1889/1709/1522
f 1664/1710/1521 1887/1711/1521 2243/1699/1521 1888/1708/1521
f 1663/1712/1523 1886/1713/1523 2243/1699/1523 1887/1714/1523
f 1662/1715/1524 1885/1716/1524 2243/1699/1524 1886/1717/1524
f 1661/1718/1525 1884/1719/1525 2243/1699/1525 1885/1720/1525
f 1660/1721/1525 1883/1722/1525 2243/1699/1525 1884/1719/1525
f 1659/1723/1526 1882/1724/1526 2243/1699/1526 1883/1725/1526
f 1658/1726/1527 1881/1727/1527 2243/1699/1527 1882/1728/1527
f 1657/1729/1528 1880/1730/1528 2243/1699/1528 1881/1727/1528
f 1656/1731/1529 1879/1732/1529 2243/1699/1529 1880/1733/1529
f 1655/1734/1530 1878/1735/1530 2243/1699/1530 1879/1732/1530
f 1654/1736/1531 1877/1737/1531 2243/1699/1531 1878/1738/1531
f 1653/1739/1532 1876/1740/1532 2243/1699/1532 1877/1741/1532
f 1652/1742/1531 1875/1743/1531 2243/1699/1531 1876/1740/1531
f 1651/1744/1531 1874/1745/1531 2243/1699/1531 1875/1746/1531
f 1650/1747/1531 1873/1748/1531 2243/1699/1531 1874/1745/1531
f 1649/1749/1533 1872/1750/1533 2243/1699/1533 1873/1748/1533
f 1648/1751/1531 1871/1752/1531 2243/1699/1531 1872/1750/1531
f 1647/1753/1530 1870/1754/1530 2243/1699/1530 1871/1752/1530
f 1646/1755/1534 1869/1756/1534 2243/1699/1534 1870/1754/1534
f 1645/1757/1535 1868/1758/1535 2243/1699/1535 1869/1759/1535
f 1644/1760/1536 1867/1761/1536 2243/1699/1536 1868/1758/1536
f 1643/1762/1537 1866/1763/1537 2243/1699/1537 1867/1764/1537
f 1642/1765/1538 1865/1766/1538 2243/1699/1538 1866/1767/1538
f 1641/1768/1539 1864/1769/1539 2243/1699/1539 1865/1766/1539
f 1640/1770/1540 1863/1771/1540 2243/1699/1540 1864/1772/1540
f 1639/1773/1523 1862/1774/1523 2243/1699/1523 1863/1771/1523
f 1638/1775/1521 1861/1776/1521 2243/1699/1521 1862/1777/1521
f 1637/1778/1541 1860/1700/1541 2243/1699/1541 1861/1779/1541
f 1699/1780/1542 1955/1781/1542 2244/1782/1542 2018/1783/1542
f 1955/1781/1543 1677/1784/1543 1901/1785/1543 2244/1782/1543
f 2244/1782/1544 1901/1785/1544 1678/1786/1544 1924/1787/1544
f 2018/1783/1545 2244/1782/1545 1924/1787/1545 1700/1788/1545
f 1701/1789/1546 1957/1790/1546 2245/1791/1546 2017/1792/1546
f 1957/1790/1547 1691/1793/1547 1915/1794/1547 2245/1791/1547
f 2245/1791/1548 1915/1794/1548 1692/1795/1548 1926/1796/1548
f 2017/1792/1549 2245/1791/1549 1926/1796/1549 1702/1797/1549
f 1700/1788/1550 1924/1787/1550 2246/1798/1550 2016/1799/1550
f 1924/1787/1551 1678/1786/1551 1902/1800/1551 2246/1798/1551
f 2246/1798/1552 1902/1800/1552 1679/1801/1552 1927/1802/1552
f 2016/1799/1553 2246/1798/1553 1927/1802/1553 1703/1803/1553
f 1702/1797/1554 1926/1796/1554 2247/1804/1554 2015/1805/1554
f 1926/1796/1555 1692/1795/1555 1916/1806/1555 2247/1804/1555
f 2247/1804/1556 1916/1806/1556 1693/1807/1556 1928/1808/1556
f 2015/1805/1557 2247/1804/1557 1928/1808/1557 1704/1809/1557
f 1703/1803/1558 1927/1802/1558 2248/1810/1558 2014/1811/1558
f 1927/1802/1559 1679/1801/1559 1903/1812/1559 2248/1810/1559
f 2248/1810/1560 1903/1812/1560 1680/1813/1560 1929/1814/1560
f 2014/1811/1561 2248/1810/1561 1929/1814/1561 1705/1815/1561
f 1704/1809/1562 1928/1808/1562 2249/1816/1562 2013/1817/1562
f 1928/1808/1563 1693/1807/1563 1917/1818/1563 2249/1816/1563
f 2249/1816/1564 1917/1818/1564 1694/1819/1564 1930/1820/1564
f 2013/1817/1565 2249/1816/1565 1930/1820/1565 1706/1821/1565
f 1705/1822/1566 1929/1823/1566 2250/1824/1566 2012/1825/1566
f 1929/1823/1567 1680/1826/1567 1904/1827/1567 2250/1824/1567
f 2250/1824/1568 1904/1827/1568 1681/1828/1568 1931/1829/1568
f 2012/1825/1569 2250/1824/1569 1931/1829/1569 1707/1830/1569
f 1708/1831/1570 1964/1832/1570 2251/1833/1570 2011/1834/1570
f 1964/1832/1571 1667/1835/1571 1891/1836/1571 2251/1833/1571
f 2251/1833/1572 1891/1836/1572 1668/1837/1572 1933/1838/1572
f 2011/1834/1573 2251/1833/1573 1933/1838/1573 1709/1839/1573
f 1706/1821/1574 1930/1820/1574 2252/1840/1574 2010/1841/1574
f 1930/1820/1575 1694/1819/1575 1918/1842/1575 2252/1840/1575
f 2252/1840/1576 1918/1842/1576 1695/1843/1576 1934/1844/1576
f 2010/1841/1577 2252/1840/1577 1934/1844/1577 1710/1845/1577
f 1707/1830/1578 1931/1829/1578 2253/1846/1578 2009/1847/1578
f 1931/1829/1579 1681/1828/1579 1905/1848/1579 2253/1846/1579
f 2253/1846/1580 1905/1848/1580 1682/1849/1580 1935/1850/1580
f 2009/1847/1581 2253/1846/1581 1935/1850/1581 1711/1851/1581
f 1709/1839/1582 1933/1838/1582 2254/1852/1582 2008/1853/1582
f 1933/1838/1583 1668/1837/1583 1892/1854/1583 2254/1852/1583
f 2254/1852/1584 1892/1854/1584 1669/1855/1584 1936/1856/1584
f 2008/1853/1585 2254/1852/1585 1936/1856/1585 1712/1857/1585
f 1710/1845/1586 1934/1844/1586 2255/1858/1586 2007/1859/1586
f 1934/1844/1587 1695/1843/1587 1919/1860/1587 2255/1858/1587
f 2255/1858/1588 1919/1860/1588 1696/1826/1588 1937/1823/1588
f 2007/1859/1589 2255/1858/1589 1937/1823/1589 1713/1822/1589
f 1711/1851/1590 1935/1850/1590 2256/1861/1590 2006/1862/1590
f 1935/1850/1591 1682/1849/1591 1906/1863/1591 2256/1861/1591
f 2256/1861/1592 1906/1863/1592 1683/1864/1592 1938/1865/1592
f 2006/1862/1593 2256/1861/1593 1938/1865/1593 1714/1866/1593
f 1712/1857/1594 1936/1856/1594 2257/1867/1594 2005/1868/1594
f 1936/1856/1595 1669/1855/1595 1893/1869/1595 2257/1867/1595
f 2257/1867/1596 1893/1869/1596 1670/1870/1596 1939/1871/1596
f 2005/1868/1597 2257/1867/1597 1939/1871/1597 1715/1872/1597
f 1713/1873/1598 1937/1874/1598 2258/1875/1598 2004/1876/1598
f 1937/1874/1599 1696/1877/1599 1920/1878/1599 2258/1875/1599
f 2258/1875/1600 1920/1878/1600 1697/1879/1600 1940/1880/1600
f 2004/1876/1601 2258/1875/1601 1940/1880/1601 1716/1881/1601
f 1714/1866/1602 1938/1865/1602 2259/1882/1602 2003/1883/1602
f 1938/1865/1603 1683/1864/1603 1907/1884/1603 2259/1882/1603
f 2259/1882/1604 1907/1884/1604 1684/1885/1604 1941/1886/1604
f 2003/1883/1605 2259/1882/1605 1941/1886/1605 1717/1887/1605
f 1715/1872/1606 1939/1871/1606 2260/1888/1606 2002/1889/1606
f 1939/1871/1607 1670/1870/1607 1894/1890/1607 2260/1888/1607
f 2260/1888/1608 1894/1890/1608 1671/1891/1608 1942/1892/1608
f 2002/1889/1609 2260/1888/1609 1942/1892/1609 1718/1893/1609
f 1716/1881/1610 1940/1880/1610 2261/1894/1610 2001/1895/1610
f 1940/1880/1611 1697/1879/1611 1921/1896/1611 2261/1894/1611
f 2261/1894/1612 1921/1896/1612 1698/1897/1612 1943/1898/1612
f 2001/1895/1613 2261/1894/1613 1943/1898/1613 1719/1899/1613
f 1717/1887/1614 1941/1886/1614 2262/1900/1614 2000/1901/1614
f 1941/1886/1615 1684/1885/1615 1908/1902/1615 2262/1900/1615
f 2262/1900/1616 1908/1902/1616 1685/1903/1616 1944/1904/1616
f 2000/1901/1617 2262/1900/1617 1944/1904/1617 1720/1905/1617
f 1718/1893/1618 1942/1892/1618 2263/1906/1618 1999/1907/1618
f 1942/1892/1619 1671/1891/1619 1895/1908/1619 2263/1906/1619
f 2263/1906/1620 1895/1908/1620 1672/1909/1620 1945/1910/1620
f 1999/1907/1621 2263/1906/1621 1945/1910/1621 1721/1911/1621
f 1719/1899/1622 1943/1898/1622 2264/1912/1622 1998/1913/1622
f 1943/1898/1623 1698/1897/1623 1922/1914/1623 2264/1912/1623
f 2264/1912/1624 1922/1914/1624 1667/1835/1624 1964/1832/1624
f 1998/1913/1625 2264/1912/1625 1964/1832/1625 1708/1831/1625
f 1720/1905/1626 1944/1904/1626 2265/1915/1626 1997/1916/1626
f 1944/1904/1627 1685/1903/1627 1909/1917/1627 2265/1915/1627
f 2265/1915/1628 1909/1917/1628 1686/1918/1628 1946/1919/1628
f 1997/1916/1629 2265/1915/1629 1946/1919/1629 1722/1920/1629
f 1721/1921/1630 1945/1922/1630 2266/1923/1630 1996/1924/1630
f 1945/1922/1631 1672/1925/1631 1896/1926/1631 2266/1923/1631
f 2266/1923/1632 1896/1926/1632 1673/1927/1632 1947/1928/1632
f 1996/1924/1633 2266/1923/1633 1947/1928/1633 1723/1929/1633
f 1722/1920/1634 1946/1919/1634 2267/1930/1634 1995/1931/1634
f 1946/1919/1635 1686/1918/1635 1910/1932/1635 2267/1930/1635
f 2267/1930/1636 1910/1932/1636 1687/1933/1636 1948/1934/1636
f 1995/1931/1637 2267/1930/1637 1948/1934/1637 1724/1935/1637
f 1723/1929/1638 1947/1928/1638 2268/1936/1638 1994/1937/1638
f 1947/1928/1639 1673/1927/1639 1897/1938/1639 2268/1936/1639
f 2268/1936/1640 1897/1938/1640 1674/1939/1640 1949/1940/1640
f 1994/1937/1641 2268/1936/1641 1949/1940/1641 1725/1941/1641
f 1724/1935/1642 1948/1934/1642 2269/1942/1642 1993/1943/1642
f 1948/1934/1643 1687/1933/1643 1911/1944/1643 2269/1942/1643
f 2269/1942/1644 1911/1944/1644 1688/1945/1644 1950/1946/1644
f 1993/1943/1645 2269/1942/1645 1950/1946/1645 1726/1947/1645
f 1725/1941/1646 1949/1940/1646 2270/1948/1646 1992/1949/1646
f 1949/1940/1647 1674/1939/1647 1898/1950/1647 2270/1948/1647
f 2270/1948/1648 1898/1950/1648 1675/1951/1648 1951/1952/1648
f 1992/1949/1649 2270/1948/1649 1951/1952/1649 1727/1953/1649
f 1726/1954/1650 1950/1955/1650 2271/1956/1650 1991/1957/1650
f 1950/1955/1651 1688/1958/1651 1912/1959/1651 2271/1956/1651
f 2271/1956/1652 1912/1959/1652 1689/1960/1652 1952/1961/1652
f 1991/1957/1653 2271/1956/1653 1952/1961/1653 1728/1962/1653
f 1727/1953/1654 1951/1952/1654 2272/1963/1654 1990/1964/1654
f 1951/1952/1655 1675/1951/1655 1899/1965/1655 2272/1963/1655
f 2272/1963/1656 1899/1965/1656 1676/1966/1656 1953/1967/1656
f 1990/1964/1657 2272/1963/1657 1953/1967/1657 1729/1968/1657
f 1728/1962/1658 1952/1961/1658 2273/1969/1658 1989/1970/1658
f 1952/1961/1659 1689/1960/1659 1913/1971/1659 2273/1969/1659
f 2273/1969/1660 1913/1971/1660 1690/1972/1660 1954/1973/1660
f 1989/1970/1661 2273/1969/1661 1954/1973/1661 1730/1974/1661
f 1729/1968/1662 1953/1967/1662 2274/1975/1662 1988/1976/1662
f 1953/1967/1663 1676/1966/1663 1900/1977/1663 2274/1975/1663
f 2274/1975/1664 1900/1977/1664 1677/1784/1664 1955/1781/1664
f 1988/1976/1665 2274/1975/1665 1955/1781/1665 1699/1780/1665
f 1730/1974/1666 1954/1973/1666 2275/1978/1666 1987/1979/1666
f 1954/1973/1667 1690/1972/1667 1914/1980/1667 2275/1978/1667
f 2275/1978/1668 1914/1980/1668 1691/1793/1668 1957/1790/1668
f 1987/1979/1669 2275/1978/1669 1957/1790/1669 1701/1789/1669
f 1626/1981/1670 1986/1982/1670 2276/1983/1670 1850/1984/1670
f 1986/1982/1671 1730/1974/1671 1987/1979/1671 2276/1983/1671
f 2276/1983/1672 1987/1979/1672 1701/1789/1672 1925/1985/1672
f 1850/1984/1673 2276/1983/1673 1925/1985/1673 1627/1986/1673
f 1612/1987/1674 1985/1988/1674 2277/1989/1674 1836/1990/1674
f 1985/1988/1675 1729/1968/1675 1988/1976/1675 2277/1989/1675
f 2277/1989/1676 1988/1976/1676 1699/1780/1676 1923/1991/1676
f 1836/1990/1677 2277/1989/1677 1923/1991/1677 1613/1992/1677
f 1625/1993/1678 1984/1994/1678 2278/1995/1678 1849/1996/1678
f 1984/1994/1679 1728/1962/1679 1989/1970/1679 2278/1995/1679
f 2278/1995/1680 1989/1970/1680 1730/1974/1680 1986/1982/1680
f 1849/1996/1681 2278/1995/1681 1986/1982/1681 1626/1981/1681
f 1611/1997/1682 1983/1998/1682 2279/1999/1682 1835/2000/1682
f 1983/1998/1683 1727/1953/1683 1990/1964/1683 2279/1999/1683
f 2279/1999/1684 1990/1964/1684 1729/1968/1684 1985/1988/1684
f 1835/2000/1685 2279/1999/1685 1985/1988/1685 1612/1987/1685
f 1624/2001/1686 1982/2002/1686 2280/2003/1686 1848/2004/1686
f 1982/2002/1687 1726/1954/1687 1991/1957/1687 2280/2003/1687
f 2280/2003/1688 1991/1957/1688 1728/1962/1688 1984/1994/1688
f 1848/2004/1689 2280/2003/1689 1984/1994/1689 1625/1993/1689
f 1610/2005/1690 1981/2006/1690 2281/2007/1690 1834/2008/1690
f 1981/2006/1691 1725/1941/1691 1992/1949/1691 2281/2007/1691
f 2281/2007/1692 1992/1949/1692 1727/1953/1692 1983/1998/1692
f 1834/2008/1693 2281/2007/1693 1983/1998/1693 1611/1997/1693
f 1623/2009/1694 1980/2010/1694 2282/2011/1694 1847/2012/1694
f 1980/2010/1695 1724/1935/1695 1993/1943/1695 2282/2011/1695
f 2282/2011/1696 1993/1943/1696 1726/1947/1696 1982/2013/1696
f 1847/2012/1697 2282/2011/1697 1982/2013/1697 1624/2014/1697
f 1609/2015/1698 1979/2016/1698 2283/2017/1698 1833/2018/1698
f 1979/2016/1699 1723/1929/1699 1994/1937/1699 2283/2017/1699
f 2283/2017/1700 1994/1937/1700 1725/1941/1700 1981/2006/1700
f 1833/2018/1701 2283/2017/1701 1981/2006/1701 1610/2005/1701
f 1622/2019/1702 1978/2020/1702 2284/2021/1702 1846/2022/1702
f 1978/2020/1703 1722/1920/1703 1995/1931/1703 2284/2021/1703
f 2284/2021/1704 1995/1931/1704 1724/1935/1704 1980/2010/1704
f 1846/2022/1705 2284/2021/1705 1980/2010/1705 1623/2009/1705
f 1608/2023/1706 1977/2024/1706 2285/2025/1706 1832/2026/1706
f 1977/2024/1707 1721/1921/1707 1996/1924/1707 2285/2025/1707
f 2285/2025/1708 1996/1924/1708 1723/1929/1708 1979/2016/1708
f 1832/2026/1709 2285/2025/1709 1979/2016/1709 1609/2015/1709
f 1621/2027/1710 1976/2028/1710 2286/2029/1710 1845/2030/1710
f 1976/2028/1711 1720/1905/1711 1997/1916/1711 2286/2029/1711
f 2286/2029/1712 1997/1916/1712 1722/1920/1712 1978/2020/1712
f 1845/2030/1713 2286/2029/1713 1978/2020/1713 1622/2019/1713
f 1634/2031/1714 1975/2032/1714 2287/2033/1714 1858/1950/1714
f 1975/2032/1715 1719/1899/1715 1998/1913/1715 2287/2033/1715
f 2287/2033/1716 1998/1913/1716 1708/1831/1716 1932/2034/1716
f 1858/1950/1717 2287/2033/1717 1932/2034/1717 1603/2035/1717
f 1607/2036/1718 1974/2037/1718 2288/2038/1718 1831/2039/1718
f 1974/2037/1719 1718/1893/1719 1999/1907/1719 2288/2038/1719
f 2288/2038/1720 1999/1907/1720 1721/1911/1720 1977/2040/1720
f 1831/2039/1721 2288/2038/1721 1977/2040/1721 1608/2041/1721
f 1620/2042/1722 1973/2043/1722 2289/2044/1722 1844/2045/1722
f 1973/2043/1723 1717/1887/1723 2000/1901/1723 2289/2044/1723
f 2289/2044/1724 2000/1901/1724 1720/1905/1724 1976/2028/1724
f 1844/2045/1725 2289/2044/1725 1976/2028/1725 1621/2027/1725
f 1633/2046/1726 1972/2047/1726 2290/2048/1726 1857/1938/1726
f 1972/2047/1727 1716/1881/1727 2001/1895/1727 2290/2048/1727
f 2290/2048/1728 2001/1895/1728 1719/1899/1728 1975/2032/1728
f 1857/1938/1729 2290/2048/1729 1975/2032/1729 1634/2031/1729
f 1606/2049/1730 1971/2050/1730 2291/2051/1730 1830/2052/1730
f 1971/2050/1731 1715/1872/1731 2002/1889/1731 2291/2051/1731
f 2291/2051/1732 2002/1889/1732 1718/1893/1732 1974/2037/1732
f 1830/2052/1733 2291/2051/1733 1974/2037/1733 1607/2036/1733
f 1619/2053/1734 1970/2054/1734 2292/2055/1734 1843/2056/1734
f 1970/2054/1735 1714/1866/1735 2003/1883/1735 2292/2055/1735
f 2292/2055/1736 2003/1883/1736 1717/1887/1736 1973/2043/1736
f 1843/2056/1737 2292/2055/1737 1973/2043/1737 1620/2042/1737
f 1632/2057/1738 1969/2058/1738 2293/2059/1738 1856/1926/1738
f 1969/2058/1739 1713/1873/1739 2004/1876/1739 2293/2059/1739
f 2293/2059/1740 2004/1876/1740 1716/1881/1740 1972/2047/1740
f 1856/1926/1741 2293/2059/1741 1972/2047/1741 1633/2046/1741
f 1605/2060/1742 1968/2061/1742 2294/2062/1742 1829/1785/1742
f 1968/2061/1743 1712/1857/1743 2005/1868/1743 2294/2062/1743
f 2294/2062/1744 2005/1868/1744 1715/1872/1744 1971/2050/1744
f 1829/1785/1745 2294/2062/1745 1971/2050/1745 1606/2049/1745
f 1618/2063/1746 1967/2064/1746 2295/2065/1746 1842/2066/1746
f 1967/2064/1747 1711/1851/1747 2006/1862/1747 2295/2065/1747
f 2295/2065/1748 2006/1862/1748 1714/1866/1748 1970/2054/1748
f 1842/2066/1749 2295/2065/1749 1970/2054/1749 1619/2053/1749
f 1631/2067/1750 1966/2068/1750 2296/2069/1750 1855/2070/1750
f 1966/2068/1751 1710/1845/1751 2007/1859/1751 2296/2069/1751
f 2296/2069/1752 2007/1859/1752 1713/1822/1752 1969/2071/1752
f 1855/2070/1753 2296/2069/1753 1969/2071/1753 1632/2072/1753
f 1604/2073/1754 1965/2074/1754 2297/2075/1754 1828/1977/1754
f 1965/2074/1755 1709/1839/1755 2008/1853/1755 2297/2075/1755
f 2297/2075/1756 2008/1853/1756 1712/1857/1756 1968/2061/1756
f 1828/1977/1757 2297/2075/1757 1968/2061/1757 1605/2060/1757
f 1617/2076/1758 1963/2077/1758 2298/2078/1758 1841/2079/1758
f 1963/2077/1759 1707/1830/1759 2009/1847/1759 2298/2078/1759
f 2298/2078/1760 2009/1847/1760 1711/1851/1760 1967/2064/1760
f 1841/2079/1761 2298/2078/1761 1967/2064/1761 1618/2063/1761
f 1630/2080/1762 1962/2081/1762 2299/2082/1762 1854/2083/1762
f 1962/2081/1763 1706/1821/1763 2010/1841/1763 2299/2082/1763
f 2299/2082/1764 2010/1841/1764 1710/1845/1764 1966/2068/1764
f 1854/2083/1765 2299/2082/1765 1966/2068/1765 1631/2067/1765
f 1603/2035/1766 1932/2034/1766 2300/2084/1766 1827/1965/1766
f 1932/2034/1767 1708/1831/1767 2011/1834/1767 2300/2084/1767
f 2300/2084/1768 2011/1834/1768 1709/1839/1768 1965/2074/1768
f 1827/1965/1769 2300/2084/1769 1965/2074/1769 1604/2073/1769
f 1616/2072/1770 1961/2071/1770 2301/2085/1770 1840/2086/1770
f 1961/2071/1771 1705/1822/1771 2012/1825/1771 2301/2085/1771
f 2301/2085/1772 2012/1825/1772 1707/1830/1772 1963/2077/1772
f 1840/2086/1773 2301/2085/1773 1963/2077/1773 1617/2076/1773
f 1629/2087/1774 1960/2088/1774 2302/2089/1774 1853/2090/1774
f 1960/2088/1775 1704/1809/1775 2013/1817/1775 2302/2089/1775
f 2302/2089/1776 2013/1817/1776 1706/1821/1776 1962/2081/1776
f 1853/2090/1777 2302/2089/1777 1962/2081/1777 1630/2080/1777
f 1615/2091/1778 1959/2092/1778 2303/2093/1778 1839/2094/1778
f 1959/2092/1779 1703/1803/1779 2014/1811/1779 2303/2093/1779
f 2303/2093/1780 2014/1811/1780 1705/1815/1780 1961/2095/1780
f 1839/2094/1781 2303/2093/1781 1961/2095/1781 1616/2096/1781
f 1628/2097/1782 1958/2098/1782 2304/2099/1782 1852/2100/1782
f 1958/2098/1783 1702/1797/1783 2015/1805/1783 2304/2099/1783
f 2304/2099/1784 2015/1805/1784 1704/1809/1784 1960/2088/1784
f 1852/2100/1785 2304/2099/1785 1960/2088/1785 1629/2087/1785
f 1614/2101/1786 1956/2102/1786 2305/2103/1786 1838/2104/1786
f 1956/2102/1787 1700/1788/1787 2016/1799/1787 2305/2103/1787
f 2305/2103/1788 2016/1799/1788 1703/1803/1788 1959/2092/1788
f 1838/2104/1789 2305/2103/1789 1959/2092/1789 1615/2091/1789
f 1627/1986/1790 1925/1985/1790 2306/2105/1790 1851/2106/1790
f 1925/1985/1791 1701/1789/1791 2017/1792/1791 2306/2105/1791
f 2306/2105/1792 2017/1792/1792 1702/1797/1792 1958/2098/1792
f 1851/2106/1793 2306/2105/1793 1958/2098/1793 1628/2097/1793
f 1613/1992/1794 1923/1991/1794 2307/2107/1794 1837/2108/1794
f 1923/1991/1795 1699/1780/1795 2018/1783/1795 2307/2107/1795
f 2307/2107/1796 2018/1783/1796 1700/1788/1796 1956/2102/1796
f 1837/2108/1797 2307/2107/1797 1956/2102/1797 1614/2101/1797
f 1795/2109/1798 2178/2110/1798 2308/2111/1798 2115/2112/1798
f 2178/2110/1799 1796/2113/1799 2084/2114/1799 2308/2111/1799
f 2308/2111/1800 2084/2114/1800 1774/2115/1800 2061/2116/1800
f 2115/2112/1801 2308/2111/1801 2061/2116/1801 1773/2117/1801
f 1797/2118/1802 2177/2119/1802 2309/2120/1802 2117/2121/1802
f 2177/2119/1803 1798/2122/1803 2086/2123/1803 2309/2120/1803
f 2309/2120/1804 2086/2123/1804 1788/2124/1804 2075/2125/1804
f 2117/2121/1805 2309/2120/1805 2075/2125/1805 1787/2126/1805
f 1796/2113/1806 2176/2127/1806 2310/2128/1806 2084/2114/1806
f 2176/2127/1807 1799/2129/1807 2087/2130/1807 2310/2128/1807
f 2310/2128/1808 2087/2130/1808 1775/2131/1808 2062/2132/1808
f 2084/2114/1809 2310/2128/1809 2062/2132/1809 1774/2115/1809
f 1798/2122/1810 2175/2133/1810 2311/2134/1810 2086/2123/1810
f 2175/2133/1811 1800/2135/1811 2088/2136/1811 2311/2134/1811
f 2311/2134/1812 2088/2136/1812 1789/2137/1812 2076/2138/1812
f 2086/2123/1813 2311/2134/1813 2076/2138/1813 1788/2124/1813
f 1799/2129/1814 2174/2139/1814 2312/2140/1814 2087/2130/1814
f 2174/2139/1815 1801/2141/1815 2089/2142/1815 2312/2140/1815
f 2312/2140/1816 2089/2142/1816 1776/2143/1816 2063/2144/1816
f 2087/2130/1817 2312/2140/1817 2063/2144/1817 1775/2131/1817
f 1800/2135/1818 2173/2145/1818 2313/2146/1818 2088/2136/1818
f 2173/2145/1819 1802/2147/1819 2090/2148/1819 2313/2146/1819
f 2313/2146/1820 2090/2148/1820 1790/2149/1820 2077/2150/1820
f 2088/2136/1821 2313/2146/1821 2077/2150/1821 1789/2137/1821
f 1801/2151/1822 2172/2152/1822 2314/2153/1822 2089/2154/1822
f 2172/2152/1823 1803/2155/1823 2091/2156/1823 2314/2153/1823
f 2314/2153/1824 2091/2156/1824 1777/2157/1824 2064/2158/1824
f 2089/2154/1825 2314/2153/1825 2064/2158/1825 1776/2159/1825
f 1804/2160/1826 2171/2161/1826 2315/2162/1826 2124/2163/1826
f 2171/2161/1827 1805/2164/1827 2093/2165/1827 2315/2162/1827
f 2315/2162/1828 2093/2165/1828 1763/2166/1828 2051/2167/1828
f 2124/2163/1829 2315/2162/1829 2051/2167/1829 1764/2168/1829
f 1802/2147/1830 2170/2169/1830 2316/2170/1830 2090/2148/1830
f 2170/2169/1831 1806/2171/1831 2094/2172/1831 2316/2170/1831
f 2316/2170/1832 2094/2172/1832 1791/2173/1832 2078/2174/1832
f 2090/2148/1833 2316/2170/1833 2078/2174/1833 1790/2149/1833
f 1803/2155/1834 2169/2175/1834 2317/2176/1834 2091/2156/1834
f 2169/2175/1835 1807/2177/1835 2095/2178/1835 2317/2176/1835
f 2317/2176/1836 2095/2178/1836 1778/2179/1836 2065/2180/1836
f 2091/2156/1837 2317/2176/1837 2065/2180/1837 1777/2157/1837
f 1805/2164/1838 2168/2181/1838 2318/2182/1838 2093/2165/1838
f 2168/2181/1839 1808/2183/1839 2096/2184/1839 2318/2182/1839
f 2318/2182/1840 2096/2184/1840 1765/2185/1840 2052/2186/1840
f 2093/2165/1841 2318/2182/1841 2052/2186/1841 1763/2166/1841
f 1806/2171/1842 2167/2187/1842 2319/2188/1842 2094/2172/1842
f 2167/2187/1843 1809/2189/1843 2097/2190/1843 2319/2188/1843
f 2319/2188/1844 2097/2190/1844 1792/2191/1844 2079/2192/1844
f 2094/2172/1845 2319/2188/1845 2079/2192/1845 1791/2173/1845
f 1807/2177/1846 2166/2193/1846 2320/2194/1846 2095/2178/1846
f 2166/2193/1847 1810/2195/1847 2098/2196/1847 2320/2194/1847
f 2320/2194/1848 2098/2196/1848 1779/2197/1848 2066/2198/1848
f 2095/2178/1849 2320/2194/1849 2066/2198/1849 1778/2179/1849
f 1808/2183/1850 2165/2199/1850 2321/2200/1850 2096/2184/1850
f 2165/2199/1851 1811/2201/1851 2099/2202/1851 2321/2200/1851
f 2321/2200/1852 2099/2202/1852 1766/2203/1852 2053/2204/1852
f 2096/2184/1853 2321/2200/1853 2053/2204/1853 1765/2185/1853
f 1809/2205/1854 2164/2206/1854 2322/2207/1854 2097/2208/1854
f 2164/2206/1855 1812/2209/1855 2100/2210/1855 2322/2207/1855
f 2322/2207/1856 2100/2210/1856 1793/2211/1856 2080/2212/1856
f 2097/2208/1857 2322/2207/1857 2080/2212/1857 1792/2213/1857
f 1810/2195/1858 2163/2214/1858 2323/2215/1858 2098/2196/1858
f 2163/2214/1859 1813/2216/1859 2101/2217/1859 2323/2215/1859
f 2323/2215/1860 2101/2217/1860 1780/2218/1860 2067/2219/1860
f 2098/2196/1861 2323/2215/1861 2067/2219/1861 1779/2197/1861
f 1811/2201/1862 2162/2220/1862 2324/2221/1862 2099/2202/1862
f 2162/2220/1863 1814/2222/1863 2102/2223/1863 2324/2221/1863
f 2324/2221/1864 2102/2223/1864 1767/2224/1864 2054/2225/1864
f 2099/2202/1865 2324/2221/1865 2054/2225/1865 1766/2203/1865
f 1812/2209/1866 2161/2226/1866 2325/2227/1866 2100/2210/1866
f 2161/2226/1867 1815/2228/1867 2103/2229/1867 2325/2227/1867
f 2325/2227/1868 2103/2229/1868 1794/2230/1868 2081/2231/1868
f 2100/2210/1869 2325/2227/1869 2081/2231/1869 1793/2211/1869
f 1813/2216/1870 2160/2232/1870 2326/2233/1870 2101/2217/1870
f 2160/2232/1871 1816/2234/1871 2104/2235/1871 2326/2233/1871
f 2326/2233/1872 2104/2235/1872 1781/2236/1872 2068/2237/1872
f 2101/2217/1873 2326/2233/1873 2068/2237/1873 1780/2218/1873
f 1814/2222/1874 2159/2238/1874 2327/2239/1874 2102/2223/1874
f 2159/2238/1875 1817/2240/1875 2105/2241/1875 2327/2239/1875
f 2327/2239/1876 2105/2241/1876 1768/2242/1876 2055/2243/1876
f 2102/2223/1877 2327/2239/1877 2055/2243/1877 1767/2224/1877
f 1815/2228/1878 2158/2244/1878 2328/2245/1878 2103/2229/1878
f 2158/2244/1879 1804/2160/1879 2124/2163/1879 2328/2245/1879
f 2328/2245/1880 2124/2163/1880 1764/2168/1880 2082/2246/1880
f 2103/2229/1881 2328/2245/1881 2082/2246/1881 1794/2230/1881
f 1816/2234/1882 2157/2247/1882 2329/2248/1882 2104/2235/1882
f 2157/2247/1883 1818/2249/1883 2106/2250/1883 2329/2248/1883
f 2329/2248/1884 2106/2250/1884 1782/2251/1884 2069/2252/1884
f 2104/2235/1885 2329/2248/1885 2069/2252/1885 1781/2236/1885
f 1817/2253/1886 2156/2254/1886 2330/2255/1886 2105/2190/1886
f 2156/2254/1887 1819/2256/1887 2107/2257/1887 2330/2255/1887
f 2330/2255/1888 2107/2257/1888 1769/2258/1888 2056/2259/1888
f 2105/2190/1889 2330/2255/1889 2056/2259/1889 1768/2260/1889
f 1818/2249/1890 2155/2261/1890 2331/2262/1890 2106/2250/1890
f 2155/2261/1891 1820/2263/1891 2108/2264/1891 2331/2262/1891
f 2331/2262/1892 2108/2264/1892 1783/2265/1892 2070/2266/1892
f 2106/2250/1893 2331/2262/1893 2070/2266/1893 1782/2251/1893
f 1819/2256/1894 2154/2267/1894 2332/2268/1894 2107/2257/1894
f 2154/2267/1895 1821/2269/1895 2109/2270/1895 2332/2268/1895
f 2332/2268/1896 2109/2270/1896 1770/2271/1896 2057/2272/1896
f 2107/2257/1897 2332/2268/1897 2057/2272/1897 1769/2258/1897
f 1820/2263/1898 2153/2273/1898 2333/2274/1898 2108/2264/1898
f 2153/2273/1899 1822/2275/1899 2110/2276/1899 2333/2274/1899
f 2333/2274/1900 2110/2276/1900 1784/2277/1900 2071/2278/1900
f 2108/2264/1901 2333/2274/1901 2071/2278/1901 1783/2265/1901
f 1821/2269/1902 2152/2279/1902 2334/2280/1902 2109/2270/1902
f 2152/2279/1903 1823/2281/1903 2111/2282/1903 2334/2280/1903
f 2334/2280/1904 2111/2282/1904 1771/2283/1904 2058/2284/1904
f 2109/2270/1905 2334/2280/1905 2058/2284/1905 1770/2271/1905
f 1822/2285/1906 2151/2286/1906 2335/2287/1906 2110/2288/1906
f 2151/2286/1907 1824/2289/1907 2112/2290/1907 2335/2287/1907
f 2335/2287/1908 2112/2290/1908 1785/2291/1908 2072/2292/1908
f 2110/2288/1909 2335/2287/1909 2072/2292/1909 1784/2293/1909
f 1823/2281/1910 2150/2294/1910 2336/2295/1910 2111/2282/1910
f 2150/2294/1911 1825/2296/1911 2113/2297/1911 2336/2295/1911
f 2336/2295/1912 2113/2297/1912 1772/2298/1912 2059/2299/1912
f 2111/2282/1913 2336/2295/1913 2059/2299/1913 1771/2283/1913
f 1824/2289/1914 2149/2300/1914 2337/2301/1914 2112/2290/1914
f 2149/2300/1915 1826/2302/1915 2114/2303/1915 2337/2301/1915
f 2337/2301/1916 2114/2303/1916 1786/2304/1916 2073/2305/1916
f 2112/2290/1917 2337/2301/1917 2073/2305/1917 1785/2291/1917
f 1825/2296/1918 2148/2306/1918 2338/2307/1918 2113/2297/1918
f 2148/2306/1919 1795/2109/1919 2115/2112/1919 2338/2307/1919
f 2338/2307/1920 2115/2112/1920 1773/2117/1920 2060/2308/1920
f 2113/2297/1921 2338/2307/1921 2060/2308/1921 1772/2298/1921
f 1826/2302/1922 2147/2309/1922 2339/2310/1922 2114/2303/1922
f 2147/2309/1923 1797/2118/1923 2117/2121/1923 2339/2310/1923
f 2339/2310/1924 2117/2121/1924 1787/2126/1924 2074/2311/1924
f 2114/2303/1925 2339/2310/1925 2074/2311/1925 1786/2304/1925
f 1754/2312/1926 2042/2313/1926 2340/2314/1926 2146/2315/1926
f 2042/2313/1927 1755/2316/1927 2085/2317/1927 2340/2314/1927
f 2340/2314/1928 2085/2317/1928 1797/2118/1928 2147/2309/1928
f 2146/2315/1929 2340/2314/1929 2147/2309/1929 1826/2302/1929
f 1740/2318/1930 2028/2319/1930 2341/2320/1930 2145/2321/1930
f 2028/2319/1931 1741/2322/1931 2083/2323/1931 2341/2320/1931
f 2341/2320/1932 2083/2323/1932 1795/2109/1932 2148/2306/1932
f 2145/2321/1933 2341/2320/1933 2148/2306/1933 1825/2296/1933
f 1753/2324/1934 2041/2325/1934 2342/2326/1934 2144/2327/1934
f 2041/2325/1935 1754/2312/1935 2146/2315/1935 2342/2326/1935
f 2342/2326/1936 2146/2315/1936 1826/2302/1936 2149/2300/1936
f 2144/2327/1937 2342/2326/1937 2149/2300/1937 1824/2289/1937
f 1739/2328/1938 2027/2329/1938 2343/2330/1938 2143/2331/1938
f 2027/2329/1939 1740/2318/1939 2145/2321/1939 2343/2330/1939
f 2343/2330/1940 2145/2321/1940 1825/2296/1940 2150/2294/1940
f 2143/2331/1941 2343/2330/1941 2150/2294/1941 1823/2281/1941
f 1752/2332/1942 2040/2333/1942 2344/2334/1942 2142/2335/1942
f 2040/2333/1943 1753/2324/1943 2144/2327/1943 2344/2334/1943
f 2344/2334/1944 2144/2327/1944 1824/2289/1944 2151/2286/1944
f 2142/2335/1945 2344/2334/1945 2151/2286/1945 1822/2285/1945
f 1738/2336/1946 2026/2337/1946 2345/2338/1946 2141/2339/1946
f 2026/2337/1947 1739/2328/1947 2143/2331/1947 2345/2338/1947
f 2345/2338/1948 2143/2331/1948 1823/2281/1948 2152/2279/1948
f 2141/2339/1949 2345/2338/1949 2152/2279/1949 1821/2269/1949
f 1751/2340/1950 2039/2341/1950 2346/2342/1950 2140/2343/1950
f 2039/2341/1951 1752/2344/1951 2142/2345/1951 2346/2342/1951
f 2346/2342/1952 2142/2345/1952 1822/2275/1952 2153/2273/1952
f 2140/2343/1953 2346/2342/1953 2153/2273/1953 1820/2263/1953
f 1737/2346/1954 2025/2347/1954 2347/2348/1954 2139/2349/1954
f 2025/2347/1955 1738/2336/1955 2141/2339/1955 2347/2348/1955
f 2347/2348/1956 2141/2339/1956 1821/2269/1956 2154/2267/1956
f 2139/2349/1957 2347/2348/1957 2154/2267/1957 1819/2256/1957
f 1750/2350/1958 2038/2351/1958 2348/2352/1958 2138/2353/1958
f 2038/2351/1959 1751/2340/1959 2140/2343/1959 2348/2352/1959
f 2348/2352/1960 2140/2343/1960 1820/2263/1960 2155/2261/1960
f 2138/2353/1961 2348/2352/1961 2155/2261/1961 1818/2249/1961
f 1736/2354/1962 2024/2355/1962 2349/2356/1962 2137/2357/1962
f 2024/2355/1963 1737/2346/1963 2139/2349/1963 2349/2356/1963
f 2349/2356/1964 2139/2349/1964 1819/2256/1964 2156/2254/1964
f 2137/2357/1965 2349/2356/1965 2156/2254/1965 1817/2253/1965
f 1749/2358/1966 2037/2359/1966 2350/2360/1966 2136/2361/1966
f 2037/2359/1967 1750/2350/1967 2138/2353/1967 2350/2360/1967
f 2350/2360/1968 2138/2353/1968 1818/2249/1968 2157/2247/1968
f 2136/2361/1969 2350/2360/1969 2157/2247/1969 1816/2234/1969
f 1762/2304/1970 2050/2311/1970 2351/2362/1970 2135/2363/1970
f 2050/2311/1971 1732/2126/1971 2092/2364/1971 2351/2362/1971
f 2351/2362/1972 2092/2364/1972 1804/2160/1972 2158/2244/1972
f 2135/2363/1973 2351/2362/1973 2158/2244/1973 1815/2228/1973
f 1735/2173/1974 2023/2192/1974 2352/2365/1974 2134/2366/1974
f 2023/2192/1975 1736/2191/1975 2137/2367/1975 2352/2365/1975
f 2352/2365/1976 2137/2367/1976 1817/2240/1976 2159/2238/1976
f 2134/2366/1977 2352/2365/1977 2159/2238/1977 1814/2222/1977
f 1748/2368/1978 2036/2369/1978 2353/2370/1978 2133/2371/1978
f 2036/2369/1979 1749/2358/1979 2136/2361/1979 2353/2370/1979
f 2353/2370/1980 2136/2361/1980 1816/2234/1980 2160/2232/1980
f 2133/2371/1981 2353/2370/1981 2160/2232/1981 1813/2216/1981
f 1761/2291/1982 2049/2305/1982 2354/2372/1982 2132/2373/1982
f 2049/2305/1983 1762/2304/1983 2135/2363/1983 2354/2372/1983
f 2354/2372/1984 2135/2363/1984 1815/2228/1984 2161/2226/1984
f 2132/2373/1985 2354/2372/1985 2161/2226/1985 1812/2209/1985
f 1734/2374/1986 2022/2174/1986 2355/2375/1986 2131/2376/1986
f 2022/2174/1987 1735/2173/1987 2134/2366/1987 2355/2375/1987
f 2355/2375/1988 2134/2366/1988 1814/2222/1988 2162/2220/1988
f 2131/2376/1989 2355/2375/1989 2162/2220/1989 1811/2201/1989
f 1747/2377/1990 2035/2378/1990 2356/2379/1990 2130/2380/1990
f 2035/2378/1991 1748/2368/1991 2133/2371/1991 2356/2379/1991
f 2356/2379/1992 2133/2371/1992 1813/2216/1992 2163/2214/1992
f 2130/2380/1993 2356/2379/1993 2163/2214/1993 1810/2195/1993
f 1760/2293/1994 2048/2292/1994 2357/2381/1994 2129/2382/1994
f 2048/2292/1995 1761/2291/1995 2132/2373/1995 2357/2381/1995
f 2357/2381/1996 2132/2373/1996 1812/2209/1996 2164/2206/1996
f 2129/2382/1997 2357/2381/1997 2164/2206/1997 1809/2205/1997
f 1733/2137/1998 2021/2383/1998 2358/2384/1998 2128/2385/1998
f 2021/2383/1999 1734/2374/1999 2131/2376/1999 2358/2384/1999
f 2358/2384/2000 2131/2376/2000 1811/2201/2000 2165/2199/2000
f 2128/2385/2001 2358/2384/2001 2165/2199/2001 1808/2183/2001
f 1746/2386/2002 2034/2387/2002 2359/2388/2002 2127/2389/2002
f 2034/2387/2003 1747/2377/2003 2130/2380/2003 2359/2388/2003
f 2359/2388/2004 2130/2380/2004 1810/2195/2004 2166/2193/2004
f 2127/2389/2005 2359/2388/2005 2166/2193/2005 1807/2177/2005
f 1759/2390/2006 2047/2391/2006 2360/2392/2006 2126/2393/2006
f 2047/2391/2007 1760/2394/2007 2129/2395/2007 2360/2392/2007
f 2360/2392/2008 2129/2395/2008 1809/2189/2008 2167/2187/2008
f 2126/2393/2009 2360/2392/2009 2167/2187/2009 1806/2171/2009
f 1731/2124/2010 2020/2138/2010 2361/2396/2010 2125/2397/2010
f 2020/2138/2011 1733/2137/2011 2128/2385/2011 2361/2396/2011
f 2361/2396/2012 2128/2385/2012 1808/2183/2012 2168/2181/2012
f 2125/2397/2013 2361/2396/2013 2168/2181/2013 1805/2164/2013
f 1745/2398/2014 2033/2399/2014 2362/2400/2014 2123/2401/2014
f 2033/2399/2015 1746/2386/2015 2127/2389/2015 2362/2400/2015
f 2362/2400/2016 2127/2389/2016 1807/2177/2016 2169/2175/2016
f 2123/2401/2017 2362/2400/2017 2169/2175/2017 1803/2155/2017
f 1758/2402/2018 2046/2403/2018 2363/2404/2018 2122/2405/2018
f 2046/2403/2019 1759/2390/2019 2126/2393/2019 2363/2404/2019
f 2363/2404/2020 2126/2393/2020 1806/2171/2020 2170/2169/2020
f 2122/2405/2021 2363/2404/2021 2170/2169/2021 1802/2147/2021
f 1732/2126/2022 2019/2125/2022 2364/2406/2022 2092/2364/2022
f 2019/2125/2023 1731/2124/2023 2125/2397/2023 2364/2406/2023
f 2364/2406/2024 2125/2397/2024 1805/2164/2024 2171/2161/2024
f 2092/2364/2025 2364/2406/2025 2171/2161/2025 1804/2160/2025
f 1744/2407/2026 2032/2408/2026 2365/2409/2026 2121/2367/2026
f 2032/2408/2027 1745/2398/2027 2123/2401/2027 2365/2409/2027
f 2365/2409/2028 2123/2401/2028 1803/2155/2028 2172/2152/2028
f 2121/2367/2029 2365/2409/2029 2172/2152/2029 1801/2151/2029
f 1757/2410/2030 2045/2411/2030 2366/2412/2030 2120/2413/2030
f 2045/2411/2031 1758/2402/2031 2122/2405/2031 2366/2412/2031
f 2366/2412/2032 2122/2405/2032 1802/2147/2032 2173/2145/2032
f 2120/2413/2033 2366/2412/2033 2173/2145/2033 1800/2135/2033
f 1743/2414/2034 2031/2415/2034 2367/2416/2034 2119/2417/2034
f 2031/2415/2035 1744/2418/2035 2121/2419/2035 2367/2416/2035
f 2367/2416/2036 2121/2419/2036 1801/2141/2036 2174/2139/2036
f 2119/2417/2037 2367/2416/2037 2174/2139/2037 1799/2129/2037
f 1756/2420/2038 2044/2421/2038 2368/2422/2038 2118/2423/2038
f 2044/2421/2039 1757/2410/2039 2120/2413/2039 2368/2422/2039
f 2368/2422/2040 2120/2413/2040 1800/2135/2040 2175/2133/2040
f 2118/2423/2041 2368/2422/2041 2175/2133/2041 1798/2122/2041
f 1742/2424/2042 2030/2425/2042 2369/2426/2042 2116/2427/2042
f 2030/2425/2043 1743/2414/2043 2119/2417/2043 2369/2426/2043
f 2369/2426/2044 2119/2417/2044 1799/2129/2044 2176/2127/2044
f 2116/2427/2045 2369/2426/2045 2176/2127/2045 1796/2113/2045
f 1755/2316/2046 2043/2428/2046 2370/2429/2046 2085/2317/2046
f 2043/2428/2047 1756/2420/2047 2118/2423/2047 2370/2429/2047
f 2370/2429/2048 2118/2423/2048 1798/2122/2048 2177/2119/2048
f 2085/2317/2049 2370/2429/2049 2177/2119/2049 1797/2118/2049
f 1741/2322/2050 2029/2430/2050 2371/2431/2050 2083/2323/2050
f 2029/2430/2051 1742/2424/2051 2116/2427/2051 2371/2431/2051
f 2371/2431/2052 2116/2427/2052 1796/2113/2052 2178/2110/2052
f 2083/2323/2053 2371/2431/2053 2178/2110/2053 1795/2109/2053
f 1682/2432/2054 1905/2433/2054 2372/2434/2054 2180/2435/2054
f 1905/2433/2055 1681/2436/2055 2179/2437/2055 2372/2434/2055
f 2372/2434/2056 2179/2437/2056 1777/2438/2056 2065/2439/2056
f 2180/2435/2057 2372/2434/2057 2065/2439/2057 1778/2440/2057
f 1629/2441/2058 1853/2442/2058 2373/2443/2058 2182/2444/2058
f 1853/2442/2059 1630/2445/2059 2181/2446/2059 2373/2443/2059
f 2373/2443/2060 2181/2446/2060 1758/2447/2060 2045/2448/2060
f 2182/2444/2061 2373/2443/2061 2045/2448/2061 1757/2449/2061
f 1603/2450/2062 1827/2451/2062 2374/2452/2062 2184/2453/2062
f 1827/2451/2063 1604/2454/2063 2183/2455/2063 2374/2452/2063
f 2374/2452/2064 2183/2455/2064 1731/2456/2064 2019/2457/2064
f 2184/2453/2065 2374/2452/2065 2019/2457/2065 1732/2458/2065
f 1683/2459/2066 1906/2460/2066 2375/2461/2066 2185/2462/2066
f 1906/2460/2067 1682/2432/2067 2180/2435/2067 2375/2461/2067
f 2375/2461/2068 2180/2435/2068 1778/2440/2068 2066/2463/2068
f 2185/2462/2069 2375/2461/2069 2066/2463/2069 1779/2464/2069
f 1630/2445/2070 1854/2465/2070 2376/2466/2070 2181/2446/2070
f 1854/2465/2071 1631/2467/2071 2186/2468/2071 2376/2466/2071
f 2376/2466/2072 2186/2468/2072 1759/2469/2072 2046/2470/2072
f 2181/2446/2073 2376/2466/2073 2046/2470/2073 1758/2447/2073
f 1604/2454/2074 1828/2471/2074 2377/2472/2074 2183/2455/2074
f 1828/2471/2075 1605/2473/2075 2187/2474/2075 2377/2472/2075
f 2377/2472/2076 2187/2474/2076 1733/2475/2076 2020/2476/2076
f 2183/2455/2077 2377/2472/2077 2020/2476/2077 1731/2456/2077
f 1684/2477/2078 1907/2478/2078 2378/2479/2078 2188/2480/2078
f 1907/2478/2079 1683/2459/2079 2185/2462/2079 2378/2479/2079
f 2378/2479/2080 2185/2462/2080 1779/2464/2080 2067/2481/2080
f 2188/2480/2081 2378/2479/2081 2067/2481/2081 1780/2482/2081
f 1631/2467/2082 1855/2483/2082 2379/2484/2082 2186/2468/2082
f 1855/2483/2083 1632/2485/2083 2189/2486/2083 2379/2484/2083
f 2379/2484/2084 2189/2486/2084 1760/2487/2084 2047/2488/2084
f 2186/2468/2085 2379/2484/2085 2047/2488/2085 1759/2469/2085
f 1605/2473/2086 1829/2489/2086 2380/2490/2086 2187/2474/2086
f 1829/2489/2087 1606/2491/2087 2190/2492/2087 2380/2490/2087
f 2380/2490/2088 2190/2492/2088 1734/2493/2088 2021/2494/2088
f 2187/2474/2089 2380/2490/2089 2021/2494/2089 1733/2475/2089
f 1685/2495/2090 1908/2496/2090 2381/2497/2090 2191/2498/2090
f 1908/2496/2091 1684/2477/2091 2188/2480/2091 2381/2497/2091
f 2381/2497/2092 2188/2480/2092 1780/2482/2092 2068/2499/2092
f 2191/2498/2093 2381/2497/2093 2068/2499/2093 1781/2500/2093
f 1632/2485/2094 1856/2501/2094 2382/2502/2094 2189/2486/2094
f 1856/2501/2095 1633/2503/2095 2192/2504/2095 2382/2502/2095
f 2382/2502/2096 2192/2504/2096 1761/2505/2096 2048/2506/2096
f 2189/2486/2097 2382/2502/2097 2048/2506/2097 1760/2487/2097
f 1606/2491/2098 1830/2507/2098 2383/2508/2098 2190/2492/2098
f 1830/2507/2099 1607/2509/2099 2193/2510/2099 2383/2508/2099
f 2383/2508/2100 2193/2510/2100 1735/2511/2100 2022/2512/2100
f 2190/2492/2101 2383/2508/2101 2022/2512/2101 1734/2493/2101
f 1686/2513/2102 1909/2514/2102 2384/2515/2102 2194/2516/2102
f 1909/2514/2103 1685/2495/2103 2191/2498/2103 2384/2515/2103
f 2384/2515/2104 2191/2498/2104 1781/2500/2104 2069/2517/2104
f 2194/2516/2105 2384/2515/2105 2069/2517/2105 1782/2518/2105
f 1633/2503/2106 1857/2519/2106 2385/2520/2106 2192/2504/2106
f 1857/2519/2107 1634/2521/2107 2195/2522/2107 2385/2520/2107
f 2385/2520/2108 2195/2522/2108 1762/2523/2108 2049/2524/2108
f 2192/2504/2109 2385/2520/2109 2049/2524/2109 1761/2505/2109
f 1607/2509/2110 1831/2525/2110 2386/2526/2110 2193/2510/2110
f 1831/2525/2111 1608/2527/2111 2196/2528/2111 2386/2526/2111
f 2386/2526/2112 2196/2528/2112 1736/2529/2112 2023/2530/2112
f 2193/2510/2113 2386/2526/2113 2023/2530/2113 1735/2511/2113
f 1687/2531/2114 1910/2532/2114 2387/2533/2114 2197/2534/2114
f 1910/2532/2115 1686/2513/2115 2194/2516/2115 2387/2533/2115
f 2387/2533/2116 2194/2516/2116 1782/2518/2116 2070/2535/2116
f 2197/2534/2117 2387/2533/2117 2070/2535/2117 1783/2536/2117
f 1634/2521/2118 1858/2537/2118 2388/2538/2118 2195/2522/2118
f 1858/2537/2119 1603/2450/2119 2184/2453/2119 2388/2538/2119
f 2388/2538/2120 2184/2453/2120 1732/2458/2120 2050/2539/2120
f 2195/2522/2121 2388/2538/2121 2050/2539/2121 1762/2523/2121
f 1608/2527/2122 1832/2540/2122 2389/2541/2122 2196/2528/2122
f 1832/2540/2123 1609/2542/2123 2198/2543/2123 2389/2541/2123
f 2389/2541/2124 2198/2543/2124 1737/2544/2124 2024/2545/2124
f 2196/2528/2125 2389/2541/2125 2024/2545/2125 1736/2529/2125
f 1688/2546/2126 1911/2547/2126 2390/2548/2126 2199/2549/2126
f 1911/2547/2127 1687/2531/2127 2197/2534/2127 2390/2548/2127
f 2390/2548/2128 2197/2534/2128 1783/2536/2128 2071/2550/2128
f 2199/2549/2129 2390/2548/2129 2071/2550/2129 1784/2551/2129
f 1609/2542/2130 1833/2552/2130 2391/2553/2130 2198/2543/2130
f 1833/2552/2131 1610/2554/2131 2200/2555/2131 2391/2553/2131
f 2391/2553/2132 2200/2555/2132 1738/2556/2132 2025/2557/2132
f 2198/2543/2133 2391/2553/2133 2025/2557/2133 1737/2544/2133
f 1689/2558/2134 1912/2559/2134 2392/2560/2134 2201/2561/2134
f 1912/2559/2135 1688/2546/2135 2199/2549/2135 2392/2560/2135
f 2392/2560/2136 2199/2549/2136 1784/2551/2136 2072/2562/2136
f 2201/2561/2137 2392/2560/2137 2072/2562/2137 1785/2563/2137
f 1610/2554/2138 1834/2564/2138 2393/2565/2138 2200/2555/2138
f 1834/2564/2139 1611/2566/2139 2202/2567/2139 2393/2565/2139
f 2393/2565/2140 2202/2567/2140 1739/2568/2140 2026/2569/2140
f 2200/2555/2141 2393/2565/2141 2026/2569/2141 1738/2556/2141
f 1690/2570/2142 1913/2571/2142 2394/2572/2142 2203/2573/2142
f 1913/2571/2143 1689/2558/2143 2201/2561/2143 2394/2572/2143
f 2394/2572/2144 2201/2561/2144 1785/2563/2144 2073/2574/2144
f 2203/2573/2145 2394/2572/2145 2073/2574/2145 1786/2575/2145
f 1611/2566/2146 1835/2576/2146 2395/2577/2146 2202/2567/2146
f 1835/2576/2147 1612/2578/2147 2204/2579/2147 2395/2577/2147
f 2395/2577/2148 2204/2579/2148 1740/2580/2148 2027/2581/2148
f 2202/2567/2149 2395/2577/2149 2027/2581/2149 1739/2568/2149
f 1691/2582/2150 1914/2583/2150 2396/2584/2150 2205/2585/2150
f 1914/2583/2151 1690/2570/2151 2203/2573/2151 2396/2584/2151
f 2396/2584/2152 2203/2573/2152 1786/2575/2152 2074/2586/2152
f 2205/2585/2153 2396/2584/2153 2074/2586/2153 1787/2587/2153
f 1612/2578/2154 1836/2588/2154 2397/2589/2154 2204/2579/2154
f 1836/2588/2155 1613/2590/2155 2206/2591/2155 2397/2589/2155
f 2397/2589/2156 2206/2591/2156 1741/2592/2156 2028/2593/2156
f 2204/2579/2157 2397/2589/2157 2028/2593/2157 1740/2580/2157
f 1692/2594/2158 1915/2595/2158 2398/2596/2158 2207/2597/2158
f 1915/2595/2159 1691/2582/2159 2205/2585/2159 2398/2596/2159
f 2398/2596/2160 2205/2585/2160 1787/2587/2160 2075/2598/2160
f 2207/2597/2161 2398/2596/2161 2075/2598/2161 1788/2599/2161
f 1613/2590/2162 1837/2600/2162 2399/2601/2162 2206/2591/2162
f 1837/2600/2163 1614/2602/2163 2208/2603/2163 2399/2601/2163
f 2399/2601/2164 2208/2603/2164 1742/2604/2164 2029/2605/2164
f 2206/2591/2165 2399/2601/2165 2029/2605/2165 1741/2592/2165
f 1693/2606/2166 1916/2607/2166 2400/2608/2166 2209/2609/2166
f 1916/2607/2167 1692/2594/2167 2207/2597/2167 2400/2608/2167
f 2400/2608/2168 2207/2597/2168 1788/2599/2168 2076/2610/2168
f 2209/2609/2169 2400/2608/2169 2076/2610/2169 1789/2611/2169
f 1614/2602/2170 1838/2612/2170 2401/2613/2170 2208/2603/2170
f 1838/2612/2171 1615/2614/2171 2210/2615/2171 2401/2613/2171
f 2401/2613/2172 2210/2615/2172 1743/2616/2172 2030/2617/2172
f 2208/2603/2173 2401/2613/2173 2030/2617/2173 1742/2604/2173
f 1694/2618/2174 1917/2619/2174 2402/2620/2174 2211/2621/2174
f 1917/2619/2175 1693/2606/2175 2209/2609/2175 2402/2620/2175
f 2402/2620/2176 2209/2609/2176 1789/2611/2176 2077/2622/2176
f 2211/2621/2177 2402/2620/2177 2077/2622/2177 1790/2623/2177
f 1668/2624/2178 1891/2625/2178 2403/2626/2178 2213/2627/2178
f 1891/2625/2179 1667/2628/2179 2212/2629/2179 2403/2626/2179
f 2403/2626/2180 2212/2629/2180 1764/2630/2180 2051/2631/2180
f 2213/2627/2181 2403/2626/2181 2051/2631/2181 1763/2632/2181
f 1615/2614/2182 1839/2633/2182 2404/2634/2182 2210/2615/2182
f 1839/2633/2183 1616/2635/2183 2214/2636/2183 2404/2634/2183
f 2404/2634/2184 2214/2636/2184 1744/2637/2184 2031/2638/2184
f 2210/2615/2185 2404/2634/2185 2031/2638/2185 1743/2616/2185
f 1695/2639/2186 1918/2640/2186 2405/2641/2186 2215/2642/2186
f 1918/2640/2187 1694/2618/2187 2211/2621/2187 2405/2641/2187
f 2405/2641/2188 2211/2621/2188 1790/2623/2188 2078/2643/2188
f 2215/2642/2189 2405/2641/2189 2078/2643/2189 1791/2644/2189
f 1669/2645/2190 1892/2646/2190 2406/2647/2190 2216/2648/2190
f 1892/2646/2191 1668/2624/2191 2213/2627/2191 2406/2647/2191
f 2406/2647/2192 2213/2627/2192 1763/2632/2192 2052/2649/2192
f 2216/2648/2193 2406/2647/2193 2052/2649/2193 1765/2650/2193
f 1616/2635/2194 1840/2651/2194 2407/2652/2194 2214/2636/2194
f 1840/2651/2195 1617/2653/2195 2217/2654/2195 2407/2652/2195
f 2407/2652/2196 2217/2654/2196 1745/2655/2196 2032/2656/2196
f 2214/2636/2197 2407/2652/2197 2032/2656/2197 1744/2637/2197
f 1696/2657/2198 1919/2658/2198 2408/2659/2198 2218/2660/2198
f 1919/2658/2199 1695/2639/2199 2215/2642/2199 2408/2659/2199
f 2408/2659/2200 2215/2642/2200 1791/2644/2200 2079/2661/2200
f 2218/2660/2201 2408/2659/2201 2079/2661/2201 1792/2662/2201
f 1670/2663/2202 1893/2664/2202 2409/2665/2202 2219/2666/2202
f 1893/2664/2203 1669/2645/2203 2216/2648/2203 2409/2665/2203
f 2409/2665/2204 2216/2648/2204 1765/2650/2204 2053/2667/2204
f 2219/2666/2205 2409/2665/2205 2053/2667/2205 1766/2668/2205
f 1617/2653/2206 1841/2669/2206 2410/2670/2206 2217/2654/2206
f 1841/2669/2207 1618/2671/2207 2220/2672/2207 2410/2670/2207
f 2410/2670/2208 2220/2672/2208 1746/2673/2208 2033/2674/2208
f 2217/2654/2209 2410/2670/2209 2033/2674/2209 1745/2655/2209
f 1697/2675/2210 1920/2676/2210 2411/2677/2210 2221/2678/2210
f 1920/2676/2211 1696/2657/2211 2218/2660/2211 2411/2677/2211
f 2411/2677/2212 2218/2660/2212 1792/2662/2212 2080/2679/2212
f 2221/2678/2213 2411/2677/2213 2080/2679/2213 1793/2680/2213
f 1671/2681/2214 1894/2682/2214 2412/2683/2214 2222/2684/2214
f 1894/2682/2215 1670/2663/2215 2219/2666/2215 2412/2683/2215
f 2412/2683/2216 2219/2666/2216 1766/2668/2216 2054/2685/2216
f 2222/2684/2217 2412/2683/2217 2054/2685/2217 1767/2686/2217
f 1618/2671/2218 1842/2687/2218 2413/2688/2218 2220/2672/2218
f 1842/2687/2219 1619/2689/2219 2223/2690/2219 2413/2688/2219
f 2413/2688/2220 2223/2690/2220 1747/2691/2220 2034/2692/2220
f 2220/2672/2221 2413/2688/2221 2034/2692/2221 1746/2673/2221
f 1698/2693/2222 1921/2694/2222 2414/2695/2222 2224/2696/2222
f 1921/2694/2223 1697/2675/2223 2221/2678/2223 2414/2695/2223
f 2414/2695/2224 2221/2678/2224 1793/2680/2224 2081/2697/2224
f 2224/2696/2225 2414/2695/2225 2081/2697/2225 1794/2698/2225
f 1672/2699/2226 1895/2700/2226 2415/2701/2226 2225/2702/2226
f 1895/2700/2227 1671/2681/2227 2222/2684/2227 2415/2701/2227
f 2415/2701/2228 2222/2684/2228 1767/2686/2228 2055/2703/2228
f 2225/2702/2229 2415/2701/2229 2055/2703/2229 1768/2704/2229
f 1619/2689/2230 1843/2705/2230 2416/2706/2230 2223/2690/2230
f 1843/2705/2231 1620/2707/2231 2226/2708/2231 2416/2706/2231
f 2416/2706/2232 2226/2708/2232 1748/2709/2232 2035/2710/2232
f 2223/2690/2233 2416/2706/2233 2035/2710/2233 1747/2691/2233
f 1667/2628/2234 1922/2711/2234 2417/2712/2234 2212/2629/2234
f 1922/2711/2235 1698/2693/2235 2224/2696/2235 2417/2712/2235
f 2417/2712/2236 2224/2696/2236 1794/2698/2236 2082/2713/2236
f 2212/2629/2237 2417/2712/2237 2082/2713/2237 1764/2630/2237
f 1673/2714/2238 1896/2715/2238 2418/2716/2238 2227/2717/2238
f 1896/2715/2239 1672/2699/2239 2225/2702/2239 2418/2716/2239
f 2418/2716/2240 2225/2702/2240 1768/2704/2240 2056/2718/2240
f 2227/2717/2241 2418/2716/2241 2056/2718/2241 1769/2719/2241
f 1620/2707/2242 1844/2720/2242 2419/2721/2242 2226/2708/2242
f 1844/2720/2243 1621/2722/2243 2228/2723/2243 2419/2721/2243
f 2419/2721/2244 2228/2723/2244 1749/2724/2244 2036/2725/2244
f 2226/2708/2245 2419/2721/2245 2036/2725/2245 1748/2709/2245
f 1674/2726/2246 1897/2727/2246 2420/2728/2246 2229/2729/2246
f 1897/2727/2247 1673/2714/2247 2227/2717/2247 2420/2728/2247
f 2420/2728/2248 2227/2717/2248 1769/2719/2248 2057/2730/2248
f 2229/2729/2249 2420/2728/2249 2057/2730/2249 1770/2731/2249
f 1621/2722/2250 1845/2732/2250 2421/2733/2250 2228/2723/2250
f 1845/2732/2251 1622/2734/2251 2230/2735/2251 2421/2733/2251
f 2421/2733/2252 2230/2735/2252 1750/2736/2252 2037/2737/2252
f 2228/2723/2253 2421/2733/2253 2037/2737/2253 1749/2724/2253
f 1675/2738/2254 1898/2739/2254 2422/2740/2254 2231/2741/2254
f 1898/2739/2255 1674/2726/2255 2229/2729/2255 2422/2740/2255
f 2422/2740/2256 2229/2729/2256 1770/2731/2256 2058/2742/2256
f 2231/2741/2257 2422/2740/2257 2058/2742/2257 1771/2743/2257
f 1622/2734/2258 1846/2744/2258 2423/2745/2258 2230/2735/2258
f 1846/2744/2259 1623/2746/2259 2232/2747/2259 2423/2745/2259
f 2423/2745/2260 2232/2747/2260 1751/2748/2260 2038/2749/2260
f 2230/2735/2261 2423/2745/2261 2038/2749/2261 1750/2736/2261
f 1676/2750/2262 1899/2751/2262 2424/2752/2262 2233/2753/2262
f 1899/2751/2263 1675/2738/2263 2231/2741/2263 2424/2752/2263
f 2424/2752/2264 2231/2741/2264 1771/2743/2264 2059/2754/2264
f 2233/2753/2265 2424/2752/2265 2059/2754/2265 1772/2755/2265
f 1623/2746/2266 1847/2756/2266 2425/2757/2266 2232/2747/2266
f 1847/2756/2267 1624/2758/2267 2234/2759/2267 2425/2757/2267
f 2425/2757/2268 2234/2759/2268 1752/2760/2268 2039/2761/2268
f 2232/2747/2269 2425/2757/2269 2039/2761/2269 1751/2748/2269
f 1677/2762/2270 1900/2763/2270 2426/2764/2270 2235/2765/2270
f 1900/2763/2271 1676/2750/2271 2233/2753/2271 2426/2764/2271
f 2426/2764/2272 2233/2753/2272 1772/2755/2272 2060/2766/2272
f 2235/2765/2273 2426/2764/2273 2060/2766/2273 1773/2767/2273
f 1624/2758/2274 1848/2768/2274 2427/2769/2274 2234/2759/2274
f 1848/2768/2275 1625/2770/2275 2236/2771/2275 2427/2769/2275
f 2427/2769/2276 2236/2771/2276 1753/2772/2276 2040/2773/2276
f 2234/2759/2277 2427/2769/2277 2040/2773/2277 1752/2760/2277
f 1678/2774/2278 1901/2775/2278 2428/2776/2278 2237/2777/2278
f 1901/2775/2279 1677/2762/2279 2235/2765/2279 2428/2776/2279
f 2428/2776/2280 2235/2765/2280 1773/2767/2280 2061/2778/2280
f 2237/2777/2281 2428/2776/2281 2061/2778/2281 1774/2779/2281
f 1625/2770/2282 1849/2780/2282 2429/2781/2282 2236/2771/2282
f 1849/2780/2283 1626/2782/2283 2238/2783/2283 2429/2781/2283
f 2429/2781/2284 2238/2783/2284 1754/2784/2284 2041/2785/2284
f 2236/2771/2285 2429/2781/2285 2041/2785/2285 1753/2772/2285
f 1679/2786/2286 1902/2787/2286 2430/2788/2286 2239/2789/2286
f 1902/2787/2287 1678/2774/2287 2237/2777/2287 2430/2788/2287
f 2430/2788/2288 2237/2777/2288 1774/2779/2288 2062/2790/2288
f 2239/2789/2289 2430/2788/2289 2062/2790/2289 1775/2791/2289
f 1626/2782/2290 1850/2792/2290 2431/2793/2290 2238/2783/2290
f 1850/2792/2291 1627/2794/2291 2240/2795/2291 2431/2793/2291
f 2431/2793/2292 2240/2795/2292 1755/2796/2292 2042/2797/2292
f 2238/2783/2293 2431/2793/2293 2042/2797/2293 1754/2784/2293
f 1680/2798/2294 1903/2799/2294 2432/2800/2294 2241/2801/2294
f 1903/2799/2295 1679/2786/2295 2239/2789/2295 2432/2800/2295
f 2432/2800/2296 2239/2789/2296 1775/2791/2296 2063/2802/2296
f 2241/2801/2297 2432/2800/2297 2063/2802/2297 1776/2803/2297
f 1627/2794/2298 1851/2804/2298 2433/2805/2298 2240/2795/2298
f 1851/2804/2299 1628/2806/2299 2242/2807/2299 2433/2805/2299
f 2433/2805/2300 2242/2807/2300 1756/2808/2300 2043/2809/2300
f 2240/2795/2301 2433/2805/2301 2043/2809/2301 1755/2796/2301
f 1681/2436/2302 1904/2810/2302 2434/2811/2302 2179/2437/2302
f 1904/2810/2303 1680/2798/2303 2241/2801/2303 2434/2811/2303
f 2434/2811/2304 2241/2801/2304 1776/2803/2304 2064/2812/2304
f 2179/2437/2305 2434/2811/2305 2064/2812/2305 1777/2438/2305
f 1628/2806/2306 1852/2813/2306 2435/2814/2306 2242/2807/2306
f 1852/2813/2307 1629/2441/2307 2182/2444/2307 2435/2814/2307
f 2435/2814/2308 2182/2444/2308 1757/2449/2308 2044/2815/2308
f 2242/2807/2309 2435/2814/2309 2044/2815/2309 1756/2808/2309
